2026-05-24 21:18:07 | ERROR | ppe.app | Thread-13 | Unhandled error: 404 Not Found: The requested URL was not found on the server. If you entered the URL manually please check your spelling and try again.
Traceback (most recent call last):
  File "/Users/macbook/Downloads/PPE-DETECTION-SYSTEM/.venv/lib/python3.9/site-packages/flask/app.py", line 917, in full_dispatch_request
    rv = self.dispatch_request()
  File "/Users/macbook/Downloads/PPE-DETECTION-SYSTEM/.venv/lib/python3.9/site-packages/flask/app.py", line 891, in dispatch_request
    self.raise_routing_exception(req)
  File "/Users/macbook/Downloads/PPE-DETECTION-SYSTEM/.venv/lib/python3.9/site-packages/flask/app.py", line 500, in raise_routing_exception
    raise request.routing_exception  # type: ignore[misc]
  File "/Users/macbook/Downloads/PPE-DETECTION-SYSTEM/.venv/lib/python3.9/site-packages/flask/ctx.py", line 362, in match_request
    result = self.url_adapter.match(return_rule=True)  # type: ignore
  File "/Users/macbook/Downloads/PPE-DETECTION-SYSTEM/.venv/lib/python3.9/site-packages/werkzeug/routing/map.py", line 629, in match
    raise NotFound() from None
werkzeug.exceptions.NotFound: 404 Not Found: The requested URL was not found on the server. If you entered the URL manually please check your spelling and try again.
2026-05-24 21:18:16 | ERROR | ppe.app | Thread-25 | Unhandled error: 404 Not Found: The requested URL was not found on the server. If you entered the URL manually please check your spelling and try again.
Traceback (most recent call last):
  File "/Users/macbook/Downloads/PPE-DETECTION-SYSTEM/.venv/lib/python3.9/site-packages/flask/app.py", line 917, in full_dispatch_request
    rv = self.dispatch_request()
  File "/Users/macbook/Downloads/PPE-DETECTION-SYSTEM/.venv/lib/python3.9/site-packages/flask/app.py", line 891, in dispatch_request
    self.raise_routing_exception(req)
  File "/Users/macbook/Downloads/PPE-DETECTION-SYSTEM/.venv/lib/python3.9/site-packages/flask/app.py", line 500, in raise_routing_exception
    raise request.routing_exception  # type: ignore[misc]
  File "/Users/macbook/Downloads/PPE-DETECTION-SYSTEM/.venv/lib/python3.9/site-packages/flask/ctx.py", line 362, in match_request
    result = self.url_adapter.match(return_rule=True)  # type: ignore
  File "/Users/macbook/Downloads/PPE-DETECTION-SYSTEM/.venv/lib/python3.9/site-packages/werkzeug/routing/map.py", line 629, in match
    raise NotFound() from None
werkzeug.exceptions.NotFound: 404 Not Found: The requested URL was not found on the server. If you entered the URL manually please check your spelling and try again.
2026-05-24 21:18:18 | ERROR | ppe.app | Thread-38 | Unhandled error: 404 Not Found: The requested URL was not found on the server. If you entered the URL manually please check your spelling and try again.
Traceback (most recent call last):
  File "/Users/macbook/Downloads/PPE-DETECTION-SYSTEM/.venv/lib/python3.9/site-packages/flask/app.py", line 917, in full_dispatch_request
    rv = self.dispatch_request()
  File "/Users/macbook/Downloads/PPE-DETECTION-SYSTEM/.venv/lib/python3.9/site-packages/flask/app.py", line 891, in dispatch_request
    self.raise_routing_exception(req)
  File "/Users/macbook/Downloads/PPE-DETECTION-SYSTEM/.venv/lib/python3.9/site-packages/flask/app.py", line 500, in raise_routing_exception
    raise request.routing_exception  # type: ignore[misc]
  File "/Users/macbook/Downloads/PPE-DETECTION-SYSTEM/.venv/lib/python3.9/site-packages/flask/ctx.py", line 362, in match_request
    result = self.url_adapter.match(return_rule=True)  # type: ignore
  File "/Users/macbook/Downloads/PPE-DETECTION-SYSTEM/.venv/lib/python3.9/site-packages/werkzeug/routing/map.py", line 629, in match
    raise NotFound() from None
werkzeug.exceptions.NotFound: 404 Not Found: The requested URL was not found on the server. If you entered the URL manually please check your spelling and try again.
2026-05-24 21:18:23 | ERROR | ppe.app | Thread-46 | Unhandled error: 404 Not Found: The requested URL was not found on the server. If you entered the URL manually please check your spelling and try again.
Traceback (most recent call last):
  File "/Users/macbook/Downloads/PPE-DETECTION-SYSTEM/.venv/lib/python3.9/site-packages/flask/app.py", line 917, in full_dispatch_request
    rv = self.dispatch_request()
  File "/Users/macbook/Downloads/PPE-DETECTION-SYSTEM/.venv/lib/python3.9/site-packages/flask/app.py", line 891, in dispatch_request
    self.raise_routing_exception(req)
  File "/Users/macbook/Downloads/PPE-DETECTION-SYSTEM/.venv/lib/python3.9/site-packages/flask/app.py", line 500, in raise_routing_exception
    raise request.routing_exception  # type: ignore[misc]
  File "/Users/macbook/Downloads/PPE-DETECTION-SYSTEM/.venv/lib/python3.9/site-packages/flask/ctx.py", line 362, in match_request
    result = self.url_adapter.match(return_rule=True)  # type: ignore
  File "/Users/macbook/Downloads/PPE-DETECTION-SYSTEM/.venv/lib/python3.9/site-packages/werkzeug/routing/map.py", line 629, in match
    raise NotFound() from None
werkzeug.exceptions.NotFound: 404 Not Found: The requested URL was not found on the server. If you entered the URL manually please check your spelling and try again.
2026-05-24 21:18:23 | ERROR | ppe.app | Thread-58 | Unhandled error: 404 Not Found: The requested URL was not found on the server. If you entered the URL manually please check your spelling and try again.
Traceback (most recent call last):
  File "/Users/macbook/Downloads/PPE-DETECTION-SYSTEM/.venv/lib/python3.9/site-packages/flask/app.py", line 917, in full_dispatch_request
    rv = self.dispatch_request()
  File "/Users/macbook/Downloads/PPE-DETECTION-SYSTEM/.venv/lib/python3.9/site-packages/flask/app.py", line 891, in dispatch_request
    self.raise_routing_exception(req)
  File "/Users/macbook/Downloads/PPE-DETECTION-SYSTEM/.venv/lib/python3.9/site-packages/flask/app.py", line 500, in raise_routing_exception
    raise request.routing_exception  # type: ignore[misc]
  File "/Users/macbook/Downloads/PPE-DETECTION-SYSTEM/.venv/lib/python3.9/site-packages/flask/ctx.py", line 362, in match_request
    result = self.url_adapter.match(return_rule=True)  # type: ignore
  File "/Users/macbook/Downloads/PPE-DETECTION-SYSTEM/.venv/lib/python3.9/site-packages/werkzeug/routing/map.py", line 629, in match
    raise NotFound() from None
werkzeug.exceptions.NotFound: 404 Not Found: The requested URL was not found on the server. If you entered the URL manually please check your spelling and try again.
2026-05-24 21:18:24 | ERROR | ppe.app | Thread-74 | Unhandled error: 404 Not Found: The requested URL was not found on the server. If you entered the URL manually please check your spelling and try again.
Traceback (most recent call last):
  File "/Users/macbook/Downloads/PPE-DETECTION-SYSTEM/.venv/lib/python3.9/site-packages/flask/app.py", line 917, in full_dispatch_request
    rv = self.dispatch_request()
  File "/Users/macbook/Downloads/PPE-DETECTION-SYSTEM/.venv/lib/python3.9/site-packages/flask/app.py", line 891, in dispatch_request
    self.raise_routing_exception(req)
  File "/Users/macbook/Downloads/PPE-DETECTION-SYSTEM/.venv/lib/python3.9/site-packages/flask/app.py", line 500, in raise_routing_exception
    raise request.routing_exception  # type: ignore[misc]
  File "/Users/macbook/Downloads/PPE-DETECTION-SYSTEM/.venv/lib/python3.9/site-packages/flask/ctx.py", line 362, in match_request
    result = self.url_adapter.match(return_rule=True)  # type: ignore
  File "/Users/macbook/Downloads/PPE-DETECTION-SYSTEM/.venv/lib/python3.9/site-packages/werkzeug/routing/map.py", line 629, in match
    raise NotFound() from None
werkzeug.exceptions.NotFound: 404 Not Found: The requested URL was not found on the server. If you entered the URL manually please check your spelling and try again.
2026-05-24 21:18:25 | ERROR | ppe.app | Thread-86 | Unhandled error: 404 Not Found: The requested URL was not found on the server. If you entered the URL manually please check your spelling and try again.
Traceback (most recent call last):
  File "/Users/macbook/Downloads/PPE-DETECTION-SYSTEM/.venv/lib/python3.9/site-packages/flask/app.py", line 917, in full_dispatch_request
    rv = self.dispatch_request()
  File "/Users/macbook/Downloads/PPE-DETECTION-SYSTEM/.venv/lib/python3.9/site-packages/flask/app.py", line 891, in dispatch_request
    self.raise_routing_exception(req)
  File "/Users/macbook/Downloads/PPE-DETECTION-SYSTEM/.venv/lib/python3.9/site-packages/flask/app.py", line 500, in raise_routing_exception
    raise request.routing_exception  # type: ignore[misc]
  File "/Users/macbook/Downloads/PPE-DETECTION-SYSTEM/.venv/lib/python3.9/site-packages/flask/ctx.py", line 362, in match_request
    result = self.url_adapter.match(return_rule=True)  # type: ignore
  File "/Users/macbook/Downloads/PPE-DETECTION-SYSTEM/.venv/lib/python3.9/site-packages/werkzeug/routing/map.py", line 629, in match
    raise NotFound() from None
werkzeug.exceptions.NotFound: 404 Not Found: The requested URL was not found on the server. If you entered the URL manually please check your spelling and try again.
2026-05-24 21:18:26 | ERROR | ppe.app | Thread-98 | Unhandled error: 404 Not Found: The requested URL was not found on the server. If you entered the URL manually please check your spelling and try again.
Traceback (most recent call last):
  File "/Users/macbook/Downloads/PPE-DETECTION-SYSTEM/.venv/lib/python3.9/site-packages/flask/app.py", line 917, in full_dispatch_request
    rv = self.dispatch_request()
  File "/Users/macbook/Downloads/PPE-DETECTION-SYSTEM/.venv/lib/python3.9/site-packages/flask/app.py", line 891, in dispatch_request
    self.raise_routing_exception(req)
  File "/Users/macbook/Downloads/PPE-DETECTION-SYSTEM/.venv/lib/python3.9/site-packages/flask/app.py", line 500, in raise_routing_exception
    raise request.routing_exception  # type: ignore[misc]
  File "/Users/macbook/Downloads/PPE-DETECTION-SYSTEM/.venv/lib/python3.9/site-packages/flask/ctx.py", line 362, in match_request
    result = self.url_adapter.match(return_rule=True)  # type: ignore
  File "/Users/macbook/Downloads/PPE-DETECTION-SYSTEM/.venv/lib/python3.9/site-packages/werkzeug/routing/map.py", line 629, in match
    raise NotFound() from None
werkzeug.exceptions.NotFound: 404 Not Found: The requested URL was not found on the server. If you entered the URL manually please check your spelling and try again.
2026-05-24 21:18:35 | ERROR | ppe.app | Thread-106 | Unhandled error: 404 Not Found: The requested URL was not found on the server. If you entered the URL manually please check your spelling and try again.
Traceback (most recent call last):
  File "/Users/macbook/Downloads/PPE-DETECTION-SYSTEM/.venv/lib/python3.9/site-packages/flask/app.py", line 917, in full_dispatch_request
    rv = self.dispatch_request()
  File "/Users/macbook/Downloads/PPE-DETECTION-SYSTEM/.venv/lib/python3.9/site-packages/flask/app.py", line 891, in dispatch_request
    self.raise_routing_exception(req)
  File "/Users/macbook/Downloads/PPE-DETECTION-SYSTEM/.venv/lib/python3.9/site-packages/flask/app.py", line 500, in raise_routing_exception
    raise request.routing_exception  # type: ignore[misc]
  File "/Users/macbook/Downloads/PPE-DETECTION-SYSTEM/.venv/lib/python3.9/site-packages/flask/ctx.py", line 362, in match_request
    result = self.url_adapter.match(return_rule=True)  # type: ignore
  File "/Users/macbook/Downloads/PPE-DETECTION-SYSTEM/.venv/lib/python3.9/site-packages/werkzeug/routing/map.py", line 629, in match
    raise NotFound() from None
werkzeug.exceptions.NotFound: 404 Not Found: The requested URL was not found on the server. If you entered the URL manually please check your spelling and try again.
2026-05-24 21:18:36 | ERROR | ppe.app | Thread-122 | Unhandled error: 404 Not Found: The requested URL was not found on the server. If you entered the URL manually please check your spelling and try again.
Traceback (most recent call last):
  File "/Users/macbook/Downloads/PPE-DETECTION-SYSTEM/.venv/lib/python3.9/site-packages/flask/app.py", line 917, in full_dispatch_request
    rv = self.dispatch_request()
  File "/Users/macbook/Downloads/PPE-DETECTION-SYSTEM/.venv/lib/python3.9/site-packages/flask/app.py", line 891, in dispatch_request
    self.raise_routing_exception(req)
  File "/Users/macbook/Downloads/PPE-DETECTION-SYSTEM/.venv/lib/python3.9/site-packages/flask/app.py", line 500, in raise_routing_exception
    raise request.routing_exception  # type: ignore[misc]
  File "/Users/macbook/Downloads/PPE-DETECTION-SYSTEM/.venv/lib/python3.9/site-packages/flask/ctx.py", line 362, in match_request
    result = self.url_adapter.match(return_rule=True)  # type: ignore
  File "/Users/macbook/Downloads/PPE-DETECTION-SYSTEM/.venv/lib/python3.9/site-packages/werkzeug/routing/map.py", line 629, in match
    raise NotFound() from None
werkzeug.exceptions.NotFound: 404 Not Found: The requested URL was not found on the server. If you entered the URL manually please check your spelling and try again.
2026-05-24 21:19:01 | ERROR | ppe.app | Thread-135 | Unhandled error: 404 Not Found: The requested URL was not found on the server. If you entered the URL manually please check your spelling and try again.
Traceback (most recent call last):
  File "/Users/macbook/Downloads/PPE-DETECTION-SYSTEM/.venv/lib/python3.9/site-packages/flask/app.py", line 917, in full_dispatch_request
    rv = self.dispatch_request()
  File "/Users/macbook/Downloads/PPE-DETECTION-SYSTEM/.venv/lib/python3.9/site-packages/flask/app.py", line 891, in dispatch_request
    self.raise_routing_exception(req)
  File "/Users/macbook/Downloads/PPE-DETECTION-SYSTEM/.venv/lib/python3.9/site-packages/flask/app.py", line 500, in raise_routing_exception
    raise request.routing_exception  # type: ignore[misc]
  File "/Users/macbook/Downloads/PPE-DETECTION-SYSTEM/.venv/lib/python3.9/site-packages/flask/ctx.py", line 362, in match_request
    result = self.url_adapter.match(return_rule=True)  # type: ignore
  File "/Users/macbook/Downloads/PPE-DETECTION-SYSTEM/.venv/lib/python3.9/site-packages/werkzeug/routing/map.py", line 629, in match
    raise NotFound() from None
werkzeug.exceptions.NotFound: 404 Not Found: The requested URL was not found on the server. If you entered the URL manually please check your spelling and try again.
2026-05-24 21:19:08 | ERROR | ppe.app | Thread-152 | Unhandled error: 404 Not Found: The requested URL was not found on the server. If you entered the URL manually please check your spelling and try again.
Traceback (most recent call last):
  File "/Users/macbook/Downloads/PPE-DETECTION-SYSTEM/.venv/lib/python3.9/site-packages/flask/app.py", line 917, in full_dispatch_request
    rv = self.dispatch_request()
  File "/Users/macbook/Downloads/PPE-DETECTION-SYSTEM/.venv/lib/python3.9/site-packages/flask/app.py", line 891, in dispatch_request
    self.raise_routing_exception(req)
  File "/Users/macbook/Downloads/PPE-DETECTION-SYSTEM/.venv/lib/python3.9/site-packages/flask/app.py", line 500, in raise_routing_exception
    raise request.routing_exception  # type: ignore[misc]
  File "/Users/macbook/Downloads/PPE-DETECTION-SYSTEM/.venv/lib/python3.9/site-packages/flask/ctx.py", line 362, in match_request
    result = self.url_adapter.match(return_rule=True)  # type: ignore
  File "/Users/macbook/Downloads/PPE-DETECTION-SYSTEM/.venv/lib/python3.9/site-packages/werkzeug/routing/map.py", line 629, in match
    raise NotFound() from None
werkzeug.exceptions.NotFound: 404 Not Found: The requested URL was not found on the server. If you entered the URL manually please check your spelling and try again.
2026-05-24 21:19:59 | ERROR | ppe.app | Thread-170 | Unhandled error: 404 Not Found: The requested URL was not found on the server. If you entered the URL manually please check your spelling and try again.
Traceback (most recent call last):
  File "/Users/macbook/Downloads/PPE-DETECTION-SYSTEM/.venv/lib/python3.9/site-packages/flask/app.py", line 917, in full_dispatch_request
    rv = self.dispatch_request()
  File "/Users/macbook/Downloads/PPE-DETECTION-SYSTEM/.venv/lib/python3.9/site-packages/flask/app.py", line 891, in dispatch_request
    self.raise_routing_exception(req)
  File "/Users/macbook/Downloads/PPE-DETECTION-SYSTEM/.venv/lib/python3.9/site-packages/flask/app.py", line 500, in raise_routing_exception
    raise request.routing_exception  # type: ignore[misc]
  File "/Users/macbook/Downloads/PPE-DETECTION-SYSTEM/.venv/lib/python3.9/site-packages/flask/ctx.py", line 362, in match_request
    result = self.url_adapter.match(return_rule=True)  # type: ignore
  File "/Users/macbook/Downloads/PPE-DETECTION-SYSTEM/.venv/lib/python3.9/site-packages/werkzeug/routing/map.py", line 629, in match
    raise NotFound() from None
werkzeug.exceptions.NotFound: 404 Not Found: The requested URL was not found on the server. If you entered the URL manually please check your spelling and try again.
2026-05-24 21:20:00 | ERROR | ppe.app | Thread-182 | Unhandled error: 404 Not Found: The requested URL was not found on the server. If you entered the URL manually please check your spelling and try again.
Traceback (most recent call last):
  File "/Users/macbook/Downloads/PPE-DETECTION-SYSTEM/.venv/lib/python3.9/site-packages/flask/app.py", line 917, in full_dispatch_request
    rv = self.dispatch_request()
  File "/Users/macbook/Downloads/PPE-DETECTION-SYSTEM/.venv/lib/python3.9/site-packages/flask/app.py", line 891, in dispatch_request
    self.raise_routing_exception(req)
  File "/Users/macbook/Downloads/PPE-DETECTION-SYSTEM/.venv/lib/python3.9/site-packages/flask/app.py", line 500, in raise_routing_exception
    raise request.routing_exception  # type: ignore[misc]
  File "/Users/macbook/Downloads/PPE-DETECTION-SYSTEM/.venv/lib/python3.9/site-packages/flask/ctx.py", line 362, in match_request
    result = self.url_adapter.match(return_rule=True)  # type: ignore
  File "/Users/macbook/Downloads/PPE-DETECTION-SYSTEM/.venv/lib/python3.9/site-packages/werkzeug/routing/map.py", line 629, in match
    raise NotFound() from None
werkzeug.exceptions.NotFound: 404 Not Found: The requested URL was not found on the server. If you entered the URL manually please check your spelling and try again.
2026-05-24 21:20:01 | ERROR | ppe.app | Thread-190 | Unhandled error: 404 Not Found: The requested URL was not found on the server. If you entered the URL manually please check your spelling and try again.
Traceback (most recent call last):
  File "/Users/macbook/Downloads/PPE-DETECTION-SYSTEM/.venv/lib/python3.9/site-packages/flask/app.py", line 917, in full_dispatch_request
    rv = self.dispatch_request()
  File "/Users/macbook/Downloads/PPE-DETECTION-SYSTEM/.venv/lib/python3.9/site-packages/flask/app.py", line 891, in dispatch_request
    self.raise_routing_exception(req)
  File "/Users/macbook/Downloads/PPE-DETECTION-SYSTEM/.venv/lib/python3.9/site-packages/flask/app.py", line 500, in raise_routing_exception
    raise request.routing_exception  # type: ignore[misc]
  File "/Users/macbook/Downloads/PPE-DETECTION-SYSTEM/.venv/lib/python3.9/site-packages/flask/ctx.py", line 362, in match_request
    result = self.url_adapter.match(return_rule=True)  # type: ignore
  File "/Users/macbook/Downloads/PPE-DETECTION-SYSTEM/.venv/lib/python3.9/site-packages/werkzeug/routing/map.py", line 629, in match
    raise NotFound() from None
werkzeug.exceptions.NotFound: 404 Not Found: The requested URL was not found on the server. If you entered the URL manually please check your spelling and try again.
2026-05-24 21:20:02 | ERROR | ppe.app | Thread-205 | Unhandled error: 404 Not Found: The requested URL was not found on the server. If you entered the URL manually please check your spelling and try again.
Traceback (most recent call last):
  File "/Users/macbook/Downloads/PPE-DETECTION-SYSTEM/.venv/lib/python3.9/site-packages/flask/app.py", line 917, in full_dispatch_request
    rv = self.dispatch_request()
  File "/Users/macbook/Downloads/PPE-DETECTION-SYSTEM/.venv/lib/python3.9/site-packages/flask/app.py", line 891, in dispatch_request
    self.raise_routing_exception(req)
  File "/Users/macbook/Downloads/PPE-DETECTION-SYSTEM/.venv/lib/python3.9/site-packages/flask/app.py", line 500, in raise_routing_exception
    raise request.routing_exception  # type: ignore[misc]
  File "/Users/macbook/Downloads/PPE-DETECTION-SYSTEM/.venv/lib/python3.9/site-packages/flask/ctx.py", line 362, in match_request
    result = self.url_adapter.match(return_rule=True)  # type: ignore
  File "/Users/macbook/Downloads/PPE-DETECTION-SYSTEM/.venv/lib/python3.9/site-packages/werkzeug/routing/map.py", line 629, in match
    raise NotFound() from None
werkzeug.exceptions.NotFound: 404 Not Found: The requested URL was not found on the server. If you entered the URL manually please check your spelling and try again.
2026-05-24 21:20:04 | ERROR | ppe.app | Thread-217 | Unhandled error: 404 Not Found: The requested URL was not found on the server. If you entered the URL manually please check your spelling and try again.
Traceback (most recent call last):
  File "/Users/macbook/Downloads/PPE-DETECTION-SYSTEM/.venv/lib/python3.9/site-packages/flask/app.py", line 917, in full_dispatch_request
    rv = self.dispatch_request()
  File "/Users/macbook/Downloads/PPE-DETECTION-SYSTEM/.venv/lib/python3.9/site-packages/flask/app.py", line 891, in dispatch_request
    self.raise_routing_exception(req)
  File "/Users/macbook/Downloads/PPE-DETECTION-SYSTEM/.venv/lib/python3.9/site-packages/flask/app.py", line 500, in raise_routing_exception
    raise request.routing_exception  # type: ignore[misc]
  File "/Users/macbook/Downloads/PPE-DETECTION-SYSTEM/.venv/lib/python3.9/site-packages/flask/ctx.py", line 362, in match_request
    result = self.url_adapter.match(return_rule=True)  # type: ignore
  File "/Users/macbook/Downloads/PPE-DETECTION-SYSTEM/.venv/lib/python3.9/site-packages/werkzeug/routing/map.py", line 629, in match
    raise NotFound() from None
werkzeug.exceptions.NotFound: 404 Not Found: The requested URL was not found on the server. If you entered the URL manually please check your spelling and try again.
2026-05-24 21:20:05 | ERROR | ppe.app | Thread-230 | Unhandled error: 404 Not Found: The requested URL was not found on the server. If you entered the URL manually please check your spelling and try again.
Traceback (most recent call last):
  File "/Users/macbook/Downloads/PPE-DETECTION-SYSTEM/.venv/lib/python3.9/site-packages/flask/app.py", line 917, in full_dispatch_request
    rv = self.dispatch_request()
  File "/Users/macbook/Downloads/PPE-DETECTION-SYSTEM/.venv/lib/python3.9/site-packages/flask/app.py", line 891, in dispatch_request
    self.raise_routing_exception(req)
  File "/Users/macbook/Downloads/PPE-DETECTION-SYSTEM/.venv/lib/python3.9/site-packages/flask/app.py", line 500, in raise_routing_exception
    raise request.routing_exception  # type: ignore[misc]
  File "/Users/macbook/Downloads/PPE-DETECTION-SYSTEM/.venv/lib/python3.9/site-packages/flask/ctx.py", line 362, in match_request
    result = self.url_adapter.match(return_rule=True)  # type: ignore
  File "/Users/macbook/Downloads/PPE-DETECTION-SYSTEM/.venv/lib/python3.9/site-packages/werkzeug/routing/map.py", line 629, in match
    raise NotFound() from None
werkzeug.exceptions.NotFound: 404 Not Found: The requested URL was not found on the server. If you entered the URL manually please check your spelling and try again.
2026-05-24 21:20:07 | ERROR | ppe.app | Thread-234 | Unhandled error: 404 Not Found: The requested URL was not found on the server. If you entered the URL manually please check your spelling and try again.
Traceback (most recent call last):
  File "/Users/macbook/Downloads/PPE-DETECTION-SYSTEM/.venv/lib/python3.9/site-packages/flask/app.py", line 917, in full_dispatch_request
    rv = self.dispatch_request()
  File "/Users/macbook/Downloads/PPE-DETECTION-SYSTEM/.venv/lib/python3.9/site-packages/flask/app.py", line 891, in dispatch_request
    self.raise_routing_exception(req)
  File "/Users/macbook/Downloads/PPE-DETECTION-SYSTEM/.venv/lib/python3.9/site-packages/flask/app.py", line 500, in raise_routing_exception
    raise request.routing_exception  # type: ignore[misc]
  File "/Users/macbook/Downloads/PPE-DETECTION-SYSTEM/.venv/lib/python3.9/site-packages/flask/ctx.py", line 362, in match_request
    result = self.url_adapter.match(return_rule=True)  # type: ignore
  File "/Users/macbook/Downloads/PPE-DETECTION-SYSTEM/.venv/lib/python3.9/site-packages/werkzeug/routing/map.py", line 629, in match
    raise NotFound() from None
werkzeug.exceptions.NotFound: 404 Not Found: The requested URL was not found on the server. If you entered the URL manually please check your spelling and try again.
2026-05-24 21:20:15 | ERROR | ppe.app | Thread-236 | Unhandled error: 404 Not Found: The requested URL was not found on the server. If you entered the URL manually please check your spelling and try again.
Traceback (most recent call last):
  File "/Users/macbook/Downloads/PPE-DETECTION-SYSTEM/.venv/lib/python3.9/site-packages/flask/app.py", line 917, in full_dispatch_request
    rv = self.dispatch_request()
  File "/Users/macbook/Downloads/PPE-DETECTION-SYSTEM/.venv/lib/python3.9/site-packages/flask/app.py", line 891, in dispatch_request
    self.raise_routing_exception(req)
  File "/Users/macbook/Downloads/PPE-DETECTION-SYSTEM/.venv/lib/python3.9/site-packages/flask/app.py", line 500, in raise_routing_exception
    raise request.routing_exception  # type: ignore[misc]
  File "/Users/macbook/Downloads/PPE-DETECTION-SYSTEM/.venv/lib/python3.9/site-packages/flask/ctx.py", line 362, in match_request
    result = self.url_adapter.match(return_rule=True)  # type: ignore
  File "/Users/macbook/Downloads/PPE-DETECTION-SYSTEM/.venv/lib/python3.9/site-packages/werkzeug/routing/map.py", line 629, in match
    raise NotFound() from None
werkzeug.exceptions.NotFound: 404 Not Found: The requested URL was not found on the server. If you entered the URL manually please check your spelling and try again.
2026-05-24 21:20:33 | ERROR | ppe.app | Thread-247 | Unhandled error: 404 Not Found: The requested URL was not found on the server. If you entered the URL manually please check your spelling and try again.
Traceback (most recent call last):
  File "/Users/macbook/Downloads/PPE-DETECTION-SYSTEM/.venv/lib/python3.9/site-packages/flask/app.py", line 917, in full_dispatch_request
    rv = self.dispatch_request()
  File "/Users/macbook/Downloads/PPE-DETECTION-SYSTEM/.venv/lib/python3.9/site-packages/flask/app.py", line 891, in dispatch_request
    self.raise_routing_exception(req)
  File "/Users/macbook/Downloads/PPE-DETECTION-SYSTEM/.venv/lib/python3.9/site-packages/flask/app.py", line 500, in raise_routing_exception
    raise request.routing_exception  # type: ignore[misc]
  File "/Users/macbook/Downloads/PPE-DETECTION-SYSTEM/.venv/lib/python3.9/site-packages/flask/ctx.py", line 362, in match_request
    result = self.url_adapter.match(return_rule=True)  # type: ignore
  File "/Users/macbook/Downloads/PPE-DETECTION-SYSTEM/.venv/lib/python3.9/site-packages/werkzeug/routing/map.py", line 629, in match
    raise NotFound() from None
werkzeug.exceptions.NotFound: 404 Not Found: The requested URL was not found on the server. If you entered the URL manually please check your spelling and try again.
2026-05-24 21:23:26 | ERROR | ppe.app | Thread-23 | Unhandled error: 404 Not Found: The requested URL was not found on the server. If you entered the URL manually please check your spelling and try again.
Traceback (most recent call last):
  File "/Users/macbook/Downloads/PPE-DETECTION-SYSTEM/.venv/lib/python3.9/site-packages/flask/app.py", line 917, in full_dispatch_request
    rv = self.dispatch_request()
  File "/Users/macbook/Downloads/PPE-DETECTION-SYSTEM/.venv/lib/python3.9/site-packages/flask/app.py", line 891, in dispatch_request
    self.raise_routing_exception(req)
  File "/Users/macbook/Downloads/PPE-DETECTION-SYSTEM/.venv/lib/python3.9/site-packages/flask/app.py", line 500, in raise_routing_exception
    raise request.routing_exception  # type: ignore[misc]
  File "/Users/macbook/Downloads/PPE-DETECTION-SYSTEM/.venv/lib/python3.9/site-packages/flask/ctx.py", line 362, in match_request
    result = self.url_adapter.match(return_rule=True)  # type: ignore
  File "/Users/macbook/Downloads/PPE-DETECTION-SYSTEM/.venv/lib/python3.9/site-packages/werkzeug/routing/map.py", line 629, in match
    raise NotFound() from None
werkzeug.exceptions.NotFound: 404 Not Found: The requested URL was not found on the server. If you entered the URL manually please check your spelling and try again.
2026-05-24 21:23:35 | ERROR | ppe.app | Thread-36 | Unhandled error: 404 Not Found: The requested URL was not found on the server. If you entered the URL manually please check your spelling and try again.
Traceback (most recent call last):
  File "/Users/macbook/Downloads/PPE-DETECTION-SYSTEM/.venv/lib/python3.9/site-packages/flask/app.py", line 917, in full_dispatch_request
    rv = self.dispatch_request()
  File "/Users/macbook/Downloads/PPE-DETECTION-SYSTEM/.venv/lib/python3.9/site-packages/flask/app.py", line 891, in dispatch_request
    self.raise_routing_exception(req)
  File "/Users/macbook/Downloads/PPE-DETECTION-SYSTEM/.venv/lib/python3.9/site-packages/flask/app.py", line 500, in raise_routing_exception
    raise request.routing_exception  # type: ignore[misc]
  File "/Users/macbook/Downloads/PPE-DETECTION-SYSTEM/.venv/lib/python3.9/site-packages/flask/ctx.py", line 362, in match_request
    result = self.url_adapter.match(return_rule=True)  # type: ignore
  File "/Users/macbook/Downloads/PPE-DETECTION-SYSTEM/.venv/lib/python3.9/site-packages/werkzeug/routing/map.py", line 629, in match
    raise NotFound() from None
werkzeug.exceptions.NotFound: 404 Not Found: The requested URL was not found on the server. If you entered the URL manually please check your spelling and try again.
2026-05-24 21:24:15 | ERROR | ppe.app | Thread-50 | Unhandled error: 404 Not Found: The requested URL was not found on the server. If you entered the URL manually please check your spelling and try again.
Traceback (most recent call last):
  File "/Users/macbook/Downloads/PPE-DETECTION-SYSTEM/.venv/lib/python3.9/site-packages/flask/app.py", line 917, in full_dispatch_request
    rv = self.dispatch_request()
  File "/Users/macbook/Downloads/PPE-DETECTION-SYSTEM/.venv/lib/python3.9/site-packages/flask/app.py", line 891, in dispatch_request
    self.raise_routing_exception(req)
  File "/Users/macbook/Downloads/PPE-DETECTION-SYSTEM/.venv/lib/python3.9/site-packages/flask/app.py", line 500, in raise_routing_exception
    raise request.routing_exception  # type: ignore[misc]
  File "/Users/macbook/Downloads/PPE-DETECTION-SYSTEM/.venv/lib/python3.9/site-packages/flask/ctx.py", line 362, in match_request
    result = self.url_adapter.match(return_rule=True)  # type: ignore
  File "/Users/macbook/Downloads/PPE-DETECTION-SYSTEM/.venv/lib/python3.9/site-packages/werkzeug/routing/map.py", line 629, in match
    raise NotFound() from None
werkzeug.exceptions.NotFound: 404 Not Found: The requested URL was not found on the server. If you entered the URL manually please check your spelling and try again.
2026-05-24 21:24:23 | ERROR | ppe.app | Thread-62 | Unhandled error: 404 Not Found: The requested URL was not found on the server. If you entered the URL manually please check your spelling and try again.
Traceback (most recent call last):
  File "/Users/macbook/Downloads/PPE-DETECTION-SYSTEM/.venv/lib/python3.9/site-packages/flask/app.py", line 917, in full_dispatch_request
    rv = self.dispatch_request()
  File "/Users/macbook/Downloads/PPE-DETECTION-SYSTEM/.venv/lib/python3.9/site-packages/flask/app.py", line 891, in dispatch_request
    self.raise_routing_exception(req)
  File "/Users/macbook/Downloads/PPE-DETECTION-SYSTEM/.venv/lib/python3.9/site-packages/flask/app.py", line 500, in raise_routing_exception
    raise request.routing_exception  # type: ignore[misc]
  File "/Users/macbook/Downloads/PPE-DETECTION-SYSTEM/.venv/lib/python3.9/site-packages/flask/ctx.py", line 362, in match_request
    result = self.url_adapter.match(return_rule=True)  # type: ignore
  File "/Users/macbook/Downloads/PPE-DETECTION-SYSTEM/.venv/lib/python3.9/site-packages/werkzeug/routing/map.py", line 629, in match
    raise NotFound() from None
werkzeug.exceptions.NotFound: 404 Not Found: The requested URL was not found on the server. If you entered the URL manually please check your spelling and try again.
2026-05-24 21:24:31 | ERROR | ppe.app | Thread-74 | Unhandled error: 404 Not Found: The requested URL was not found on the server. If you entered the URL manually please check your spelling and try again.
Traceback (most recent call last):
  File "/Users/macbook/Downloads/PPE-DETECTION-SYSTEM/.venv/lib/python3.9/site-packages/flask/app.py", line 917, in full_dispatch_request
    rv = self.dispatch_request()
  File "/Users/macbook/Downloads/PPE-DETECTION-SYSTEM/.venv/lib/python3.9/site-packages/flask/app.py", line 891, in dispatch_request
    self.raise_routing_exception(req)
  File "/Users/macbook/Downloads/PPE-DETECTION-SYSTEM/.venv/lib/python3.9/site-packages/flask/app.py", line 500, in raise_routing_exception
    raise request.routing_exception  # type: ignore[misc]
  File "/Users/macbook/Downloads/PPE-DETECTION-SYSTEM/.venv/lib/python3.9/site-packages/flask/ctx.py", line 362, in match_request
    result = self.url_adapter.match(return_rule=True)  # type: ignore
  File "/Users/macbook/Downloads/PPE-DETECTION-SYSTEM/.venv/lib/python3.9/site-packages/werkzeug/routing/map.py", line 629, in match
    raise NotFound() from None
werkzeug.exceptions.NotFound: 404 Not Found: The requested URL was not found on the server. If you entered the URL manually please check your spelling and try again.
2026-05-24 21:24:35 | ERROR | ppe.app | Thread-86 | Unhandled error: 404 Not Found: The requested URL was not found on the server. If you entered the URL manually please check your spelling and try again.
Traceback (most recent call last):
  File "/Users/macbook/Downloads/PPE-DETECTION-SYSTEM/.venv/lib/python3.9/site-packages/flask/app.py", line 917, in full_dispatch_request
    rv = self.dispatch_request()
  File "/Users/macbook/Downloads/PPE-DETECTION-SYSTEM/.venv/lib/python3.9/site-packages/flask/app.py", line 891, in dispatch_request
    self.raise_routing_exception(req)
  File "/Users/macbook/Downloads/PPE-DETECTION-SYSTEM/.venv/lib/python3.9/site-packages/flask/app.py", line 500, in raise_routing_exception
    raise request.routing_exception  # type: ignore[misc]
  File "/Users/macbook/Downloads/PPE-DETECTION-SYSTEM/.venv/lib/python3.9/site-packages/flask/ctx.py", line 362, in match_request
    result = self.url_adapter.match(return_rule=True)  # type: ignore
  File "/Users/macbook/Downloads/PPE-DETECTION-SYSTEM/.venv/lib/python3.9/site-packages/werkzeug/routing/map.py", line 629, in match
    raise NotFound() from None
werkzeug.exceptions.NotFound: 404 Not Found: The requested URL was not found on the server. If you entered the URL manually please check your spelling and try again.
2026-05-24 21:24:46 | ERROR | ppe.app | Thread-95 | Unhandled error: 404 Not Found: The requested URL was not found on the server. If you entered the URL manually please check your spelling and try again.
Traceback (most recent call last):
  File "/Users/macbook/Downloads/PPE-DETECTION-SYSTEM/.venv/lib/python3.9/site-packages/flask/app.py", line 917, in full_dispatch_request
    rv = self.dispatch_request()
  File "/Users/macbook/Downloads/PPE-DETECTION-SYSTEM/.venv/lib/python3.9/site-packages/flask/app.py", line 891, in dispatch_request
    self.raise_routing_exception(req)
  File "/Users/macbook/Downloads/PPE-DETECTION-SYSTEM/.venv/lib/python3.9/site-packages/flask/app.py", line 500, in raise_routing_exception
    raise request.routing_exception  # type: ignore[misc]
  File "/Users/macbook/Downloads/PPE-DETECTION-SYSTEM/.venv/lib/python3.9/site-packages/flask/ctx.py", line 362, in match_request
    result = self.url_adapter.match(return_rule=True)  # type: ignore
  File "/Users/macbook/Downloads/PPE-DETECTION-SYSTEM/.venv/lib/python3.9/site-packages/werkzeug/routing/map.py", line 629, in match
    raise NotFound() from None
werkzeug.exceptions.NotFound: 404 Not Found: The requested URL was not found on the server. If you entered the URL manually please check your spelling and try again.
2026-05-24 21:25:33 | ERROR | ppe.app | Thread-111 | Unhandled error: 404 Not Found: The requested URL was not found on the server. If you entered the URL manually please check your spelling and try again.
Traceback (most recent call last):
  File "/Users/macbook/Downloads/PPE-DETECTION-SYSTEM/.venv/lib/python3.9/site-packages/flask/app.py", line 917, in full_dispatch_request
    rv = self.dispatch_request()
  File "/Users/macbook/Downloads/PPE-DETECTION-SYSTEM/.venv/lib/python3.9/site-packages/flask/app.py", line 891, in dispatch_request
    self.raise_routing_exception(req)
  File "/Users/macbook/Downloads/PPE-DETECTION-SYSTEM/.venv/lib/python3.9/site-packages/flask/app.py", line 500, in raise_routing_exception
    raise request.routing_exception  # type: ignore[misc]
  File "/Users/macbook/Downloads/PPE-DETECTION-SYSTEM/.venv/lib/python3.9/site-packages/flask/ctx.py", line 362, in match_request
    result = self.url_adapter.match(return_rule=True)  # type: ignore
  File "/Users/macbook/Downloads/PPE-DETECTION-SYSTEM/.venv/lib/python3.9/site-packages/werkzeug/routing/map.py", line 629, in match
    raise NotFound() from None
werkzeug.exceptions.NotFound: 404 Not Found: The requested URL was not found on the server. If you entered the URL manually please check your spelling and try again.
2026-05-24 21:29:56 | ERROR | ppe.app | Thread-18 | Unhandled error: 404 Not Found: The requested URL was not found on the server. If you entered the URL manually please check your spelling and try again.
Traceback (most recent call last):
  File "/Users/macbook/Downloads/PPE-DETECTION-SYSTEM/.venv/lib/python3.9/site-packages/flask/app.py", line 917, in full_dispatch_request
    rv = self.dispatch_request()
  File "/Users/macbook/Downloads/PPE-DETECTION-SYSTEM/.venv/lib/python3.9/site-packages/flask/app.py", line 891, in dispatch_request
    self.raise_routing_exception(req)
  File "/Users/macbook/Downloads/PPE-DETECTION-SYSTEM/.venv/lib/python3.9/site-packages/flask/app.py", line 500, in raise_routing_exception
    raise request.routing_exception  # type: ignore[misc]
  File "/Users/macbook/Downloads/PPE-DETECTION-SYSTEM/.venv/lib/python3.9/site-packages/flask/ctx.py", line 362, in match_request
    result = self.url_adapter.match(return_rule=True)  # type: ignore
  File "/Users/macbook/Downloads/PPE-DETECTION-SYSTEM/.venv/lib/python3.9/site-packages/werkzeug/routing/map.py", line 629, in match
    raise NotFound() from None
werkzeug.exceptions.NotFound: 404 Not Found: The requested URL was not found on the server. If you entered the URL manually please check your spelling and try again.
2026-05-24 21:30:00 | ERROR | ppe.app | Thread-25 | Unhandled error: 404 Not Found: The requested URL was not found on the server. If you entered the URL manually please check your spelling and try again.
Traceback (most recent call last):
  File "/Users/macbook/Downloads/PPE-DETECTION-SYSTEM/.venv/lib/python3.9/site-packages/flask/app.py", line 917, in full_dispatch_request
    rv = self.dispatch_request()
  File "/Users/macbook/Downloads/PPE-DETECTION-SYSTEM/.venv/lib/python3.9/site-packages/flask/app.py", line 891, in dispatch_request
    self.raise_routing_exception(req)
  File "/Users/macbook/Downloads/PPE-DETECTION-SYSTEM/.venv/lib/python3.9/site-packages/flask/app.py", line 500, in raise_routing_exception
    raise request.routing_exception  # type: ignore[misc]
  File "/Users/macbook/Downloads/PPE-DETECTION-SYSTEM/.venv/lib/python3.9/site-packages/flask/ctx.py", line 362, in match_request
    result = self.url_adapter.match(return_rule=True)  # type: ignore
  File "/Users/macbook/Downloads/PPE-DETECTION-SYSTEM/.venv/lib/python3.9/site-packages/werkzeug/routing/map.py", line 629, in match
    raise NotFound() from None
werkzeug.exceptions.NotFound: 404 Not Found: The requested URL was not found on the server. If you entered the URL manually please check your spelling and try again.
2026-05-24 21:30:02 | ERROR | ppe.app | Thread-33 | Unhandled error: 404 Not Found: The requested URL was not found on the server. If you entered the URL manually please check your spelling and try again.
Traceback (most recent call last):
  File "/Users/macbook/Downloads/PPE-DETECTION-SYSTEM/.venv/lib/python3.9/site-packages/flask/app.py", line 917, in full_dispatch_request
    rv = self.dispatch_request()
  File "/Users/macbook/Downloads/PPE-DETECTION-SYSTEM/.venv/lib/python3.9/site-packages/flask/app.py", line 891, in dispatch_request
    self.raise_routing_exception(req)
  File "/Users/macbook/Downloads/PPE-DETECTION-SYSTEM/.venv/lib/python3.9/site-packages/flask/app.py", line 500, in raise_routing_exception
    raise request.routing_exception  # type: ignore[misc]
  File "/Users/macbook/Downloads/PPE-DETECTION-SYSTEM/.venv/lib/python3.9/site-packages/flask/ctx.py", line 362, in match_request
    result = self.url_adapter.match(return_rule=True)  # type: ignore
  File "/Users/macbook/Downloads/PPE-DETECTION-SYSTEM/.venv/lib/python3.9/site-packages/werkzeug/routing/map.py", line 629, in match
    raise NotFound() from None
werkzeug.exceptions.NotFound: 404 Not Found: The requested URL was not found on the server. If you entered the URL manually please check your spelling and try again.
2026-05-24 21:30:23 | ERROR | ppe.app | Thread-39 | Unhandled error: 404 Not Found: The requested URL was not found on the server. If you entered the URL manually please check your spelling and try again.
Traceback (most recent call last):
  File "/Users/macbook/Downloads/PPE-DETECTION-SYSTEM/.venv/lib/python3.9/site-packages/flask/app.py", line 917, in full_dispatch_request
    rv = self.dispatch_request()
  File "/Users/macbook/Downloads/PPE-DETECTION-SYSTEM/.venv/lib/python3.9/site-packages/flask/app.py", line 891, in dispatch_request
    self.raise_routing_exception(req)
  File "/Users/macbook/Downloads/PPE-DETECTION-SYSTEM/.venv/lib/python3.9/site-packages/flask/app.py", line 500, in raise_routing_exception
    raise request.routing_exception  # type: ignore[misc]
  File "/Users/macbook/Downloads/PPE-DETECTION-SYSTEM/.venv/lib/python3.9/site-packages/flask/ctx.py", line 362, in match_request
    result = self.url_adapter.match(return_rule=True)  # type: ignore
  File "/Users/macbook/Downloads/PPE-DETECTION-SYSTEM/.venv/lib/python3.9/site-packages/werkzeug/routing/map.py", line 629, in match
    raise NotFound() from None
werkzeug.exceptions.NotFound: 404 Not Found: The requested URL was not found on the server. If you entered the URL manually please check your spelling and try again.
2026-05-24 21:30:32 | ERROR | ppe.app | Thread-58 | Unhandled error: 404 Not Found: The requested URL was not found on the server. If you entered the URL manually please check your spelling and try again.
Traceback (most recent call last):
  File "/Users/macbook/Downloads/PPE-DETECTION-SYSTEM/.venv/lib/python3.9/site-packages/flask/app.py", line 917, in full_dispatch_request
    rv = self.dispatch_request()
  File "/Users/macbook/Downloads/PPE-DETECTION-SYSTEM/.venv/lib/python3.9/site-packages/flask/app.py", line 891, in dispatch_request
    self.raise_routing_exception(req)
  File "/Users/macbook/Downloads/PPE-DETECTION-SYSTEM/.venv/lib/python3.9/site-packages/flask/app.py", line 500, in raise_routing_exception
    raise request.routing_exception  # type: ignore[misc]
  File "/Users/macbook/Downloads/PPE-DETECTION-SYSTEM/.venv/lib/python3.9/site-packages/flask/ctx.py", line 362, in match_request
    result = self.url_adapter.match(return_rule=True)  # type: ignore
  File "/Users/macbook/Downloads/PPE-DETECTION-SYSTEM/.venv/lib/python3.9/site-packages/werkzeug/routing/map.py", line 629, in match
    raise NotFound() from None
werkzeug.exceptions.NotFound: 404 Not Found: The requested URL was not found on the server. If you entered the URL manually please check your spelling and try again.
2026-05-24 21:48:43 | ERROR | ppe.app | Thread-18 | Unhandled error: 404 Not Found: The requested URL was not found on the server. If you entered the URL manually please check your spelling and try again.
Traceback (most recent call last):
  File "/Users/macbook/Downloads/PPE-DETECTION-SYSTEM/.venv/lib/python3.9/site-packages/flask/app.py", line 917, in full_dispatch_request
    rv = self.dispatch_request()
  File "/Users/macbook/Downloads/PPE-DETECTION-SYSTEM/.venv/lib/python3.9/site-packages/flask/app.py", line 891, in dispatch_request
    self.raise_routing_exception(req)
  File "/Users/macbook/Downloads/PPE-DETECTION-SYSTEM/.venv/lib/python3.9/site-packages/flask/app.py", line 500, in raise_routing_exception
    raise request.routing_exception  # type: ignore[misc]
  File "/Users/macbook/Downloads/PPE-DETECTION-SYSTEM/.venv/lib/python3.9/site-packages/flask/ctx.py", line 362, in match_request
    result = self.url_adapter.match(return_rule=True)  # type: ignore
  File "/Users/macbook/Downloads/PPE-DETECTION-SYSTEM/.venv/lib/python3.9/site-packages/werkzeug/routing/map.py", line 629, in match
    raise NotFound() from None
werkzeug.exceptions.NotFound: 404 Not Found: The requested URL was not found on the server. If you entered the URL manually please check your spelling and try again.
2026-05-24 21:48:48 | ERROR | ppe.app | Thread-25 | Unhandled error: 404 Not Found: The requested URL was not found on the server. If you entered the URL manually please check your spelling and try again.
Traceback (most recent call last):
  File "/Users/macbook/Downloads/PPE-DETECTION-SYSTEM/.venv/lib/python3.9/site-packages/flask/app.py", line 917, in full_dispatch_request
    rv = self.dispatch_request()
  File "/Users/macbook/Downloads/PPE-DETECTION-SYSTEM/.venv/lib/python3.9/site-packages/flask/app.py", line 891, in dispatch_request
    self.raise_routing_exception(req)
  File "/Users/macbook/Downloads/PPE-DETECTION-SYSTEM/.venv/lib/python3.9/site-packages/flask/app.py", line 500, in raise_routing_exception
    raise request.routing_exception  # type: ignore[misc]
  File "/Users/macbook/Downloads/PPE-DETECTION-SYSTEM/.venv/lib/python3.9/site-packages/flask/ctx.py", line 362, in match_request
    result = self.url_adapter.match(return_rule=True)  # type: ignore
  File "/Users/macbook/Downloads/PPE-DETECTION-SYSTEM/.venv/lib/python3.9/site-packages/werkzeug/routing/map.py", line 629, in match
    raise NotFound() from None
werkzeug.exceptions.NotFound: 404 Not Found: The requested URL was not found on the server. If you entered the URL manually please check your spelling and try again.
2026-05-24 21:48:56 | ERROR | ppe.app | Thread-33 | Unhandled error: 'builtin_function_or_method object' has no attribute 'items'
Traceback (most recent call last):
  File "/Users/macbook/Downloads/PPE-DETECTION-SYSTEM/.venv/lib/python3.9/site-packages/flask/app.py", line 917, in full_dispatch_request
    rv = self.dispatch_request()
  File "/Users/macbook/Downloads/PPE-DETECTION-SYSTEM/.venv/lib/python3.9/site-packages/flask/app.py", line 902, in dispatch_request
    return self.ensure_sync(self.view_functions[rule.endpoint])(**view_args)  # type: ignore[no-any-return]
  File "/Users/macbook/Downloads/PPE-DETECTION-SYSTEM/app.py", line 164, in image_page
    return render_template(
  File "/Users/macbook/Downloads/PPE-DETECTION-SYSTEM/.venv/lib/python3.9/site-packages/flask/templating.py", line 151, in render_template
    return _render(app, template, context)
  File "/Users/macbook/Downloads/PPE-DETECTION-SYSTEM/.venv/lib/python3.9/site-packages/flask/templating.py", line 132, in _render
    rv = template.render(context)
  File "/Users/macbook/Downloads/PPE-DETECTION-SYSTEM/.venv/lib/python3.9/site-packages/jinja2/environment.py", line 1295, in render
    self.environment.handle_exception()
  File "/Users/macbook/Downloads/PPE-DETECTION-SYSTEM/.venv/lib/python3.9/site-packages/jinja2/environment.py", line 942, in handle_exception
    raise rewrite_traceback_stack(source=source)
  File "/Users/macbook/Downloads/PPE-DETECTION-SYSTEM/templates/result.html", line 1, in top-level template code
    {% extends 'base.html' %}
  File "/Users/macbook/Downloads/PPE-DETECTION-SYSTEM/templates/base.html", line 59, in top-level template code
    {% block content %}{% endblock %}
  File "/Users/macbook/Downloads/PPE-DETECTION-SYSTEM/templates/result.html", line 269, in block 'content'
    {% for item, status in person.items.items() %}
  File "/Users/macbook/Downloads/PPE-DETECTION-SYSTEM/.venv/lib/python3.9/site-packages/jinja2/utils.py", line 92, in from_obj
    if hasattr(obj, "jinja_pass_arg"):
jinja2.exceptions.UndefinedError: 'builtin_function_or_method object' has no attribute 'items'
2026-05-24 21:48:56 | ERROR | ppe.app | Thread-43 | Unhandled error: 404 Not Found: The requested URL was not found on the server. If you entered the URL manually please check your spelling and try again.
Traceback (most recent call last):
  File "/Users/macbook/Downloads/PPE-DETECTION-SYSTEM/.venv/lib/python3.9/site-packages/flask/app.py", line 917, in full_dispatch_request
    rv = self.dispatch_request()
  File "/Users/macbook/Downloads/PPE-DETECTION-SYSTEM/.venv/lib/python3.9/site-packages/flask/app.py", line 891, in dispatch_request
    self.raise_routing_exception(req)
  File "/Users/macbook/Downloads/PPE-DETECTION-SYSTEM/.venv/lib/python3.9/site-packages/flask/app.py", line 500, in raise_routing_exception
    raise request.routing_exception  # type: ignore[misc]
  File "/Users/macbook/Downloads/PPE-DETECTION-SYSTEM/.venv/lib/python3.9/site-packages/flask/ctx.py", line 362, in match_request
    result = self.url_adapter.match(return_rule=True)  # type: ignore
  File "/Users/macbook/Downloads/PPE-DETECTION-SYSTEM/.venv/lib/python3.9/site-packages/werkzeug/routing/map.py", line 629, in match
    raise NotFound() from None
werkzeug.exceptions.NotFound: 404 Not Found: The requested URL was not found on the server. If you entered the URL manually please check your spelling and try again.
2026-05-24 21:49:26 | ERROR | ppe.app | Thread-53 | Unhandled error: 404 Not Found: The requested URL was not found on the server. If you entered the URL manually please check your spelling and try again.
Traceback (most recent call last):
  File "/Users/macbook/Downloads/PPE-DETECTION-SYSTEM/.venv/lib/python3.9/site-packages/flask/app.py", line 917, in full_dispatch_request
    rv = self.dispatch_request()
  File "/Users/macbook/Downloads/PPE-DETECTION-SYSTEM/.venv/lib/python3.9/site-packages/flask/app.py", line 891, in dispatch_request
    self.raise_routing_exception(req)
  File "/Users/macbook/Downloads/PPE-DETECTION-SYSTEM/.venv/lib/python3.9/site-packages/flask/app.py", line 500, in raise_routing_exception
    raise request.routing_exception  # type: ignore[misc]
  File "/Users/macbook/Downloads/PPE-DETECTION-SYSTEM/.venv/lib/python3.9/site-packages/flask/ctx.py", line 362, in match_request
    result = self.url_adapter.match(return_rule=True)  # type: ignore
  File "/Users/macbook/Downloads/PPE-DETECTION-SYSTEM/.venv/lib/python3.9/site-packages/werkzeug/routing/map.py", line 629, in match
    raise NotFound() from None
werkzeug.exceptions.NotFound: 404 Not Found: The requested URL was not found on the server. If you entered the URL manually please check your spelling and try again.
2026-05-24 21:49:33 | ERROR | ppe.app | Thread-56 | Unhandled error: 'builtin_function_or_method object' has no attribute 'items'
Traceback (most recent call last):
  File "/Users/macbook/Downloads/PPE-DETECTION-SYSTEM/.venv/lib/python3.9/site-packages/flask/app.py", line 917, in full_dispatch_request
    rv = self.dispatch_request()
  File "/Users/macbook/Downloads/PPE-DETECTION-SYSTEM/.venv/lib/python3.9/site-packages/flask/app.py", line 902, in dispatch_request
    return self.ensure_sync(self.view_functions[rule.endpoint])(**view_args)  # type: ignore[no-any-return]
  File "/Users/macbook/Downloads/PPE-DETECTION-SYSTEM/app.py", line 164, in image_page
    return render_template(
  File "/Users/macbook/Downloads/PPE-DETECTION-SYSTEM/.venv/lib/python3.9/site-packages/flask/templating.py", line 151, in render_template
    return _render(app, template, context)
  File "/Users/macbook/Downloads/PPE-DETECTION-SYSTEM/.venv/lib/python3.9/site-packages/flask/templating.py", line 132, in _render
    rv = template.render(context)
  File "/Users/macbook/Downloads/PPE-DETECTION-SYSTEM/.venv/lib/python3.9/site-packages/jinja2/environment.py", line 1295, in render
    self.environment.handle_exception()
  File "/Users/macbook/Downloads/PPE-DETECTION-SYSTEM/.venv/lib/python3.9/site-packages/jinja2/environment.py", line 942, in handle_exception
    raise rewrite_traceback_stack(source=source)
  File "/Users/macbook/Downloads/PPE-DETECTION-SYSTEM/templates/result.html", line 1, in top-level template code
    {% extends 'base.html' %}
  File "/Users/macbook/Downloads/PPE-DETECTION-SYSTEM/templates/base.html", line 59, in top-level template code
    {% block content %}{% endblock %}
  File "/Users/macbook/Downloads/PPE-DETECTION-SYSTEM/templates/result.html", line 269, in block 'content'
    {% for item, status in person.items.items() %}
  File "/Users/macbook/Downloads/PPE-DETECTION-SYSTEM/.venv/lib/python3.9/site-packages/jinja2/utils.py", line 92, in from_obj
    if hasattr(obj, "jinja_pass_arg"):
jinja2.exceptions.UndefinedError: 'builtin_function_or_method object' has no attribute 'items'
2026-05-24 21:49:33 | ERROR | ppe.app | Thread-66 | Unhandled error: 404 Not Found: The requested URL was not found on the server. If you entered the URL manually please check your spelling and try again.
Traceback (most recent call last):
  File "/Users/macbook/Downloads/PPE-DETECTION-SYSTEM/.venv/lib/python3.9/site-packages/flask/app.py", line 917, in full_dispatch_request
    rv = self.dispatch_request()
  File "/Users/macbook/Downloads/PPE-DETECTION-SYSTEM/.venv/lib/python3.9/site-packages/flask/app.py", line 891, in dispatch_request
    self.raise_routing_exception(req)
  File "/Users/macbook/Downloads/PPE-DETECTION-SYSTEM/.venv/lib/python3.9/site-packages/flask/app.py", line 500, in raise_routing_exception
    raise request.routing_exception  # type: ignore[misc]
  File "/Users/macbook/Downloads/PPE-DETECTION-SYSTEM/.venv/lib/python3.9/site-packages/flask/ctx.py", line 362, in match_request
    result = self.url_adapter.match(return_rule=True)  # type: ignore
  File "/Users/macbook/Downloads/PPE-DETECTION-SYSTEM/.venv/lib/python3.9/site-packages/werkzeug/routing/map.py", line 629, in match
    raise NotFound() from None
werkzeug.exceptions.NotFound: 404 Not Found: The requested URL was not found on the server. If you entered the URL manually please check your spelling and try again.
2026-05-24 21:53:25 | ERROR | ppe.app | Thread-26 | Unhandled error: 404 Not Found: The requested URL was not found on the server. If you entered the URL manually please check your spelling and try again.
Traceback (most recent call last):
  File "/Users/macbook/Downloads/PPE-DETECTION-SYSTEM/.venv/lib/python3.9/site-packages/flask/app.py", line 917, in full_dispatch_request
    rv = self.dispatch_request()
  File "/Users/macbook/Downloads/PPE-DETECTION-SYSTEM/.venv/lib/python3.9/site-packages/flask/app.py", line 891, in dispatch_request
    self.raise_routing_exception(req)
  File "/Users/macbook/Downloads/PPE-DETECTION-SYSTEM/.venv/lib/python3.9/site-packages/flask/app.py", line 500, in raise_routing_exception
    raise request.routing_exception  # type: ignore[misc]
  File "/Users/macbook/Downloads/PPE-DETECTION-SYSTEM/.venv/lib/python3.9/site-packages/flask/ctx.py", line 362, in match_request
    result = self.url_adapter.match(return_rule=True)  # type: ignore
  File "/Users/macbook/Downloads/PPE-DETECTION-SYSTEM/.venv/lib/python3.9/site-packages/werkzeug/routing/map.py", line 629, in match
    raise NotFound() from None
werkzeug.exceptions.NotFound: 404 Not Found: The requested URL was not found on the server. If you entered the URL manually please check your spelling and try again.
2026-05-24 21:53:27 | ERROR | ppe.app | Thread-37 | Unhandled error: 404 Not Found: The requested URL was not found on the server. If you entered the URL manually please check your spelling and try again.
Traceback (most recent call last):
  File "/Users/macbook/Downloads/PPE-DETECTION-SYSTEM/.venv/lib/python3.9/site-packages/flask/app.py", line 917, in full_dispatch_request
    rv = self.dispatch_request()
  File "/Users/macbook/Downloads/PPE-DETECTION-SYSTEM/.venv/lib/python3.9/site-packages/flask/app.py", line 891, in dispatch_request
    self.raise_routing_exception(req)
  File "/Users/macbook/Downloads/PPE-DETECTION-SYSTEM/.venv/lib/python3.9/site-packages/flask/app.py", line 500, in raise_routing_exception
    raise request.routing_exception  # type: ignore[misc]
  File "/Users/macbook/Downloads/PPE-DETECTION-SYSTEM/.venv/lib/python3.9/site-packages/flask/ctx.py", line 362, in match_request
    result = self.url_adapter.match(return_rule=True)  # type: ignore
  File "/Users/macbook/Downloads/PPE-DETECTION-SYSTEM/.venv/lib/python3.9/site-packages/werkzeug/routing/map.py", line 629, in match
    raise NotFound() from None
werkzeug.exceptions.NotFound: 404 Not Found: The requested URL was not found on the server. If you entered the URL manually please check your spelling and try again.
2026-05-24 21:53:39 | ERROR | ppe.app | Thread-53 | Unhandled error: 404 Not Found: The requested URL was not found on the server. If you entered the URL manually please check your spelling and try again.
Traceback (most recent call last):
  File "/Users/macbook/Downloads/PPE-DETECTION-SYSTEM/.venv/lib/python3.9/site-packages/flask/app.py", line 917, in full_dispatch_request
    rv = self.dispatch_request()
  File "/Users/macbook/Downloads/PPE-DETECTION-SYSTEM/.venv/lib/python3.9/site-packages/flask/app.py", line 891, in dispatch_request
    self.raise_routing_exception(req)
  File "/Users/macbook/Downloads/PPE-DETECTION-SYSTEM/.venv/lib/python3.9/site-packages/flask/app.py", line 500, in raise_routing_exception
    raise request.routing_exception  # type: ignore[misc]
  File "/Users/macbook/Downloads/PPE-DETECTION-SYSTEM/.venv/lib/python3.9/site-packages/flask/ctx.py", line 362, in match_request
    result = self.url_adapter.match(return_rule=True)  # type: ignore
  File "/Users/macbook/Downloads/PPE-DETECTION-SYSTEM/.venv/lib/python3.9/site-packages/werkzeug/routing/map.py", line 629, in match
    raise NotFound() from None
werkzeug.exceptions.NotFound: 404 Not Found: The requested URL was not found on the server. If you entered the URL manually please check your spelling and try again.
2026-05-24 21:54:54 | ERROR | ppe.app | Thread-66 | Unhandled error: 404 Not Found: The requested URL was not found on the server. If you entered the URL manually please check your spelling and try again.
Traceback (most recent call last):
  File "/Users/macbook/Downloads/PPE-DETECTION-SYSTEM/.venv/lib/python3.9/site-packages/flask/app.py", line 917, in full_dispatch_request
    rv = self.dispatch_request()
  File "/Users/macbook/Downloads/PPE-DETECTION-SYSTEM/.venv/lib/python3.9/site-packages/flask/app.py", line 891, in dispatch_request
    self.raise_routing_exception(req)
  File "/Users/macbook/Downloads/PPE-DETECTION-SYSTEM/.venv/lib/python3.9/site-packages/flask/app.py", line 500, in raise_routing_exception
    raise request.routing_exception  # type: ignore[misc]
  File "/Users/macbook/Downloads/PPE-DETECTION-SYSTEM/.venv/lib/python3.9/site-packages/flask/ctx.py", line 362, in match_request
    result = self.url_adapter.match(return_rule=True)  # type: ignore
  File "/Users/macbook/Downloads/PPE-DETECTION-SYSTEM/.venv/lib/python3.9/site-packages/werkzeug/routing/map.py", line 629, in match
    raise NotFound() from None
werkzeug.exceptions.NotFound: 404 Not Found: The requested URL was not found on the server. If you entered the URL manually please check your spelling and try again.
2026-05-24 21:54:59 | ERROR | ppe.app | Thread-77 | Unhandled error: 404 Not Found: The requested URL was not found on the server. If you entered the URL manually please check your spelling and try again.
Traceback (most recent call last):
  File "/Users/macbook/Downloads/PPE-DETECTION-SYSTEM/.venv/lib/python3.9/site-packages/flask/app.py", line 917, in full_dispatch_request
    rv = self.dispatch_request()
  File "/Users/macbook/Downloads/PPE-DETECTION-SYSTEM/.venv/lib/python3.9/site-packages/flask/app.py", line 891, in dispatch_request
    self.raise_routing_exception(req)
  File "/Users/macbook/Downloads/PPE-DETECTION-SYSTEM/.venv/lib/python3.9/site-packages/flask/app.py", line 500, in raise_routing_exception
    raise request.routing_exception  # type: ignore[misc]
  File "/Users/macbook/Downloads/PPE-DETECTION-SYSTEM/.venv/lib/python3.9/site-packages/flask/ctx.py", line 362, in match_request
    result = self.url_adapter.match(return_rule=True)  # type: ignore
  File "/Users/macbook/Downloads/PPE-DETECTION-SYSTEM/.venv/lib/python3.9/site-packages/werkzeug/routing/map.py", line 629, in match
    raise NotFound() from None
werkzeug.exceptions.NotFound: 404 Not Found: The requested URL was not found on the server. If you entered the URL manually please check your spelling and try again.
2026-05-24 21:55:20 | ERROR | ppe.app | Thread-91 | Unhandled error: 404 Not Found: The requested URL was not found on the server. If you entered the URL manually please check your spelling and try again.
Traceback (most recent call last):
  File "/Users/macbook/Downloads/PPE-DETECTION-SYSTEM/.venv/lib/python3.9/site-packages/flask/app.py", line 917, in full_dispatch_request
    rv = self.dispatch_request()
  File "/Users/macbook/Downloads/PPE-DETECTION-SYSTEM/.venv/lib/python3.9/site-packages/flask/app.py", line 891, in dispatch_request
    self.raise_routing_exception(req)
  File "/Users/macbook/Downloads/PPE-DETECTION-SYSTEM/.venv/lib/python3.9/site-packages/flask/app.py", line 500, in raise_routing_exception
    raise request.routing_exception  # type: ignore[misc]
  File "/Users/macbook/Downloads/PPE-DETECTION-SYSTEM/.venv/lib/python3.9/site-packages/flask/ctx.py", line 362, in match_request
    result = self.url_adapter.match(return_rule=True)  # type: ignore
  File "/Users/macbook/Downloads/PPE-DETECTION-SYSTEM/.venv/lib/python3.9/site-packages/werkzeug/routing/map.py", line 629, in match
    raise NotFound() from None
werkzeug.exceptions.NotFound: 404 Not Found: The requested URL was not found on the server. If you entered the URL manually please check your spelling and try again.
2026-05-24 21:57:58 | ERROR | ppe.app | Thread-26 | Unhandled error: 404 Not Found: The requested URL was not found on the server. If you entered the URL manually please check your spelling and try again.
Traceback (most recent call last):
  File "/Users/macbook/Downloads/PPE-DETECTION-SYSTEM/.venv/lib/python3.9/site-packages/flask/app.py", line 917, in full_dispatch_request
    rv = self.dispatch_request()
  File "/Users/macbook/Downloads/PPE-DETECTION-SYSTEM/.venv/lib/python3.9/site-packages/flask/app.py", line 891, in dispatch_request
    self.raise_routing_exception(req)
  File "/Users/macbook/Downloads/PPE-DETECTION-SYSTEM/.venv/lib/python3.9/site-packages/flask/app.py", line 500, in raise_routing_exception
    raise request.routing_exception  # type: ignore[misc]
  File "/Users/macbook/Downloads/PPE-DETECTION-SYSTEM/.venv/lib/python3.9/site-packages/flask/ctx.py", line 362, in match_request
    result = self.url_adapter.match(return_rule=True)  # type: ignore
  File "/Users/macbook/Downloads/PPE-DETECTION-SYSTEM/.venv/lib/python3.9/site-packages/werkzeug/routing/map.py", line 629, in match
    raise NotFound() from None
werkzeug.exceptions.NotFound: 404 Not Found: The requested URL was not found on the server. If you entered the URL manually please check your spelling and try again.
2026-05-24 21:57:59 | ERROR | ppe.app | Thread-37 | Unhandled error: 404 Not Found: The requested URL was not found on the server. If you entered the URL manually please check your spelling and try again.
Traceback (most recent call last):
  File "/Users/macbook/Downloads/PPE-DETECTION-SYSTEM/.venv/lib/python3.9/site-packages/flask/app.py", line 917, in full_dispatch_request
    rv = self.dispatch_request()
  File "/Users/macbook/Downloads/PPE-DETECTION-SYSTEM/.venv/lib/python3.9/site-packages/flask/app.py", line 891, in dispatch_request
    self.raise_routing_exception(req)
  File "/Users/macbook/Downloads/PPE-DETECTION-SYSTEM/.venv/lib/python3.9/site-packages/flask/app.py", line 500, in raise_routing_exception
    raise request.routing_exception  # type: ignore[misc]
  File "/Users/macbook/Downloads/PPE-DETECTION-SYSTEM/.venv/lib/python3.9/site-packages/flask/ctx.py", line 362, in match_request
    result = self.url_adapter.match(return_rule=True)  # type: ignore
  File "/Users/macbook/Downloads/PPE-DETECTION-SYSTEM/.venv/lib/python3.9/site-packages/werkzeug/routing/map.py", line 629, in match
    raise NotFound() from None
werkzeug.exceptions.NotFound: 404 Not Found: The requested URL was not found on the server. If you entered the URL manually please check your spelling and try again.
2026-05-24 21:58:08 | ERROR | ppe.app | Thread-52 | Unhandled error: 404 Not Found: The requested URL was not found on the server. If you entered the URL manually please check your spelling and try again.
Traceback (most recent call last):
  File "/Users/macbook/Downloads/PPE-DETECTION-SYSTEM/.venv/lib/python3.9/site-packages/flask/app.py", line 917, in full_dispatch_request
    rv = self.dispatch_request()
  File "/Users/macbook/Downloads/PPE-DETECTION-SYSTEM/.venv/lib/python3.9/site-packages/flask/app.py", line 891, in dispatch_request
    self.raise_routing_exception(req)
  File "/Users/macbook/Downloads/PPE-DETECTION-SYSTEM/.venv/lib/python3.9/site-packages/flask/app.py", line 500, in raise_routing_exception
    raise request.routing_exception  # type: ignore[misc]
  File "/Users/macbook/Downloads/PPE-DETECTION-SYSTEM/.venv/lib/python3.9/site-packages/flask/ctx.py", line 362, in match_request
    result = self.url_adapter.match(return_rule=True)  # type: ignore
  File "/Users/macbook/Downloads/PPE-DETECTION-SYSTEM/.venv/lib/python3.9/site-packages/werkzeug/routing/map.py", line 629, in match
    raise NotFound() from None
werkzeug.exceptions.NotFound: 404 Not Found: The requested URL was not found on the server. If you entered the URL manually please check your spelling and try again.
2026-05-24 21:58:15 | ERROR | ppe.app | Thread-62 | Unhandled error: 404 Not Found: The requested URL was not found on the server. If you entered the URL manually please check your spelling and try again.
Traceback (most recent call last):
  File "/Users/macbook/Downloads/PPE-DETECTION-SYSTEM/.venv/lib/python3.9/site-packages/flask/app.py", line 917, in full_dispatch_request
    rv = self.dispatch_request()
  File "/Users/macbook/Downloads/PPE-DETECTION-SYSTEM/.venv/lib/python3.9/site-packages/flask/app.py", line 891, in dispatch_request
    self.raise_routing_exception(req)
  File "/Users/macbook/Downloads/PPE-DETECTION-SYSTEM/.venv/lib/python3.9/site-packages/flask/app.py", line 500, in raise_routing_exception
    raise request.routing_exception  # type: ignore[misc]
  File "/Users/macbook/Downloads/PPE-DETECTION-SYSTEM/.venv/lib/python3.9/site-packages/flask/ctx.py", line 362, in match_request
    result = self.url_adapter.match(return_rule=True)  # type: ignore
  File "/Users/macbook/Downloads/PPE-DETECTION-SYSTEM/.venv/lib/python3.9/site-packages/werkzeug/routing/map.py", line 629, in match
    raise NotFound() from None
werkzeug.exceptions.NotFound: 404 Not Found: The requested URL was not found on the server. If you entered the URL manually please check your spelling and try again.
2026-05-24 21:58:19 | ERROR | ppe.app | Thread-76 | Unhandled error: 404 Not Found: The requested URL was not found on the server. If you entered the URL manually please check your spelling and try again.
Traceback (most recent call last):
  File "/Users/macbook/Downloads/PPE-DETECTION-SYSTEM/.venv/lib/python3.9/site-packages/flask/app.py", line 917, in full_dispatch_request
    rv = self.dispatch_request()
  File "/Users/macbook/Downloads/PPE-DETECTION-SYSTEM/.venv/lib/python3.9/site-packages/flask/app.py", line 891, in dispatch_request
    self.raise_routing_exception(req)
  File "/Users/macbook/Downloads/PPE-DETECTION-SYSTEM/.venv/lib/python3.9/site-packages/flask/app.py", line 500, in raise_routing_exception
    raise request.routing_exception  # type: ignore[misc]
  File "/Users/macbook/Downloads/PPE-DETECTION-SYSTEM/.venv/lib/python3.9/site-packages/flask/ctx.py", line 362, in match_request
    result = self.url_adapter.match(return_rule=True)  # type: ignore
  File "/Users/macbook/Downloads/PPE-DETECTION-SYSTEM/.venv/lib/python3.9/site-packages/werkzeug/routing/map.py", line 629, in match
    raise NotFound() from None
werkzeug.exceptions.NotFound: 404 Not Found: The requested URL was not found on the server. If you entered the URL manually please check your spelling and try again.
2026-05-24 21:58:31 | ERROR | ppe.app | Thread-82 | Unhandled error: 404 Not Found: The requested URL was not found on the server. If you entered the URL manually please check your spelling and try again.
Traceback (most recent call last):
  File "/Users/macbook/Downloads/PPE-DETECTION-SYSTEM/.venv/lib/python3.9/site-packages/flask/app.py", line 917, in full_dispatch_request
    rv = self.dispatch_request()
  File "/Users/macbook/Downloads/PPE-DETECTION-SYSTEM/.venv/lib/python3.9/site-packages/flask/app.py", line 891, in dispatch_request
    self.raise_routing_exception(req)
  File "/Users/macbook/Downloads/PPE-DETECTION-SYSTEM/.venv/lib/python3.9/site-packages/flask/app.py", line 500, in raise_routing_exception
    raise request.routing_exception  # type: ignore[misc]
  File "/Users/macbook/Downloads/PPE-DETECTION-SYSTEM/.venv/lib/python3.9/site-packages/flask/ctx.py", line 362, in match_request
    result = self.url_adapter.match(return_rule=True)  # type: ignore
  File "/Users/macbook/Downloads/PPE-DETECTION-SYSTEM/.venv/lib/python3.9/site-packages/werkzeug/routing/map.py", line 629, in match
    raise NotFound() from None
werkzeug.exceptions.NotFound: 404 Not Found: The requested URL was not found on the server. If you entered the URL manually please check your spelling and try again.
2026-05-24 21:59:13 | ERROR | ppe.app | Thread-99 | Unhandled error: 404 Not Found: The requested URL was not found on the server. If you entered the URL manually please check your spelling and try again.
Traceback (most recent call last):
  File "/Users/macbook/Downloads/PPE-DETECTION-SYSTEM/.venv/lib/python3.9/site-packages/flask/app.py", line 917, in full_dispatch_request
    rv = self.dispatch_request()
  File "/Users/macbook/Downloads/PPE-DETECTION-SYSTEM/.venv/lib/python3.9/site-packages/flask/app.py", line 891, in dispatch_request
    self.raise_routing_exception(req)
  File "/Users/macbook/Downloads/PPE-DETECTION-SYSTEM/.venv/lib/python3.9/site-packages/flask/app.py", line 500, in raise_routing_exception
    raise request.routing_exception  # type: ignore[misc]
  File "/Users/macbook/Downloads/PPE-DETECTION-SYSTEM/.venv/lib/python3.9/site-packages/flask/ctx.py", line 362, in match_request
    result = self.url_adapter.match(return_rule=True)  # type: ignore
  File "/Users/macbook/Downloads/PPE-DETECTION-SYSTEM/.venv/lib/python3.9/site-packages/werkzeug/routing/map.py", line 629, in match
    raise NotFound() from None
werkzeug.exceptions.NotFound: 404 Not Found: The requested URL was not found on the server. If you entered the URL manually please check your spelling and try again.
2026-05-24 21:59:15 | ERROR | ppe.app | Thread-109 | Unhandled error: 404 Not Found: The requested URL was not found on the server. If you entered the URL manually please check your spelling and try again.
Traceback (most recent call last):
  File "/Users/macbook/Downloads/PPE-DETECTION-SYSTEM/.venv/lib/python3.9/site-packages/flask/app.py", line 917, in full_dispatch_request
    rv = self.dispatch_request()
  File "/Users/macbook/Downloads/PPE-DETECTION-SYSTEM/.venv/lib/python3.9/site-packages/flask/app.py", line 891, in dispatch_request
    self.raise_routing_exception(req)
  File "/Users/macbook/Downloads/PPE-DETECTION-SYSTEM/.venv/lib/python3.9/site-packages/flask/app.py", line 500, in raise_routing_exception
    raise request.routing_exception  # type: ignore[misc]
  File "/Users/macbook/Downloads/PPE-DETECTION-SYSTEM/.venv/lib/python3.9/site-packages/flask/ctx.py", line 362, in match_request
    result = self.url_adapter.match(return_rule=True)  # type: ignore
  File "/Users/macbook/Downloads/PPE-DETECTION-SYSTEM/.venv/lib/python3.9/site-packages/werkzeug/routing/map.py", line 629, in match
    raise NotFound() from None
werkzeug.exceptions.NotFound: 404 Not Found: The requested URL was not found on the server. If you entered the URL manually please check your spelling and try again.
2026-05-24 21:59:20 | ERROR | ppe.app | Thread-124 | Unhandled error: 404 Not Found: The requested URL was not found on the server. If you entered the URL manually please check your spelling and try again.
Traceback (most recent call last):
  File "/Users/macbook/Downloads/PPE-DETECTION-SYSTEM/.venv/lib/python3.9/site-packages/flask/app.py", line 917, in full_dispatch_request
    rv = self.dispatch_request()
  File "/Users/macbook/Downloads/PPE-DETECTION-SYSTEM/.venv/lib/python3.9/site-packages/flask/app.py", line 891, in dispatch_request
    self.raise_routing_exception(req)
  File "/Users/macbook/Downloads/PPE-DETECTION-SYSTEM/.venv/lib/python3.9/site-packages/flask/app.py", line 500, in raise_routing_exception
    raise request.routing_exception  # type: ignore[misc]
  File "/Users/macbook/Downloads/PPE-DETECTION-SYSTEM/.venv/lib/python3.9/site-packages/flask/ctx.py", line 362, in match_request
    result = self.url_adapter.match(return_rule=True)  # type: ignore
  File "/Users/macbook/Downloads/PPE-DETECTION-SYSTEM/.venv/lib/python3.9/site-packages/werkzeug/routing/map.py", line 629, in match
    raise NotFound() from None
werkzeug.exceptions.NotFound: 404 Not Found: The requested URL was not found on the server. If you entered the URL manually please check your spelling and try again.
2026-05-24 21:59:30 | ERROR | ppe.app | Thread-139 | Unhandled error: 404 Not Found: The requested URL was not found on the server. If you entered the URL manually please check your spelling and try again.
Traceback (most recent call last):
  File "/Users/macbook/Downloads/PPE-DETECTION-SYSTEM/.venv/lib/python3.9/site-packages/flask/app.py", line 917, in full_dispatch_request
    rv = self.dispatch_request()
  File "/Users/macbook/Downloads/PPE-DETECTION-SYSTEM/.venv/lib/python3.9/site-packages/flask/app.py", line 891, in dispatch_request
    self.raise_routing_exception(req)
  File "/Users/macbook/Downloads/PPE-DETECTION-SYSTEM/.venv/lib/python3.9/site-packages/flask/app.py", line 500, in raise_routing_exception
    raise request.routing_exception  # type: ignore[misc]
  File "/Users/macbook/Downloads/PPE-DETECTION-SYSTEM/.venv/lib/python3.9/site-packages/flask/ctx.py", line 362, in match_request
    result = self.url_adapter.match(return_rule=True)  # type: ignore
  File "/Users/macbook/Downloads/PPE-DETECTION-SYSTEM/.venv/lib/python3.9/site-packages/werkzeug/routing/map.py", line 629, in match
    raise NotFound() from None
werkzeug.exceptions.NotFound: 404 Not Found: The requested URL was not found on the server. If you entered the URL manually please check your spelling and try again.
2026-05-24 22:00:13 | ERROR | ppe.app | Thread-152 | Unhandled error: 404 Not Found: The requested URL was not found on the server. If you entered the URL manually please check your spelling and try again.
Traceback (most recent call last):
  File "/Users/macbook/Downloads/PPE-DETECTION-SYSTEM/.venv/lib/python3.9/site-packages/flask/app.py", line 917, in full_dispatch_request
    rv = self.dispatch_request()
  File "/Users/macbook/Downloads/PPE-DETECTION-SYSTEM/.venv/lib/python3.9/site-packages/flask/app.py", line 891, in dispatch_request
    self.raise_routing_exception(req)
  File "/Users/macbook/Downloads/PPE-DETECTION-SYSTEM/.venv/lib/python3.9/site-packages/flask/app.py", line 500, in raise_routing_exception
    raise request.routing_exception  # type: ignore[misc]
  File "/Users/macbook/Downloads/PPE-DETECTION-SYSTEM/.venv/lib/python3.9/site-packages/flask/ctx.py", line 362, in match_request
    result = self.url_adapter.match(return_rule=True)  # type: ignore
  File "/Users/macbook/Downloads/PPE-DETECTION-SYSTEM/.venv/lib/python3.9/site-packages/werkzeug/routing/map.py", line 629, in match
    raise NotFound() from None
werkzeug.exceptions.NotFound: 404 Not Found: The requested URL was not found on the server. If you entered the URL manually please check your spelling and try again.
2026-05-24 22:00:14 | ERROR | ppe.app | Thread-164 | Unhandled error: 404 Not Found: The requested URL was not found on the server. If you entered the URL manually please check your spelling and try again.
Traceback (most recent call last):
  File "/Users/macbook/Downloads/PPE-DETECTION-SYSTEM/.venv/lib/python3.9/site-packages/flask/app.py", line 917, in full_dispatch_request
    rv = self.dispatch_request()
  File "/Users/macbook/Downloads/PPE-DETECTION-SYSTEM/.venv/lib/python3.9/site-packages/flask/app.py", line 891, in dispatch_request
    self.raise_routing_exception(req)
  File "/Users/macbook/Downloads/PPE-DETECTION-SYSTEM/.venv/lib/python3.9/site-packages/flask/app.py", line 500, in raise_routing_exception
    raise request.routing_exception  # type: ignore[misc]
  File "/Users/macbook/Downloads/PPE-DETECTION-SYSTEM/.venv/lib/python3.9/site-packages/flask/ctx.py", line 362, in match_request
    result = self.url_adapter.match(return_rule=True)  # type: ignore
  File "/Users/macbook/Downloads/PPE-DETECTION-SYSTEM/.venv/lib/python3.9/site-packages/werkzeug/routing/map.py", line 629, in match
    raise NotFound() from None
werkzeug.exceptions.NotFound: 404 Not Found: The requested URL was not found on the server. If you entered the URL manually please check your spelling and try again.
2026-05-24 22:00:16 | ERROR | ppe.app | Thread-176 | Unhandled error: 404 Not Found: The requested URL was not found on the server. If you entered the URL manually please check your spelling and try again.
Traceback (most recent call last):
  File "/Users/macbook/Downloads/PPE-DETECTION-SYSTEM/.venv/lib/python3.9/site-packages/flask/app.py", line 917, in full_dispatch_request
    rv = self.dispatch_request()
  File "/Users/macbook/Downloads/PPE-DETECTION-SYSTEM/.venv/lib/python3.9/site-packages/flask/app.py", line 891, in dispatch_request
    self.raise_routing_exception(req)
  File "/Users/macbook/Downloads/PPE-DETECTION-SYSTEM/.venv/lib/python3.9/site-packages/flask/app.py", line 500, in raise_routing_exception
    raise request.routing_exception  # type: ignore[misc]
  File "/Users/macbook/Downloads/PPE-DETECTION-SYSTEM/.venv/lib/python3.9/site-packages/flask/ctx.py", line 362, in match_request
    result = self.url_adapter.match(return_rule=True)  # type: ignore
  File "/Users/macbook/Downloads/PPE-DETECTION-SYSTEM/.venv/lib/python3.9/site-packages/werkzeug/routing/map.py", line 629, in match
    raise NotFound() from None
werkzeug.exceptions.NotFound: 404 Not Found: The requested URL was not found on the server. If you entered the URL manually please check your spelling and try again.
2026-05-24 22:02:20 | ERROR | ppe.app | Thread-194 | Unhandled error: 404 Not Found: The requested URL was not found on the server. If you entered the URL manually please check your spelling and try again.
Traceback (most recent call last):
  File "/Users/macbook/Downloads/PPE-DETECTION-SYSTEM/.venv/lib/python3.9/site-packages/flask/app.py", line 917, in full_dispatch_request
    rv = self.dispatch_request()
  File "/Users/macbook/Downloads/PPE-DETECTION-SYSTEM/.venv/lib/python3.9/site-packages/flask/app.py", line 891, in dispatch_request
    self.raise_routing_exception(req)
  File "/Users/macbook/Downloads/PPE-DETECTION-SYSTEM/.venv/lib/python3.9/site-packages/flask/app.py", line 500, in raise_routing_exception
    raise request.routing_exception  # type: ignore[misc]
  File "/Users/macbook/Downloads/PPE-DETECTION-SYSTEM/.venv/lib/python3.9/site-packages/flask/ctx.py", line 362, in match_request
    result = self.url_adapter.match(return_rule=True)  # type: ignore
  File "/Users/macbook/Downloads/PPE-DETECTION-SYSTEM/.venv/lib/python3.9/site-packages/werkzeug/routing/map.py", line 629, in match
    raise NotFound() from None
werkzeug.exceptions.NotFound: 404 Not Found: The requested URL was not found on the server. If you entered the URL manually please check your spelling and try again.
2026-05-24 22:02:23 | ERROR | ppe.app | Thread-207 | Unhandled error: 404 Not Found: The requested URL was not found on the server. If you entered the URL manually please check your spelling and try again.
Traceback (most recent call last):
  File "/Users/macbook/Downloads/PPE-DETECTION-SYSTEM/.venv/lib/python3.9/site-packages/flask/app.py", line 917, in full_dispatch_request
    rv = self.dispatch_request()
  File "/Users/macbook/Downloads/PPE-DETECTION-SYSTEM/.venv/lib/python3.9/site-packages/flask/app.py", line 891, in dispatch_request
    self.raise_routing_exception(req)
  File "/Users/macbook/Downloads/PPE-DETECTION-SYSTEM/.venv/lib/python3.9/site-packages/flask/app.py", line 500, in raise_routing_exception
    raise request.routing_exception  # type: ignore[misc]
  File "/Users/macbook/Downloads/PPE-DETECTION-SYSTEM/.venv/lib/python3.9/site-packages/flask/ctx.py", line 362, in match_request
    result = self.url_adapter.match(return_rule=True)  # type: ignore
  File "/Users/macbook/Downloads/PPE-DETECTION-SYSTEM/.venv/lib/python3.9/site-packages/werkzeug/routing/map.py", line 629, in match
    raise NotFound() from None
werkzeug.exceptions.NotFound: 404 Not Found: The requested URL was not found on the server. If you entered the URL manually please check your spelling and try again.
2026-05-24 22:02:25 | ERROR | ppe.app | Thread-223 | Unhandled error: 404 Not Found: The requested URL was not found on the server. If you entered the URL manually please check your spelling and try again.
Traceback (most recent call last):
  File "/Users/macbook/Downloads/PPE-DETECTION-SYSTEM/.venv/lib/python3.9/site-packages/flask/app.py", line 917, in full_dispatch_request
    rv = self.dispatch_request()
  File "/Users/macbook/Downloads/PPE-DETECTION-SYSTEM/.venv/lib/python3.9/site-packages/flask/app.py", line 891, in dispatch_request
    self.raise_routing_exception(req)
  File "/Users/macbook/Downloads/PPE-DETECTION-SYSTEM/.venv/lib/python3.9/site-packages/flask/app.py", line 500, in raise_routing_exception
    raise request.routing_exception  # type: ignore[misc]
  File "/Users/macbook/Downloads/PPE-DETECTION-SYSTEM/.venv/lib/python3.9/site-packages/flask/ctx.py", line 362, in match_request
    result = self.url_adapter.match(return_rule=True)  # type: ignore
  File "/Users/macbook/Downloads/PPE-DETECTION-SYSTEM/.venv/lib/python3.9/site-packages/werkzeug/routing/map.py", line 629, in match
    raise NotFound() from None
werkzeug.exceptions.NotFound: 404 Not Found: The requested URL was not found on the server. If you entered the URL manually please check your spelling and try again.
2026-05-24 22:02:53 | ERROR | ppe.app | Thread-236 | Unhandled error: 404 Not Found: The requested URL was not found on the server. If you entered the URL manually please check your spelling and try again.
Traceback (most recent call last):
  File "/Users/macbook/Downloads/PPE-DETECTION-SYSTEM/.venv/lib/python3.9/site-packages/flask/app.py", line 917, in full_dispatch_request
    rv = self.dispatch_request()
  File "/Users/macbook/Downloads/PPE-DETECTION-SYSTEM/.venv/lib/python3.9/site-packages/flask/app.py", line 891, in dispatch_request
    self.raise_routing_exception(req)
  File "/Users/macbook/Downloads/PPE-DETECTION-SYSTEM/.venv/lib/python3.9/site-packages/flask/app.py", line 500, in raise_routing_exception
    raise request.routing_exception  # type: ignore[misc]
  File "/Users/macbook/Downloads/PPE-DETECTION-SYSTEM/.venv/lib/python3.9/site-packages/flask/ctx.py", line 362, in match_request
    result = self.url_adapter.match(return_rule=True)  # type: ignore
  File "/Users/macbook/Downloads/PPE-DETECTION-SYSTEM/.venv/lib/python3.9/site-packages/werkzeug/routing/map.py", line 629, in match
    raise NotFound() from None
werkzeug.exceptions.NotFound: 404 Not Found: The requested URL was not found on the server. If you entered the URL manually please check your spelling and try again.
2026-05-24 22:03:12 | ERROR | ppe.app | Thread-249 | Unhandled error: 404 Not Found: The requested URL was not found on the server. If you entered the URL manually please check your spelling and try again.
Traceback (most recent call last):
  File "/Users/macbook/Downloads/PPE-DETECTION-SYSTEM/.venv/lib/python3.9/site-packages/flask/app.py", line 917, in full_dispatch_request
    rv = self.dispatch_request()
  File "/Users/macbook/Downloads/PPE-DETECTION-SYSTEM/.venv/lib/python3.9/site-packages/flask/app.py", line 891, in dispatch_request
    self.raise_routing_exception(req)
  File "/Users/macbook/Downloads/PPE-DETECTION-SYSTEM/.venv/lib/python3.9/site-packages/flask/app.py", line 500, in raise_routing_exception
    raise request.routing_exception  # type: ignore[misc]
  File "/Users/macbook/Downloads/PPE-DETECTION-SYSTEM/.venv/lib/python3.9/site-packages/flask/ctx.py", line 362, in match_request
    result = self.url_adapter.match(return_rule=True)  # type: ignore
  File "/Users/macbook/Downloads/PPE-DETECTION-SYSTEM/.venv/lib/python3.9/site-packages/werkzeug/routing/map.py", line 629, in match
    raise NotFound() from None
werkzeug.exceptions.NotFound: 404 Not Found: The requested URL was not found on the server. If you entered the URL manually please check your spelling and try again.
2026-05-24 22:03:18 | ERROR | ppe.app | Thread-264 | Unhandled error: 404 Not Found: The requested URL was not found on the server. If you entered the URL manually please check your spelling and try again.
Traceback (most recent call last):
  File "/Users/macbook/Downloads/PPE-DETECTION-SYSTEM/.venv/lib/python3.9/site-packages/flask/app.py", line 917, in full_dispatch_request
    rv = self.dispatch_request()
  File "/Users/macbook/Downloads/PPE-DETECTION-SYSTEM/.venv/lib/python3.9/site-packages/flask/app.py", line 891, in dispatch_request
    self.raise_routing_exception(req)
  File "/Users/macbook/Downloads/PPE-DETECTION-SYSTEM/.venv/lib/python3.9/site-packages/flask/app.py", line 500, in raise_routing_exception
    raise request.routing_exception  # type: ignore[misc]
  File "/Users/macbook/Downloads/PPE-DETECTION-SYSTEM/.venv/lib/python3.9/site-packages/flask/ctx.py", line 362, in match_request
    result = self.url_adapter.match(return_rule=True)  # type: ignore
  File "/Users/macbook/Downloads/PPE-DETECTION-SYSTEM/.venv/lib/python3.9/site-packages/werkzeug/routing/map.py", line 629, in match
    raise NotFound() from None
werkzeug.exceptions.NotFound: 404 Not Found: The requested URL was not found on the server. If you entered the URL manually please check your spelling and try again.
2026-05-24 22:03:18 | ERROR | ppe.app | Thread-278 | Unhandled error: 404 Not Found: The requested URL was not found on the server. If you entered the URL manually please check your spelling and try again.
Traceback (most recent call last):
  File "/Users/macbook/Downloads/PPE-DETECTION-SYSTEM/.venv/lib/python3.9/site-packages/flask/app.py", line 917, in full_dispatch_request
    rv = self.dispatch_request()
  File "/Users/macbook/Downloads/PPE-DETECTION-SYSTEM/.venv/lib/python3.9/site-packages/flask/app.py", line 891, in dispatch_request
    self.raise_routing_exception(req)
  File "/Users/macbook/Downloads/PPE-DETECTION-SYSTEM/.venv/lib/python3.9/site-packages/flask/app.py", line 500, in raise_routing_exception
    raise request.routing_exception  # type: ignore[misc]
  File "/Users/macbook/Downloads/PPE-DETECTION-SYSTEM/.venv/lib/python3.9/site-packages/flask/ctx.py", line 362, in match_request
    result = self.url_adapter.match(return_rule=True)  # type: ignore
  File "/Users/macbook/Downloads/PPE-DETECTION-SYSTEM/.venv/lib/python3.9/site-packages/werkzeug/routing/map.py", line 629, in match
    raise NotFound() from None
werkzeug.exceptions.NotFound: 404 Not Found: The requested URL was not found on the server. If you entered the URL manually please check your spelling and try again.
2026-05-24 22:04:48 | ERROR | ppe.app | Thread-294 | Unhandled error: 404 Not Found: The requested URL was not found on the server. If you entered the URL manually please check your spelling and try again.
Traceback (most recent call last):
  File "/Users/macbook/Downloads/PPE-DETECTION-SYSTEM/.venv/lib/python3.9/site-packages/flask/app.py", line 917, in full_dispatch_request
    rv = self.dispatch_request()
  File "/Users/macbook/Downloads/PPE-DETECTION-SYSTEM/.venv/lib/python3.9/site-packages/flask/app.py", line 891, in dispatch_request
    self.raise_routing_exception(req)
  File "/Users/macbook/Downloads/PPE-DETECTION-SYSTEM/.venv/lib/python3.9/site-packages/flask/app.py", line 500, in raise_routing_exception
    raise request.routing_exception  # type: ignore[misc]
  File "/Users/macbook/Downloads/PPE-DETECTION-SYSTEM/.venv/lib/python3.9/site-packages/flask/ctx.py", line 362, in match_request
    result = self.url_adapter.match(return_rule=True)  # type: ignore
  File "/Users/macbook/Downloads/PPE-DETECTION-SYSTEM/.venv/lib/python3.9/site-packages/werkzeug/routing/map.py", line 629, in match
    raise NotFound() from None
werkzeug.exceptions.NotFound: 404 Not Found: The requested URL was not found on the server. If you entered the URL manually please check your spelling and try again.
2026-05-24 22:04:56 | ERROR | ppe.app | Thread-307 | Unhandled error: 404 Not Found: The requested URL was not found on the server. If you entered the URL manually please check your spelling and try again.
Traceback (most recent call last):
  File "/Users/macbook/Downloads/PPE-DETECTION-SYSTEM/.venv/lib/python3.9/site-packages/flask/app.py", line 917, in full_dispatch_request
    rv = self.dispatch_request()
  File "/Users/macbook/Downloads/PPE-DETECTION-SYSTEM/.venv/lib/python3.9/site-packages/flask/app.py", line 891, in dispatch_request
    self.raise_routing_exception(req)
  File "/Users/macbook/Downloads/PPE-DETECTION-SYSTEM/.venv/lib/python3.9/site-packages/flask/app.py", line 500, in raise_routing_exception
    raise request.routing_exception  # type: ignore[misc]
  File "/Users/macbook/Downloads/PPE-DETECTION-SYSTEM/.venv/lib/python3.9/site-packages/flask/ctx.py", line 362, in match_request
    result = self.url_adapter.match(return_rule=True)  # type: ignore
  File "/Users/macbook/Downloads/PPE-DETECTION-SYSTEM/.venv/lib/python3.9/site-packages/werkzeug/routing/map.py", line 629, in match
    raise NotFound() from None
werkzeug.exceptions.NotFound: 404 Not Found: The requested URL was not found on the server. If you entered the URL manually please check your spelling and try again.
2026-05-24 22:05:08 | ERROR | ppe.app | Thread-324 | Unhandled error: 404 Not Found: The requested URL was not found on the server. If you entered the URL manually please check your spelling and try again.
Traceback (most recent call last):
  File "/Users/macbook/Downloads/PPE-DETECTION-SYSTEM/.venv/lib/python3.9/site-packages/flask/app.py", line 917, in full_dispatch_request
    rv = self.dispatch_request()
  File "/Users/macbook/Downloads/PPE-DETECTION-SYSTEM/.venv/lib/python3.9/site-packages/flask/app.py", line 891, in dispatch_request
    self.raise_routing_exception(req)
  File "/Users/macbook/Downloads/PPE-DETECTION-SYSTEM/.venv/lib/python3.9/site-packages/flask/app.py", line 500, in raise_routing_exception
    raise request.routing_exception  # type: ignore[misc]
  File "/Users/macbook/Downloads/PPE-DETECTION-SYSTEM/.venv/lib/python3.9/site-packages/flask/ctx.py", line 362, in match_request
    result = self.url_adapter.match(return_rule=True)  # type: ignore
  File "/Users/macbook/Downloads/PPE-DETECTION-SYSTEM/.venv/lib/python3.9/site-packages/werkzeug/routing/map.py", line 629, in match
    raise NotFound() from None
werkzeug.exceptions.NotFound: 404 Not Found: The requested URL was not found on the server. If you entered the URL manually please check your spelling and try again.
2026-05-24 22:05:11 | ERROR | ppe.app | Thread-339 | Unhandled error: 404 Not Found: The requested URL was not found on the server. If you entered the URL manually please check your spelling and try again.
Traceback (most recent call last):
  File "/Users/macbook/Downloads/PPE-DETECTION-SYSTEM/.venv/lib/python3.9/site-packages/flask/app.py", line 917, in full_dispatch_request
    rv = self.dispatch_request()
  File "/Users/macbook/Downloads/PPE-DETECTION-SYSTEM/.venv/lib/python3.9/site-packages/flask/app.py", line 891, in dispatch_request
    self.raise_routing_exception(req)
  File "/Users/macbook/Downloads/PPE-DETECTION-SYSTEM/.venv/lib/python3.9/site-packages/flask/app.py", line 500, in raise_routing_exception
    raise request.routing_exception  # type: ignore[misc]
  File "/Users/macbook/Downloads/PPE-DETECTION-SYSTEM/.venv/lib/python3.9/site-packages/flask/ctx.py", line 362, in match_request
    result = self.url_adapter.match(return_rule=True)  # type: ignore
  File "/Users/macbook/Downloads/PPE-DETECTION-SYSTEM/.venv/lib/python3.9/site-packages/werkzeug/routing/map.py", line 629, in match
    raise NotFound() from None
werkzeug.exceptions.NotFound: 404 Not Found: The requested URL was not found on the server. If you entered the URL manually please check your spelling and try again.
2026-05-24 22:05:40 | ERROR | ppe.app | Thread-351 | Unhandled error: 404 Not Found: The requested URL was not found on the server. If you entered the URL manually please check your spelling and try again.
Traceback (most recent call last):
  File "/Users/macbook/Downloads/PPE-DETECTION-SYSTEM/.venv/lib/python3.9/site-packages/flask/app.py", line 917, in full_dispatch_request
    rv = self.dispatch_request()
  File "/Users/macbook/Downloads/PPE-DETECTION-SYSTEM/.venv/lib/python3.9/site-packages/flask/app.py", line 891, in dispatch_request
    self.raise_routing_exception(req)
  File "/Users/macbook/Downloads/PPE-DETECTION-SYSTEM/.venv/lib/python3.9/site-packages/flask/app.py", line 500, in raise_routing_exception
    raise request.routing_exception  # type: ignore[misc]
  File "/Users/macbook/Downloads/PPE-DETECTION-SYSTEM/.venv/lib/python3.9/site-packages/flask/ctx.py", line 362, in match_request
    result = self.url_adapter.match(return_rule=True)  # type: ignore
  File "/Users/macbook/Downloads/PPE-DETECTION-SYSTEM/.venv/lib/python3.9/site-packages/werkzeug/routing/map.py", line 629, in match
    raise NotFound() from None
werkzeug.exceptions.NotFound: 404 Not Found: The requested URL was not found on the server. If you entered the URL manually please check your spelling and try again.
2026-05-24 22:09:37 | ERROR | ppe.app | Thread-18 | Unhandled error: 404 Not Found: The requested URL was not found on the server. If you entered the URL manually please check your spelling and try again.
Traceback (most recent call last):
  File "/Users/macbook/Downloads/PPE-DETECTION-SYSTEM/.venv/lib/python3.9/site-packages/flask/app.py", line 917, in full_dispatch_request
    rv = self.dispatch_request()
  File "/Users/macbook/Downloads/PPE-DETECTION-SYSTEM/.venv/lib/python3.9/site-packages/flask/app.py", line 891, in dispatch_request
    self.raise_routing_exception(req)
  File "/Users/macbook/Downloads/PPE-DETECTION-SYSTEM/.venv/lib/python3.9/site-packages/flask/app.py", line 500, in raise_routing_exception
    raise request.routing_exception  # type: ignore[misc]
  File "/Users/macbook/Downloads/PPE-DETECTION-SYSTEM/.venv/lib/python3.9/site-packages/flask/ctx.py", line 362, in match_request
    result = self.url_adapter.match(return_rule=True)  # type: ignore
  File "/Users/macbook/Downloads/PPE-DETECTION-SYSTEM/.venv/lib/python3.9/site-packages/werkzeug/routing/map.py", line 629, in match
    raise NotFound() from None
werkzeug.exceptions.NotFound: 404 Not Found: The requested URL was not found on the server. If you entered the URL manually please check your spelling and try again.
2026-05-24 22:09:40 | ERROR | ppe.app | Thread-28 | Unhandled error: 404 Not Found: The requested URL was not found on the server. If you entered the URL manually please check your spelling and try again.
Traceback (most recent call last):
  File "/Users/macbook/Downloads/PPE-DETECTION-SYSTEM/.venv/lib/python3.9/site-packages/flask/app.py", line 917, in full_dispatch_request
    rv = self.dispatch_request()
  File "/Users/macbook/Downloads/PPE-DETECTION-SYSTEM/.venv/lib/python3.9/site-packages/flask/app.py", line 891, in dispatch_request
    self.raise_routing_exception(req)
  File "/Users/macbook/Downloads/PPE-DETECTION-SYSTEM/.venv/lib/python3.9/site-packages/flask/app.py", line 500, in raise_routing_exception
    raise request.routing_exception  # type: ignore[misc]
  File "/Users/macbook/Downloads/PPE-DETECTION-SYSTEM/.venv/lib/python3.9/site-packages/flask/ctx.py", line 362, in match_request
    result = self.url_adapter.match(return_rule=True)  # type: ignore
  File "/Users/macbook/Downloads/PPE-DETECTION-SYSTEM/.venv/lib/python3.9/site-packages/werkzeug/routing/map.py", line 629, in match
    raise NotFound() from None
werkzeug.exceptions.NotFound: 404 Not Found: The requested URL was not found on the server. If you entered the URL manually please check your spelling and try again.
2026-05-24 22:09:46 | ERROR | ppe.app | Thread-40 | Unhandled error: 404 Not Found: The requested URL was not found on the server. If you entered the URL manually please check your spelling and try again.
Traceback (most recent call last):
  File "/Users/macbook/Downloads/PPE-DETECTION-SYSTEM/.venv/lib/python3.9/site-packages/flask/app.py", line 917, in full_dispatch_request
    rv = self.dispatch_request()
  File "/Users/macbook/Downloads/PPE-DETECTION-SYSTEM/.venv/lib/python3.9/site-packages/flask/app.py", line 891, in dispatch_request
    self.raise_routing_exception(req)
  File "/Users/macbook/Downloads/PPE-DETECTION-SYSTEM/.venv/lib/python3.9/site-packages/flask/app.py", line 500, in raise_routing_exception
    raise request.routing_exception  # type: ignore[misc]
  File "/Users/macbook/Downloads/PPE-DETECTION-SYSTEM/.venv/lib/python3.9/site-packages/flask/ctx.py", line 362, in match_request
    result = self.url_adapter.match(return_rule=True)  # type: ignore
  File "/Users/macbook/Downloads/PPE-DETECTION-SYSTEM/.venv/lib/python3.9/site-packages/werkzeug/routing/map.py", line 629, in match
    raise NotFound() from None
werkzeug.exceptions.NotFound: 404 Not Found: The requested URL was not found on the server. If you entered the URL manually please check your spelling and try again.
2026-05-24 22:09:50 | ERROR | ppe.app | Thread-53 | Unhandled error: 404 Not Found: The requested URL was not found on the server. If you entered the URL manually please check your spelling and try again.
Traceback (most recent call last):
  File "/Users/macbook/Downloads/PPE-DETECTION-SYSTEM/.venv/lib/python3.9/site-packages/flask/app.py", line 917, in full_dispatch_request
    rv = self.dispatch_request()
  File "/Users/macbook/Downloads/PPE-DETECTION-SYSTEM/.venv/lib/python3.9/site-packages/flask/app.py", line 891, in dispatch_request
    self.raise_routing_exception(req)
  File "/Users/macbook/Downloads/PPE-DETECTION-SYSTEM/.venv/lib/python3.9/site-packages/flask/app.py", line 500, in raise_routing_exception
    raise request.routing_exception  # type: ignore[misc]
  File "/Users/macbook/Downloads/PPE-DETECTION-SYSTEM/.venv/lib/python3.9/site-packages/flask/ctx.py", line 362, in match_request
    result = self.url_adapter.match(return_rule=True)  # type: ignore
  File "/Users/macbook/Downloads/PPE-DETECTION-SYSTEM/.venv/lib/python3.9/site-packages/werkzeug/routing/map.py", line 629, in match
    raise NotFound() from None
werkzeug.exceptions.NotFound: 404 Not Found: The requested URL was not found on the server. If you entered the URL manually please check your spelling and try again.
2026-05-24 22:09:58 | ERROR | ppe.app | Thread-66 | Unhandled error: 404 Not Found: The requested URL was not found on the server. If you entered the URL manually please check your spelling and try again.
Traceback (most recent call last):
  File "/Users/macbook/Downloads/PPE-DETECTION-SYSTEM/.venv/lib/python3.9/site-packages/flask/app.py", line 917, in full_dispatch_request
    rv = self.dispatch_request()
  File "/Users/macbook/Downloads/PPE-DETECTION-SYSTEM/.venv/lib/python3.9/site-packages/flask/app.py", line 891, in dispatch_request
    self.raise_routing_exception(req)
  File "/Users/macbook/Downloads/PPE-DETECTION-SYSTEM/.venv/lib/python3.9/site-packages/flask/app.py", line 500, in raise_routing_exception
    raise request.routing_exception  # type: ignore[misc]
  File "/Users/macbook/Downloads/PPE-DETECTION-SYSTEM/.venv/lib/python3.9/site-packages/flask/ctx.py", line 362, in match_request
    result = self.url_adapter.match(return_rule=True)  # type: ignore
  File "/Users/macbook/Downloads/PPE-DETECTION-SYSTEM/.venv/lib/python3.9/site-packages/werkzeug/routing/map.py", line 629, in match
    raise NotFound() from None
werkzeug.exceptions.NotFound: 404 Not Found: The requested URL was not found on the server. If you entered the URL manually please check your spelling and try again.
2026-05-24 22:10:06 | ERROR | ppe.app | Thread-81 | Unhandled error: 404 Not Found: The requested URL was not found on the server. If you entered the URL manually please check your spelling and try again.
Traceback (most recent call last):
  File "/Users/macbook/Downloads/PPE-DETECTION-SYSTEM/.venv/lib/python3.9/site-packages/flask/app.py", line 917, in full_dispatch_request
    rv = self.dispatch_request()
  File "/Users/macbook/Downloads/PPE-DETECTION-SYSTEM/.venv/lib/python3.9/site-packages/flask/app.py", line 891, in dispatch_request
    self.raise_routing_exception(req)
  File "/Users/macbook/Downloads/PPE-DETECTION-SYSTEM/.venv/lib/python3.9/site-packages/flask/app.py", line 500, in raise_routing_exception
    raise request.routing_exception  # type: ignore[misc]
  File "/Users/macbook/Downloads/PPE-DETECTION-SYSTEM/.venv/lib/python3.9/site-packages/flask/ctx.py", line 362, in match_request
    result = self.url_adapter.match(return_rule=True)  # type: ignore
  File "/Users/macbook/Downloads/PPE-DETECTION-SYSTEM/.venv/lib/python3.9/site-packages/werkzeug/routing/map.py", line 629, in match
    raise NotFound() from None
werkzeug.exceptions.NotFound: 404 Not Found: The requested URL was not found on the server. If you entered the URL manually please check your spelling and try again.
2026-05-24 22:10:07 | ERROR | ppe.app | Thread-94 | Unhandled error: 404 Not Found: The requested URL was not found on the server. If you entered the URL manually please check your spelling and try again.
Traceback (most recent call last):
  File "/Users/macbook/Downloads/PPE-DETECTION-SYSTEM/.venv/lib/python3.9/site-packages/flask/app.py", line 917, in full_dispatch_request
    rv = self.dispatch_request()
  File "/Users/macbook/Downloads/PPE-DETECTION-SYSTEM/.venv/lib/python3.9/site-packages/flask/app.py", line 891, in dispatch_request
    self.raise_routing_exception(req)
  File "/Users/macbook/Downloads/PPE-DETECTION-SYSTEM/.venv/lib/python3.9/site-packages/flask/app.py", line 500, in raise_routing_exception
    raise request.routing_exception  # type: ignore[misc]
  File "/Users/macbook/Downloads/PPE-DETECTION-SYSTEM/.venv/lib/python3.9/site-packages/flask/ctx.py", line 362, in match_request
    result = self.url_adapter.match(return_rule=True)  # type: ignore
  File "/Users/macbook/Downloads/PPE-DETECTION-SYSTEM/.venv/lib/python3.9/site-packages/werkzeug/routing/map.py", line 629, in match
    raise NotFound() from None
werkzeug.exceptions.NotFound: 404 Not Found: The requested URL was not found on the server. If you entered the URL manually please check your spelling and try again.
2026-05-24 22:10:08 | ERROR | ppe.app | Thread-104 | Unhandled error: 404 Not Found: The requested URL was not found on the server. If you entered the URL manually please check your spelling and try again.
Traceback (most recent call last):
  File "/Users/macbook/Downloads/PPE-DETECTION-SYSTEM/.venv/lib/python3.9/site-packages/flask/app.py", line 917, in full_dispatch_request
    rv = self.dispatch_request()
  File "/Users/macbook/Downloads/PPE-DETECTION-SYSTEM/.venv/lib/python3.9/site-packages/flask/app.py", line 891, in dispatch_request
    self.raise_routing_exception(req)
  File "/Users/macbook/Downloads/PPE-DETECTION-SYSTEM/.venv/lib/python3.9/site-packages/flask/app.py", line 500, in raise_routing_exception
    raise request.routing_exception  # type: ignore[misc]
  File "/Users/macbook/Downloads/PPE-DETECTION-SYSTEM/.venv/lib/python3.9/site-packages/flask/ctx.py", line 362, in match_request
    result = self.url_adapter.match(return_rule=True)  # type: ignore
  File "/Users/macbook/Downloads/PPE-DETECTION-SYSTEM/.venv/lib/python3.9/site-packages/werkzeug/routing/map.py", line 629, in match
    raise NotFound() from None
werkzeug.exceptions.NotFound: 404 Not Found: The requested URL was not found on the server. If you entered the URL manually please check your spelling and try again.
2026-05-24 22:11:10 | ERROR | ppe.app | Thread-118 | Unhandled error: 404 Not Found: The requested URL was not found on the server. If you entered the URL manually please check your spelling and try again.
Traceback (most recent call last):
  File "/Users/macbook/Downloads/PPE-DETECTION-SYSTEM/.venv/lib/python3.9/site-packages/flask/app.py", line 917, in full_dispatch_request
    rv = self.dispatch_request()
  File "/Users/macbook/Downloads/PPE-DETECTION-SYSTEM/.venv/lib/python3.9/site-packages/flask/app.py", line 891, in dispatch_request
    self.raise_routing_exception(req)
  File "/Users/macbook/Downloads/PPE-DETECTION-SYSTEM/.venv/lib/python3.9/site-packages/flask/app.py", line 500, in raise_routing_exception
    raise request.routing_exception  # type: ignore[misc]
  File "/Users/macbook/Downloads/PPE-DETECTION-SYSTEM/.venv/lib/python3.9/site-packages/flask/ctx.py", line 362, in match_request
    result = self.url_adapter.match(return_rule=True)  # type: ignore
  File "/Users/macbook/Downloads/PPE-DETECTION-SYSTEM/.venv/lib/python3.9/site-packages/werkzeug/routing/map.py", line 629, in match
    raise NotFound() from None
werkzeug.exceptions.NotFound: 404 Not Found: The requested URL was not found on the server. If you entered the URL manually please check your spelling and try again.
2026-05-24 22:11:13 | ERROR | ppe.app | Thread-130 | Unhandled error: 404 Not Found: The requested URL was not found on the server. If you entered the URL manually please check your spelling and try again.
Traceback (most recent call last):
  File "/Users/macbook/Downloads/PPE-DETECTION-SYSTEM/.venv/lib/python3.9/site-packages/flask/app.py", line 917, in full_dispatch_request
    rv = self.dispatch_request()
  File "/Users/macbook/Downloads/PPE-DETECTION-SYSTEM/.venv/lib/python3.9/site-packages/flask/app.py", line 891, in dispatch_request
    self.raise_routing_exception(req)
  File "/Users/macbook/Downloads/PPE-DETECTION-SYSTEM/.venv/lib/python3.9/site-packages/flask/app.py", line 500, in raise_routing_exception
    raise request.routing_exception  # type: ignore[misc]
  File "/Users/macbook/Downloads/PPE-DETECTION-SYSTEM/.venv/lib/python3.9/site-packages/flask/ctx.py", line 362, in match_request
    result = self.url_adapter.match(return_rule=True)  # type: ignore
  File "/Users/macbook/Downloads/PPE-DETECTION-SYSTEM/.venv/lib/python3.9/site-packages/werkzeug/routing/map.py", line 629, in match
    raise NotFound() from None
werkzeug.exceptions.NotFound: 404 Not Found: The requested URL was not found on the server. If you entered the URL manually please check your spelling and try again.
2026-05-24 22:11:18 | ERROR | ppe.app | Thread-142 | Unhandled error: 404 Not Found: The requested URL was not found on the server. If you entered the URL manually please check your spelling and try again.
Traceback (most recent call last):
  File "/Users/macbook/Downloads/PPE-DETECTION-SYSTEM/.venv/lib/python3.9/site-packages/flask/app.py", line 917, in full_dispatch_request
    rv = self.dispatch_request()
  File "/Users/macbook/Downloads/PPE-DETECTION-SYSTEM/.venv/lib/python3.9/site-packages/flask/app.py", line 891, in dispatch_request
    self.raise_routing_exception(req)
  File "/Users/macbook/Downloads/PPE-DETECTION-SYSTEM/.venv/lib/python3.9/site-packages/flask/app.py", line 500, in raise_routing_exception
    raise request.routing_exception  # type: ignore[misc]
  File "/Users/macbook/Downloads/PPE-DETECTION-SYSTEM/.venv/lib/python3.9/site-packages/flask/ctx.py", line 362, in match_request
    result = self.url_adapter.match(return_rule=True)  # type: ignore
  File "/Users/macbook/Downloads/PPE-DETECTION-SYSTEM/.venv/lib/python3.9/site-packages/werkzeug/routing/map.py", line 629, in match
    raise NotFound() from None
werkzeug.exceptions.NotFound: 404 Not Found: The requested URL was not found on the server. If you entered the URL manually please check your spelling and try again.
2026-05-24 22:11:29 | ERROR | ppe.app | Thread-146 | Unhandled error: 404 Not Found: The requested URL was not found on the server. If you entered the URL manually please check your spelling and try again.
Traceback (most recent call last):
  File "/Users/macbook/Downloads/PPE-DETECTION-SYSTEM/.venv/lib/python3.9/site-packages/flask/app.py", line 917, in full_dispatch_request
    rv = self.dispatch_request()
  File "/Users/macbook/Downloads/PPE-DETECTION-SYSTEM/.venv/lib/python3.9/site-packages/flask/app.py", line 891, in dispatch_request
    self.raise_routing_exception(req)
  File "/Users/macbook/Downloads/PPE-DETECTION-SYSTEM/.venv/lib/python3.9/site-packages/flask/app.py", line 500, in raise_routing_exception
    raise request.routing_exception  # type: ignore[misc]
  File "/Users/macbook/Downloads/PPE-DETECTION-SYSTEM/.venv/lib/python3.9/site-packages/flask/ctx.py", line 362, in match_request
    result = self.url_adapter.match(return_rule=True)  # type: ignore
  File "/Users/macbook/Downloads/PPE-DETECTION-SYSTEM/.venv/lib/python3.9/site-packages/werkzeug/routing/map.py", line 629, in match
    raise NotFound() from None
werkzeug.exceptions.NotFound: 404 Not Found: The requested URL was not found on the server. If you entered the URL manually please check your spelling and try again.
2026-05-24 22:17:50 | ERROR | ppe.app | Thread-28 | Unhandled error: 404 Not Found: The requested URL was not found on the server. If you entered the URL manually please check your spelling and try again.
Traceback (most recent call last):
  File "/Users/macbook/Downloads/PPE-DETECTION-SYSTEM/.venv/lib/python3.9/site-packages/flask/app.py", line 917, in full_dispatch_request
    rv = self.dispatch_request()
  File "/Users/macbook/Downloads/PPE-DETECTION-SYSTEM/.venv/lib/python3.9/site-packages/flask/app.py", line 891, in dispatch_request
    self.raise_routing_exception(req)
  File "/Users/macbook/Downloads/PPE-DETECTION-SYSTEM/.venv/lib/python3.9/site-packages/flask/app.py", line 500, in raise_routing_exception
    raise request.routing_exception  # type: ignore[misc]
  File "/Users/macbook/Downloads/PPE-DETECTION-SYSTEM/.venv/lib/python3.9/site-packages/flask/ctx.py", line 362, in match_request
    result = self.url_adapter.match(return_rule=True)  # type: ignore
  File "/Users/macbook/Downloads/PPE-DETECTION-SYSTEM/.venv/lib/python3.9/site-packages/werkzeug/routing/map.py", line 629, in match
    raise NotFound() from None
werkzeug.exceptions.NotFound: 404 Not Found: The requested URL was not found on the server. If you entered the URL manually please check your spelling and try again.
2026-05-24 22:18:01 | ERROR | ppe.app | Thread-36 | Unhandled error: 404 Not Found: The requested URL was not found on the server. If you entered the URL manually please check your spelling and try again.
Traceback (most recent call last):
  File "/Users/macbook/Downloads/PPE-DETECTION-SYSTEM/.venv/lib/python3.9/site-packages/flask/app.py", line 917, in full_dispatch_request
    rv = self.dispatch_request()
  File "/Users/macbook/Downloads/PPE-DETECTION-SYSTEM/.venv/lib/python3.9/site-packages/flask/app.py", line 891, in dispatch_request
    self.raise_routing_exception(req)
  File "/Users/macbook/Downloads/PPE-DETECTION-SYSTEM/.venv/lib/python3.9/site-packages/flask/app.py", line 500, in raise_routing_exception
    raise request.routing_exception  # type: ignore[misc]
  File "/Users/macbook/Downloads/PPE-DETECTION-SYSTEM/.venv/lib/python3.9/site-packages/flask/ctx.py", line 362, in match_request
    result = self.url_adapter.match(return_rule=True)  # type: ignore
  File "/Users/macbook/Downloads/PPE-DETECTION-SYSTEM/.venv/lib/python3.9/site-packages/werkzeug/routing/map.py", line 629, in match
    raise NotFound() from None
werkzeug.exceptions.NotFound: 404 Not Found: The requested URL was not found on the server. If you entered the URL manually please check your spelling and try again.
2026-05-24 22:18:15 | ERROR | ppe.app | Thread-60 | Unhandled error: 404 Not Found: The requested URL was not found on the server. If you entered the URL manually please check your spelling and try again.
Traceback (most recent call last):
  File "/Users/macbook/Downloads/PPE-DETECTION-SYSTEM/.venv/lib/python3.9/site-packages/flask/app.py", line 917, in full_dispatch_request
    rv = self.dispatch_request()
  File "/Users/macbook/Downloads/PPE-DETECTION-SYSTEM/.venv/lib/python3.9/site-packages/flask/app.py", line 891, in dispatch_request
    self.raise_routing_exception(req)
  File "/Users/macbook/Downloads/PPE-DETECTION-SYSTEM/.venv/lib/python3.9/site-packages/flask/app.py", line 500, in raise_routing_exception
    raise request.routing_exception  # type: ignore[misc]
  File "/Users/macbook/Downloads/PPE-DETECTION-SYSTEM/.venv/lib/python3.9/site-packages/flask/ctx.py", line 362, in match_request
    result = self.url_adapter.match(return_rule=True)  # type: ignore
  File "/Users/macbook/Downloads/PPE-DETECTION-SYSTEM/.venv/lib/python3.9/site-packages/werkzeug/routing/map.py", line 629, in match
    raise NotFound() from None
werkzeug.exceptions.NotFound: 404 Not Found: The requested URL was not found on the server. If you entered the URL manually please check your spelling and try again.
2026-05-24 22:19:25 | ERROR | ppe.app | Thread-100 | Unhandled error: 404 Not Found: The requested URL was not found on the server. If you entered the URL manually please check your spelling and try again.
Traceback (most recent call last):
  File "/Users/macbook/Downloads/PPE-DETECTION-SYSTEM/.venv/lib/python3.9/site-packages/flask/app.py", line 917, in full_dispatch_request
    rv = self.dispatch_request()
  File "/Users/macbook/Downloads/PPE-DETECTION-SYSTEM/.venv/lib/python3.9/site-packages/flask/app.py", line 891, in dispatch_request
    self.raise_routing_exception(req)
  File "/Users/macbook/Downloads/PPE-DETECTION-SYSTEM/.venv/lib/python3.9/site-packages/flask/app.py", line 500, in raise_routing_exception
    raise request.routing_exception  # type: ignore[misc]
  File "/Users/macbook/Downloads/PPE-DETECTION-SYSTEM/.venv/lib/python3.9/site-packages/flask/ctx.py", line 362, in match_request
    result = self.url_adapter.match(return_rule=True)  # type: ignore
  File "/Users/macbook/Downloads/PPE-DETECTION-SYSTEM/.venv/lib/python3.9/site-packages/werkzeug/routing/map.py", line 629, in match
    raise NotFound() from None
werkzeug.exceptions.NotFound: 404 Not Found: The requested URL was not found on the server. If you entered the URL manually please check your spelling and try again.
2026-05-24 22:19:35 | ERROR | ppe.app | Thread-110 | Unhandled error: 404 Not Found: The requested URL was not found on the server. If you entered the URL manually please check your spelling and try again.
Traceback (most recent call last):
  File "/Users/macbook/Downloads/PPE-DETECTION-SYSTEM/.venv/lib/python3.9/site-packages/flask/app.py", line 917, in full_dispatch_request
    rv = self.dispatch_request()
  File "/Users/macbook/Downloads/PPE-DETECTION-SYSTEM/.venv/lib/python3.9/site-packages/flask/app.py", line 891, in dispatch_request
    self.raise_routing_exception(req)
  File "/Users/macbook/Downloads/PPE-DETECTION-SYSTEM/.venv/lib/python3.9/site-packages/flask/app.py", line 500, in raise_routing_exception
    raise request.routing_exception  # type: ignore[misc]
  File "/Users/macbook/Downloads/PPE-DETECTION-SYSTEM/.venv/lib/python3.9/site-packages/flask/ctx.py", line 362, in match_request
    result = self.url_adapter.match(return_rule=True)  # type: ignore
  File "/Users/macbook/Downloads/PPE-DETECTION-SYSTEM/.venv/lib/python3.9/site-packages/werkzeug/routing/map.py", line 629, in match
    raise NotFound() from None
werkzeug.exceptions.NotFound: 404 Not Found: The requested URL was not found on the server. If you entered the URL manually please check your spelling and try again.
2026-05-24 22:19:35 | ERROR | ppe.app | Thread-122 | Unhandled error: 404 Not Found: The requested URL was not found on the server. If you entered the URL manually please check your spelling and try again.
Traceback (most recent call last):
  File "/Users/macbook/Downloads/PPE-DETECTION-SYSTEM/.venv/lib/python3.9/site-packages/flask/app.py", line 917, in full_dispatch_request
    rv = self.dispatch_request()
  File "/Users/macbook/Downloads/PPE-DETECTION-SYSTEM/.venv/lib/python3.9/site-packages/flask/app.py", line 891, in dispatch_request
    self.raise_routing_exception(req)
  File "/Users/macbook/Downloads/PPE-DETECTION-SYSTEM/.venv/lib/python3.9/site-packages/flask/app.py", line 500, in raise_routing_exception
    raise request.routing_exception  # type: ignore[misc]
  File "/Users/macbook/Downloads/PPE-DETECTION-SYSTEM/.venv/lib/python3.9/site-packages/flask/ctx.py", line 362, in match_request
    result = self.url_adapter.match(return_rule=True)  # type: ignore
  File "/Users/macbook/Downloads/PPE-DETECTION-SYSTEM/.venv/lib/python3.9/site-packages/werkzeug/routing/map.py", line 629, in match
    raise NotFound() from None
werkzeug.exceptions.NotFound: 404 Not Found: The requested URL was not found on the server. If you entered the URL manually please check your spelling and try again.
2026-05-24 22:25:02 | ERROR | ppe.app | Thread-19 | Unhandled error: 404 Not Found: The requested URL was not found on the server. If you entered the URL manually please check your spelling and try again.
Traceback (most recent call last):
  File "/Users/macbook/Downloads/PPE-DETECTION-SYSTEM/.venv/lib/python3.9/site-packages/flask/app.py", line 917, in full_dispatch_request
    rv = self.dispatch_request()
  File "/Users/macbook/Downloads/PPE-DETECTION-SYSTEM/.venv/lib/python3.9/site-packages/flask/app.py", line 891, in dispatch_request
    self.raise_routing_exception(req)
  File "/Users/macbook/Downloads/PPE-DETECTION-SYSTEM/.venv/lib/python3.9/site-packages/flask/app.py", line 500, in raise_routing_exception
    raise request.routing_exception  # type: ignore[misc]
  File "/Users/macbook/Downloads/PPE-DETECTION-SYSTEM/.venv/lib/python3.9/site-packages/flask/ctx.py", line 362, in match_request
    result = self.url_adapter.match(return_rule=True)  # type: ignore
  File "/Users/macbook/Downloads/PPE-DETECTION-SYSTEM/.venv/lib/python3.9/site-packages/werkzeug/routing/map.py", line 629, in match
    raise NotFound() from None
werkzeug.exceptions.NotFound: 404 Not Found: The requested URL was not found on the server. If you entered the URL manually please check your spelling and try again.
2026-05-24 22:25:06 | ERROR | ppe.app | Thread-45 | Unhandled error: 404 Not Found: The requested URL was not found on the server. If you entered the URL manually please check your spelling and try again.
Traceback (most recent call last):
  File "/Users/macbook/Downloads/PPE-DETECTION-SYSTEM/.venv/lib/python3.9/site-packages/flask/app.py", line 917, in full_dispatch_request
    rv = self.dispatch_request()
  File "/Users/macbook/Downloads/PPE-DETECTION-SYSTEM/.venv/lib/python3.9/site-packages/flask/app.py", line 891, in dispatch_request
    self.raise_routing_exception(req)
  File "/Users/macbook/Downloads/PPE-DETECTION-SYSTEM/.venv/lib/python3.9/site-packages/flask/app.py", line 500, in raise_routing_exception
    raise request.routing_exception  # type: ignore[misc]
  File "/Users/macbook/Downloads/PPE-DETECTION-SYSTEM/.venv/lib/python3.9/site-packages/flask/ctx.py", line 362, in match_request
    result = self.url_adapter.match(return_rule=True)  # type: ignore
  File "/Users/macbook/Downloads/PPE-DETECTION-SYSTEM/.venv/lib/python3.9/site-packages/werkzeug/routing/map.py", line 629, in match
    raise NotFound() from None
werkzeug.exceptions.NotFound: 404 Not Found: The requested URL was not found on the server. If you entered the URL manually please check your spelling and try again.
2026-05-24 22:26:43 | ERROR | ppe.app | Thread-18 | Unhandled error: 404 Not Found: The requested URL was not found on the server. If you entered the URL manually please check your spelling and try again.
Traceback (most recent call last):
  File "/Users/macbook/Downloads/PPE-DETECTION-SYSTEM/.venv/lib/python3.9/site-packages/flask/app.py", line 917, in full_dispatch_request
    rv = self.dispatch_request()
  File "/Users/macbook/Downloads/PPE-DETECTION-SYSTEM/.venv/lib/python3.9/site-packages/flask/app.py", line 891, in dispatch_request
    self.raise_routing_exception(req)
  File "/Users/macbook/Downloads/PPE-DETECTION-SYSTEM/.venv/lib/python3.9/site-packages/flask/app.py", line 500, in raise_routing_exception
    raise request.routing_exception  # type: ignore[misc]
  File "/Users/macbook/Downloads/PPE-DETECTION-SYSTEM/.venv/lib/python3.9/site-packages/flask/ctx.py", line 362, in match_request
    result = self.url_adapter.match(return_rule=True)  # type: ignore
  File "/Users/macbook/Downloads/PPE-DETECTION-SYSTEM/.venv/lib/python3.9/site-packages/werkzeug/routing/map.py", line 629, in match
    raise NotFound() from None
werkzeug.exceptions.NotFound: 404 Not Found: The requested URL was not found on the server. If you entered the URL manually please check your spelling and try again.
2026-05-24 22:26:51 | ERROR | ppe.app | Thread-45 | Unhandled error: 404 Not Found: The requested URL was not found on the server. If you entered the URL manually please check your spelling and try again.
Traceback (most recent call last):
  File "/Users/macbook/Downloads/PPE-DETECTION-SYSTEM/.venv/lib/python3.9/site-packages/flask/app.py", line 917, in full_dispatch_request
    rv = self.dispatch_request()
  File "/Users/macbook/Downloads/PPE-DETECTION-SYSTEM/.venv/lib/python3.9/site-packages/flask/app.py", line 891, in dispatch_request
    self.raise_routing_exception(req)
  File "/Users/macbook/Downloads/PPE-DETECTION-SYSTEM/.venv/lib/python3.9/site-packages/flask/app.py", line 500, in raise_routing_exception
    raise request.routing_exception  # type: ignore[misc]
  File "/Users/macbook/Downloads/PPE-DETECTION-SYSTEM/.venv/lib/python3.9/site-packages/flask/ctx.py", line 362, in match_request
    result = self.url_adapter.match(return_rule=True)  # type: ignore
  File "/Users/macbook/Downloads/PPE-DETECTION-SYSTEM/.venv/lib/python3.9/site-packages/werkzeug/routing/map.py", line 629, in match
    raise NotFound() from None
werkzeug.exceptions.NotFound: 404 Not Found: The requested URL was not found on the server. If you entered the URL manually please check your spelling and try again.
2026-05-24 22:27:17 | ERROR | ppe.app | Thread-85 | Unhandled error: 404 Not Found: The requested URL was not found on the server. If you entered the URL manually please check your spelling and try again.
Traceback (most recent call last):
  File "/Users/macbook/Downloads/PPE-DETECTION-SYSTEM/.venv/lib/python3.9/site-packages/flask/app.py", line 917, in full_dispatch_request
    rv = self.dispatch_request()
  File "/Users/macbook/Downloads/PPE-DETECTION-SYSTEM/.venv/lib/python3.9/site-packages/flask/app.py", line 891, in dispatch_request
    self.raise_routing_exception(req)
  File "/Users/macbook/Downloads/PPE-DETECTION-SYSTEM/.venv/lib/python3.9/site-packages/flask/app.py", line 500, in raise_routing_exception
    raise request.routing_exception  # type: ignore[misc]
  File "/Users/macbook/Downloads/PPE-DETECTION-SYSTEM/.venv/lib/python3.9/site-packages/flask/ctx.py", line 362, in match_request
    result = self.url_adapter.match(return_rule=True)  # type: ignore
  File "/Users/macbook/Downloads/PPE-DETECTION-SYSTEM/.venv/lib/python3.9/site-packages/werkzeug/routing/map.py", line 629, in match
    raise NotFound() from None
werkzeug.exceptions.NotFound: 404 Not Found: The requested URL was not found on the server. If you entered the URL manually please check your spelling and try again.
2026-05-24 22:27:18 | ERROR | ppe.app | Thread-109 | Unhandled error: 404 Not Found: The requested URL was not found on the server. If you entered the URL manually please check your spelling and try again.
Traceback (most recent call last):
  File "/Users/macbook/Downloads/PPE-DETECTION-SYSTEM/.venv/lib/python3.9/site-packages/flask/app.py", line 917, in full_dispatch_request
    rv = self.dispatch_request()
  File "/Users/macbook/Downloads/PPE-DETECTION-SYSTEM/.venv/lib/python3.9/site-packages/flask/app.py", line 891, in dispatch_request
    self.raise_routing_exception(req)
  File "/Users/macbook/Downloads/PPE-DETECTION-SYSTEM/.venv/lib/python3.9/site-packages/flask/app.py", line 500, in raise_routing_exception
    raise request.routing_exception  # type: ignore[misc]
  File "/Users/macbook/Downloads/PPE-DETECTION-SYSTEM/.venv/lib/python3.9/site-packages/flask/ctx.py", line 362, in match_request
    result = self.url_adapter.match(return_rule=True)  # type: ignore
  File "/Users/macbook/Downloads/PPE-DETECTION-SYSTEM/.venv/lib/python3.9/site-packages/werkzeug/routing/map.py", line 629, in match
    raise NotFound() from None
werkzeug.exceptions.NotFound: 404 Not Found: The requested URL was not found on the server. If you entered the URL manually please check your spelling and try again.
2026-05-24 22:27:19 | ERROR | ppe.app | Thread-134 | Unhandled error: 404 Not Found: The requested URL was not found on the server. If you entered the URL manually please check your spelling and try again.
Traceback (most recent call last):
  File "/Users/macbook/Downloads/PPE-DETECTION-SYSTEM/.venv/lib/python3.9/site-packages/flask/app.py", line 917, in full_dispatch_request
    rv = self.dispatch_request()
  File "/Users/macbook/Downloads/PPE-DETECTION-SYSTEM/.venv/lib/python3.9/site-packages/flask/app.py", line 891, in dispatch_request
    self.raise_routing_exception(req)
  File "/Users/macbook/Downloads/PPE-DETECTION-SYSTEM/.venv/lib/python3.9/site-packages/flask/app.py", line 500, in raise_routing_exception
    raise request.routing_exception  # type: ignore[misc]
  File "/Users/macbook/Downloads/PPE-DETECTION-SYSTEM/.venv/lib/python3.9/site-packages/flask/ctx.py", line 362, in match_request
    result = self.url_adapter.match(return_rule=True)  # type: ignore
  File "/Users/macbook/Downloads/PPE-DETECTION-SYSTEM/.venv/lib/python3.9/site-packages/werkzeug/routing/map.py", line 629, in match
    raise NotFound() from None
werkzeug.exceptions.NotFound: 404 Not Found: The requested URL was not found on the server. If you entered the URL manually please check your spelling and try again.
2026-05-24 22:27:22 | ERROR | ppe.app | Thread-160 | Unhandled error: 404 Not Found: The requested URL was not found on the server. If you entered the URL manually please check your spelling and try again.
Traceback (most recent call last):
  File "/Users/macbook/Downloads/PPE-DETECTION-SYSTEM/.venv/lib/python3.9/site-packages/flask/app.py", line 917, in full_dispatch_request
    rv = self.dispatch_request()
  File "/Users/macbook/Downloads/PPE-DETECTION-SYSTEM/.venv/lib/python3.9/site-packages/flask/app.py", line 891, in dispatch_request
    self.raise_routing_exception(req)
  File "/Users/macbook/Downloads/PPE-DETECTION-SYSTEM/.venv/lib/python3.9/site-packages/flask/app.py", line 500, in raise_routing_exception
    raise request.routing_exception  # type: ignore[misc]
  File "/Users/macbook/Downloads/PPE-DETECTION-SYSTEM/.venv/lib/python3.9/site-packages/flask/ctx.py", line 362, in match_request
    result = self.url_adapter.match(return_rule=True)  # type: ignore
  File "/Users/macbook/Downloads/PPE-DETECTION-SYSTEM/.venv/lib/python3.9/site-packages/werkzeug/routing/map.py", line 629, in match
    raise NotFound() from None
werkzeug.exceptions.NotFound: 404 Not Found: The requested URL was not found on the server. If you entered the URL manually please check your spelling and try again.
2026-05-24 22:27:35 | ERROR | ppe.app | Thread-174 | Unhandled error: 404 Not Found: The requested URL was not found on the server. If you entered the URL manually please check your spelling and try again.
Traceback (most recent call last):
  File "/Users/macbook/Downloads/PPE-DETECTION-SYSTEM/.venv/lib/python3.9/site-packages/flask/app.py", line 917, in full_dispatch_request
    rv = self.dispatch_request()
  File "/Users/macbook/Downloads/PPE-DETECTION-SYSTEM/.venv/lib/python3.9/site-packages/flask/app.py", line 891, in dispatch_request
    self.raise_routing_exception(req)
  File "/Users/macbook/Downloads/PPE-DETECTION-SYSTEM/.venv/lib/python3.9/site-packages/flask/app.py", line 500, in raise_routing_exception
    raise request.routing_exception  # type: ignore[misc]
  File "/Users/macbook/Downloads/PPE-DETECTION-SYSTEM/.venv/lib/python3.9/site-packages/flask/ctx.py", line 362, in match_request
    result = self.url_adapter.match(return_rule=True)  # type: ignore
  File "/Users/macbook/Downloads/PPE-DETECTION-SYSTEM/.venv/lib/python3.9/site-packages/werkzeug/routing/map.py", line 629, in match
    raise NotFound() from None
werkzeug.exceptions.NotFound: 404 Not Found: The requested URL was not found on the server. If you entered the URL manually please check your spelling and try again.
2026-05-24 22:27:36 | ERROR | ppe.app | Thread-186 | Unhandled error: 404 Not Found: The requested URL was not found on the server. If you entered the URL manually please check your spelling and try again.
Traceback (most recent call last):
  File "/Users/macbook/Downloads/PPE-DETECTION-SYSTEM/.venv/lib/python3.9/site-packages/flask/app.py", line 917, in full_dispatch_request
    rv = self.dispatch_request()
  File "/Users/macbook/Downloads/PPE-DETECTION-SYSTEM/.venv/lib/python3.9/site-packages/flask/app.py", line 891, in dispatch_request
    self.raise_routing_exception(req)
  File "/Users/macbook/Downloads/PPE-DETECTION-SYSTEM/.venv/lib/python3.9/site-packages/flask/app.py", line 500, in raise_routing_exception
    raise request.routing_exception  # type: ignore[misc]
  File "/Users/macbook/Downloads/PPE-DETECTION-SYSTEM/.venv/lib/python3.9/site-packages/flask/ctx.py", line 362, in match_request
    result = self.url_adapter.match(return_rule=True)  # type: ignore
  File "/Users/macbook/Downloads/PPE-DETECTION-SYSTEM/.venv/lib/python3.9/site-packages/werkzeug/routing/map.py", line 629, in match
    raise NotFound() from None
werkzeug.exceptions.NotFound: 404 Not Found: The requested URL was not found on the server. If you entered the URL manually please check your spelling and try again.
2026-05-24 22:27:37 | ERROR | ppe.app | Thread-199 | Unhandled error: 404 Not Found: The requested URL was not found on the server. If you entered the URL manually please check your spelling and try again.
Traceback (most recent call last):
  File "/Users/macbook/Downloads/PPE-DETECTION-SYSTEM/.venv/lib/python3.9/site-packages/flask/app.py", line 917, in full_dispatch_request
    rv = self.dispatch_request()
  File "/Users/macbook/Downloads/PPE-DETECTION-SYSTEM/.venv/lib/python3.9/site-packages/flask/app.py", line 891, in dispatch_request
    self.raise_routing_exception(req)
  File "/Users/macbook/Downloads/PPE-DETECTION-SYSTEM/.venv/lib/python3.9/site-packages/flask/app.py", line 500, in raise_routing_exception
    raise request.routing_exception  # type: ignore[misc]
  File "/Users/macbook/Downloads/PPE-DETECTION-SYSTEM/.venv/lib/python3.9/site-packages/flask/ctx.py", line 362, in match_request
    result = self.url_adapter.match(return_rule=True)  # type: ignore
  File "/Users/macbook/Downloads/PPE-DETECTION-SYSTEM/.venv/lib/python3.9/site-packages/werkzeug/routing/map.py", line 629, in match
    raise NotFound() from None
werkzeug.exceptions.NotFound: 404 Not Found: The requested URL was not found on the server. If you entered the URL manually please check your spelling and try again.
2026-05-24 22:27:38 | ERROR | ppe.app | Thread-211 | Unhandled error: 404 Not Found: The requested URL was not found on the server. If you entered the URL manually please check your spelling and try again.
Traceback (most recent call last):
  File "/Users/macbook/Downloads/PPE-DETECTION-SYSTEM/.venv/lib/python3.9/site-packages/flask/app.py", line 917, in full_dispatch_request
    rv = self.dispatch_request()
  File "/Users/macbook/Downloads/PPE-DETECTION-SYSTEM/.venv/lib/python3.9/site-packages/flask/app.py", line 891, in dispatch_request
    self.raise_routing_exception(req)
  File "/Users/macbook/Downloads/PPE-DETECTION-SYSTEM/.venv/lib/python3.9/site-packages/flask/app.py", line 500, in raise_routing_exception
    raise request.routing_exception  # type: ignore[misc]
  File "/Users/macbook/Downloads/PPE-DETECTION-SYSTEM/.venv/lib/python3.9/site-packages/flask/ctx.py", line 362, in match_request
    result = self.url_adapter.match(return_rule=True)  # type: ignore
  File "/Users/macbook/Downloads/PPE-DETECTION-SYSTEM/.venv/lib/python3.9/site-packages/werkzeug/routing/map.py", line 629, in match
    raise NotFound() from None
werkzeug.exceptions.NotFound: 404 Not Found: The requested URL was not found on the server. If you entered the URL manually please check your spelling and try again.
2026-05-24 22:27:53 | ERROR | ppe.app | Thread-223 | Unhandled error: 404 Not Found: The requested URL was not found on the server. If you entered the URL manually please check your spelling and try again.
Traceback (most recent call last):
  File "/Users/macbook/Downloads/PPE-DETECTION-SYSTEM/.venv/lib/python3.9/site-packages/flask/app.py", line 917, in full_dispatch_request
    rv = self.dispatch_request()
  File "/Users/macbook/Downloads/PPE-DETECTION-SYSTEM/.venv/lib/python3.9/site-packages/flask/app.py", line 891, in dispatch_request
    self.raise_routing_exception(req)
  File "/Users/macbook/Downloads/PPE-DETECTION-SYSTEM/.venv/lib/python3.9/site-packages/flask/app.py", line 500, in raise_routing_exception
    raise request.routing_exception  # type: ignore[misc]
  File "/Users/macbook/Downloads/PPE-DETECTION-SYSTEM/.venv/lib/python3.9/site-packages/flask/ctx.py", line 362, in match_request
    result = self.url_adapter.match(return_rule=True)  # type: ignore
  File "/Users/macbook/Downloads/PPE-DETECTION-SYSTEM/.venv/lib/python3.9/site-packages/werkzeug/routing/map.py", line 629, in match
    raise NotFound() from None
werkzeug.exceptions.NotFound: 404 Not Found: The requested URL was not found on the server. If you entered the URL manually please check your spelling and try again.
2026-05-24 22:32:48 | ERROR | ppe.app | Thread-27 | Unhandled error: 404 Not Found: The requested URL was not found on the server. If you entered the URL manually please check your spelling and try again.
Traceback (most recent call last):
  File "/Users/macbook/Downloads/PPE-DETECTION-SYSTEM/.venv/lib/python3.9/site-packages/flask/app.py", line 917, in full_dispatch_request
    rv = self.dispatch_request()
  File "/Users/macbook/Downloads/PPE-DETECTION-SYSTEM/.venv/lib/python3.9/site-packages/flask/app.py", line 891, in dispatch_request
    self.raise_routing_exception(req)
  File "/Users/macbook/Downloads/PPE-DETECTION-SYSTEM/.venv/lib/python3.9/site-packages/flask/app.py", line 500, in raise_routing_exception
    raise request.routing_exception  # type: ignore[misc]
  File "/Users/macbook/Downloads/PPE-DETECTION-SYSTEM/.venv/lib/python3.9/site-packages/flask/ctx.py", line 362, in match_request
    result = self.url_adapter.match(return_rule=True)  # type: ignore
  File "/Users/macbook/Downloads/PPE-DETECTION-SYSTEM/.venv/lib/python3.9/site-packages/werkzeug/routing/map.py", line 629, in match
    raise NotFound() from None
werkzeug.exceptions.NotFound: 404 Not Found: The requested URL was not found on the server. If you entered the URL manually please check your spelling and try again.
2026-05-24 22:32:51 | ERROR | ppe.app | Thread-57 | Unhandled error: 404 Not Found: The requested URL was not found on the server. If you entered the URL manually please check your spelling and try again.
Traceback (most recent call last):
  File "/Users/macbook/Downloads/PPE-DETECTION-SYSTEM/.venv/lib/python3.9/site-packages/flask/app.py", line 917, in full_dispatch_request
    rv = self.dispatch_request()
  File "/Users/macbook/Downloads/PPE-DETECTION-SYSTEM/.venv/lib/python3.9/site-packages/flask/app.py", line 891, in dispatch_request
    self.raise_routing_exception(req)
  File "/Users/macbook/Downloads/PPE-DETECTION-SYSTEM/.venv/lib/python3.9/site-packages/flask/app.py", line 500, in raise_routing_exception
    raise request.routing_exception  # type: ignore[misc]
  File "/Users/macbook/Downloads/PPE-DETECTION-SYSTEM/.venv/lib/python3.9/site-packages/flask/ctx.py", line 362, in match_request
    result = self.url_adapter.match(return_rule=True)  # type: ignore
  File "/Users/macbook/Downloads/PPE-DETECTION-SYSTEM/.venv/lib/python3.9/site-packages/werkzeug/routing/map.py", line 629, in match
    raise NotFound() from None
werkzeug.exceptions.NotFound: 404 Not Found: The requested URL was not found on the server. If you entered the URL manually please check your spelling and try again.
2026-05-24 22:32:54 | ERROR | ppe.app | Thread-58 | Unhandled error: FOREIGN KEY constraint failed
Traceback (most recent call last):
  File "/Users/macbook/Downloads/PPE-DETECTION-SYSTEM/.venv/lib/python3.9/site-packages/flask/app.py", line 917, in full_dispatch_request
    rv = self.dispatch_request()
  File "/Users/macbook/Downloads/PPE-DETECTION-SYSTEM/.venv/lib/python3.9/site-packages/flask/app.py", line 902, in dispatch_request
    return self.ensure_sync(self.view_functions[rule.endpoint])(**view_args)  # type: ignore[no-any-return]
  File "/Users/macbook/Downloads/PPE-DETECTION-SYSTEM/app.py", line 342, in delete_all_events
    conn.execute("DELETE FROM events")
sqlite3.IntegrityError: FOREIGN KEY constraint failed
2026-05-24 22:33:17 | ERROR | ppe.app | Thread-59 | Unhandled error: FOREIGN KEY constraint failed
Traceback (most recent call last):
  File "/Users/macbook/Downloads/PPE-DETECTION-SYSTEM/.venv/lib/python3.9/site-packages/flask/app.py", line 917, in full_dispatch_request
    rv = self.dispatch_request()
  File "/Users/macbook/Downloads/PPE-DETECTION-SYSTEM/.venv/lib/python3.9/site-packages/flask/app.py", line 902, in dispatch_request
    return self.ensure_sync(self.view_functions[rule.endpoint])(**view_args)  # type: ignore[no-any-return]
  File "/Users/macbook/Downloads/PPE-DETECTION-SYSTEM/app.py", line 330, in delete_event
    conn.execute(
sqlite3.IntegrityError: FOREIGN KEY constraint failed
2026-05-24 22:35:34 | ERROR | ppe.app | Thread-19 | Unhandled error: 404 Not Found: The requested URL was not found on the server. If you entered the URL manually please check your spelling and try again.
Traceback (most recent call last):
  File "/Users/macbook/Downloads/PPE-DETECTION-SYSTEM/.venv/lib/python3.9/site-packages/flask/app.py", line 917, in full_dispatch_request
    rv = self.dispatch_request()
  File "/Users/macbook/Downloads/PPE-DETECTION-SYSTEM/.venv/lib/python3.9/site-packages/flask/app.py", line 891, in dispatch_request
    self.raise_routing_exception(req)
  File "/Users/macbook/Downloads/PPE-DETECTION-SYSTEM/.venv/lib/python3.9/site-packages/flask/app.py", line 500, in raise_routing_exception
    raise request.routing_exception  # type: ignore[misc]
  File "/Users/macbook/Downloads/PPE-DETECTION-SYSTEM/.venv/lib/python3.9/site-packages/flask/ctx.py", line 362, in match_request
    result = self.url_adapter.match(return_rule=True)  # type: ignore
  File "/Users/macbook/Downloads/PPE-DETECTION-SYSTEM/.venv/lib/python3.9/site-packages/werkzeug/routing/map.py", line 629, in match
    raise NotFound() from None
werkzeug.exceptions.NotFound: 404 Not Found: The requested URL was not found on the server. If you entered the URL manually please check your spelling and try again.
2026-05-24 22:35:36 | ERROR | ppe.app | Thread-30 | Unhandled error: 404 Not Found: The requested URL was not found on the server. If you entered the URL manually please check your spelling and try again.
Traceback (most recent call last):
  File "/Users/macbook/Downloads/PPE-DETECTION-SYSTEM/.venv/lib/python3.9/site-packages/flask/app.py", line 917, in full_dispatch_request
    rv = self.dispatch_request()
  File "/Users/macbook/Downloads/PPE-DETECTION-SYSTEM/.venv/lib/python3.9/site-packages/flask/app.py", line 891, in dispatch_request
    self.raise_routing_exception(req)
  File "/Users/macbook/Downloads/PPE-DETECTION-SYSTEM/.venv/lib/python3.9/site-packages/flask/app.py", line 500, in raise_routing_exception
    raise request.routing_exception  # type: ignore[misc]
  File "/Users/macbook/Downloads/PPE-DETECTION-SYSTEM/.venv/lib/python3.9/site-packages/flask/ctx.py", line 362, in match_request
    result = self.url_adapter.match(return_rule=True)  # type: ignore
  File "/Users/macbook/Downloads/PPE-DETECTION-SYSTEM/.venv/lib/python3.9/site-packages/werkzeug/routing/map.py", line 629, in match
    raise NotFound() from None
werkzeug.exceptions.NotFound: 404 Not Found: The requested URL was not found on the server. If you entered the URL manually please check your spelling and try again.
2026-05-24 22:35:37 | ERROR | ppe.app | Thread-43 | Unhandled error: 404 Not Found: The requested URL was not found on the server. If you entered the URL manually please check your spelling and try again.
Traceback (most recent call last):
  File "/Users/macbook/Downloads/PPE-DETECTION-SYSTEM/.venv/lib/python3.9/site-packages/flask/app.py", line 917, in full_dispatch_request
    rv = self.dispatch_request()
  File "/Users/macbook/Downloads/PPE-DETECTION-SYSTEM/.venv/lib/python3.9/site-packages/flask/app.py", line 891, in dispatch_request
    self.raise_routing_exception(req)
  File "/Users/macbook/Downloads/PPE-DETECTION-SYSTEM/.venv/lib/python3.9/site-packages/flask/app.py", line 500, in raise_routing_exception
    raise request.routing_exception  # type: ignore[misc]
  File "/Users/macbook/Downloads/PPE-DETECTION-SYSTEM/.venv/lib/python3.9/site-packages/flask/ctx.py", line 362, in match_request
    result = self.url_adapter.match(return_rule=True)  # type: ignore
  File "/Users/macbook/Downloads/PPE-DETECTION-SYSTEM/.venv/lib/python3.9/site-packages/werkzeug/routing/map.py", line 629, in match
    raise NotFound() from None
werkzeug.exceptions.NotFound: 404 Not Found: The requested URL was not found on the server. If you entered the URL manually please check your spelling and try again.
2026-05-24 22:35:39 | ERROR | ppe.app | Thread-81 | Unhandled error: 404 Not Found: The requested URL was not found on the server. If you entered the URL manually please check your spelling and try again.
Traceback (most recent call last):
  File "/Users/macbook/Downloads/PPE-DETECTION-SYSTEM/.venv/lib/python3.9/site-packages/flask/app.py", line 917, in full_dispatch_request
    rv = self.dispatch_request()
  File "/Users/macbook/Downloads/PPE-DETECTION-SYSTEM/.venv/lib/python3.9/site-packages/flask/app.py", line 891, in dispatch_request
    self.raise_routing_exception(req)
  File "/Users/macbook/Downloads/PPE-DETECTION-SYSTEM/.venv/lib/python3.9/site-packages/flask/app.py", line 500, in raise_routing_exception
    raise request.routing_exception  # type: ignore[misc]
  File "/Users/macbook/Downloads/PPE-DETECTION-SYSTEM/.venv/lib/python3.9/site-packages/flask/ctx.py", line 362, in match_request
    result = self.url_adapter.match(return_rule=True)  # type: ignore
  File "/Users/macbook/Downloads/PPE-DETECTION-SYSTEM/.venv/lib/python3.9/site-packages/werkzeug/routing/map.py", line 629, in match
    raise NotFound() from None
werkzeug.exceptions.NotFound: 404 Not Found: The requested URL was not found on the server. If you entered the URL manually please check your spelling and try again.
2026-05-24 22:35:41 | ERROR | ppe.app | Thread-90 | Unhandled error: 404 Not Found: The requested URL was not found on the server. If you entered the URL manually please check your spelling and try again.
Traceback (most recent call last):
  File "/Users/macbook/Downloads/PPE-DETECTION-SYSTEM/.venv/lib/python3.9/site-packages/flask/app.py", line 917, in full_dispatch_request
    rv = self.dispatch_request()
  File "/Users/macbook/Downloads/PPE-DETECTION-SYSTEM/.venv/lib/python3.9/site-packages/flask/app.py", line 891, in dispatch_request
    self.raise_routing_exception(req)
  File "/Users/macbook/Downloads/PPE-DETECTION-SYSTEM/.venv/lib/python3.9/site-packages/flask/app.py", line 500, in raise_routing_exception
    raise request.routing_exception  # type: ignore[misc]
  File "/Users/macbook/Downloads/PPE-DETECTION-SYSTEM/.venv/lib/python3.9/site-packages/flask/ctx.py", line 362, in match_request
    result = self.url_adapter.match(return_rule=True)  # type: ignore
  File "/Users/macbook/Downloads/PPE-DETECTION-SYSTEM/.venv/lib/python3.9/site-packages/werkzeug/routing/map.py", line 629, in match
    raise NotFound() from None
werkzeug.exceptions.NotFound: 404 Not Found: The requested URL was not found on the server. If you entered the URL manually please check your spelling and try again.
2026-05-24 22:35:43 | ERROR | ppe.app | Thread-105 | Unhandled error: 404 Not Found: The requested URL was not found on the server. If you entered the URL manually please check your spelling and try again.
Traceback (most recent call last):
  File "/Users/macbook/Downloads/PPE-DETECTION-SYSTEM/.venv/lib/python3.9/site-packages/flask/app.py", line 917, in full_dispatch_request
    rv = self.dispatch_request()
  File "/Users/macbook/Downloads/PPE-DETECTION-SYSTEM/.venv/lib/python3.9/site-packages/flask/app.py", line 891, in dispatch_request
    self.raise_routing_exception(req)
  File "/Users/macbook/Downloads/PPE-DETECTION-SYSTEM/.venv/lib/python3.9/site-packages/flask/app.py", line 500, in raise_routing_exception
    raise request.routing_exception  # type: ignore[misc]
  File "/Users/macbook/Downloads/PPE-DETECTION-SYSTEM/.venv/lib/python3.9/site-packages/flask/ctx.py", line 362, in match_request
    result = self.url_adapter.match(return_rule=True)  # type: ignore
  File "/Users/macbook/Downloads/PPE-DETECTION-SYSTEM/.venv/lib/python3.9/site-packages/werkzeug/routing/map.py", line 629, in match
    raise NotFound() from None
werkzeug.exceptions.NotFound: 404 Not Found: The requested URL was not found on the server. If you entered the URL manually please check your spelling and try again.
2026-05-24 22:35:44 | ERROR | ppe.app | Thread-115 | Unhandled error: 404 Not Found: The requested URL was not found on the server. If you entered the URL manually please check your spelling and try again.
Traceback (most recent call last):
  File "/Users/macbook/Downloads/PPE-DETECTION-SYSTEM/.venv/lib/python3.9/site-packages/flask/app.py", line 917, in full_dispatch_request
    rv = self.dispatch_request()
  File "/Users/macbook/Downloads/PPE-DETECTION-SYSTEM/.venv/lib/python3.9/site-packages/flask/app.py", line 891, in dispatch_request
    self.raise_routing_exception(req)
  File "/Users/macbook/Downloads/PPE-DETECTION-SYSTEM/.venv/lib/python3.9/site-packages/flask/app.py", line 500, in raise_routing_exception
    raise request.routing_exception  # type: ignore[misc]
  File "/Users/macbook/Downloads/PPE-DETECTION-SYSTEM/.venv/lib/python3.9/site-packages/flask/ctx.py", line 362, in match_request
    result = self.url_adapter.match(return_rule=True)  # type: ignore
  File "/Users/macbook/Downloads/PPE-DETECTION-SYSTEM/.venv/lib/python3.9/site-packages/werkzeug/routing/map.py", line 629, in match
    raise NotFound() from None
werkzeug.exceptions.NotFound: 404 Not Found: The requested URL was not found on the server. If you entered the URL manually please check your spelling and try again.
2026-05-24 22:35:45 | ERROR | ppe.app | Thread-127 | Unhandled error: 404 Not Found: The requested URL was not found on the server. If you entered the URL manually please check your spelling and try again.
Traceback (most recent call last):
  File "/Users/macbook/Downloads/PPE-DETECTION-SYSTEM/.venv/lib/python3.9/site-packages/flask/app.py", line 917, in full_dispatch_request
    rv = self.dispatch_request()
  File "/Users/macbook/Downloads/PPE-DETECTION-SYSTEM/.venv/lib/python3.9/site-packages/flask/app.py", line 891, in dispatch_request
    self.raise_routing_exception(req)
  File "/Users/macbook/Downloads/PPE-DETECTION-SYSTEM/.venv/lib/python3.9/site-packages/flask/app.py", line 500, in raise_routing_exception
    raise request.routing_exception  # type: ignore[misc]
  File "/Users/macbook/Downloads/PPE-DETECTION-SYSTEM/.venv/lib/python3.9/site-packages/flask/ctx.py", line 362, in match_request
    result = self.url_adapter.match(return_rule=True)  # type: ignore
  File "/Users/macbook/Downloads/PPE-DETECTION-SYSTEM/.venv/lib/python3.9/site-packages/werkzeug/routing/map.py", line 629, in match
    raise NotFound() from None
werkzeug.exceptions.NotFound: 404 Not Found: The requested URL was not found on the server. If you entered the URL manually please check your spelling and try again.
2026-05-24 22:35:46 | ERROR | ppe.app | Thread-147 | Unhandled error: 404 Not Found: The requested URL was not found on the server. If you entered the URL manually please check your spelling and try again.
Traceback (most recent call last):
  File "/Users/macbook/Downloads/PPE-DETECTION-SYSTEM/.venv/lib/python3.9/site-packages/flask/app.py", line 917, in full_dispatch_request
    rv = self.dispatch_request()
  File "/Users/macbook/Downloads/PPE-DETECTION-SYSTEM/.venv/lib/python3.9/site-packages/flask/app.py", line 891, in dispatch_request
    self.raise_routing_exception(req)
  File "/Users/macbook/Downloads/PPE-DETECTION-SYSTEM/.venv/lib/python3.9/site-packages/flask/app.py", line 500, in raise_routing_exception
    raise request.routing_exception  # type: ignore[misc]
  File "/Users/macbook/Downloads/PPE-DETECTION-SYSTEM/.venv/lib/python3.9/site-packages/flask/ctx.py", line 362, in match_request
    result = self.url_adapter.match(return_rule=True)  # type: ignore
  File "/Users/macbook/Downloads/PPE-DETECTION-SYSTEM/.venv/lib/python3.9/site-packages/werkzeug/routing/map.py", line 629, in match
    raise NotFound() from None
werkzeug.exceptions.NotFound: 404 Not Found: The requested URL was not found on the server. If you entered the URL manually please check your spelling and try again.
2026-05-24 22:35:47 | ERROR | ppe.app | Thread-162 | Unhandled error: 404 Not Found: The requested URL was not found on the server. If you entered the URL manually please check your spelling and try again.
Traceback (most recent call last):
  File "/Users/macbook/Downloads/PPE-DETECTION-SYSTEM/.venv/lib/python3.9/site-packages/flask/app.py", line 917, in full_dispatch_request
    rv = self.dispatch_request()
  File "/Users/macbook/Downloads/PPE-DETECTION-SYSTEM/.venv/lib/python3.9/site-packages/flask/app.py", line 891, in dispatch_request
    self.raise_routing_exception(req)
  File "/Users/macbook/Downloads/PPE-DETECTION-SYSTEM/.venv/lib/python3.9/site-packages/flask/app.py", line 500, in raise_routing_exception
    raise request.routing_exception  # type: ignore[misc]
  File "/Users/macbook/Downloads/PPE-DETECTION-SYSTEM/.venv/lib/python3.9/site-packages/flask/ctx.py", line 362, in match_request
    result = self.url_adapter.match(return_rule=True)  # type: ignore
  File "/Users/macbook/Downloads/PPE-DETECTION-SYSTEM/.venv/lib/python3.9/site-packages/werkzeug/routing/map.py", line 629, in match
    raise NotFound() from None
werkzeug.exceptions.NotFound: 404 Not Found: The requested URL was not found on the server. If you entered the URL manually please check your spelling and try again.
2026-05-24 22:36:39 | ERROR | ppe.app | Thread-19 | Unhandled error: 404 Not Found: The requested URL was not found on the server. If you entered the URL manually please check your spelling and try again.
Traceback (most recent call last):
  File "/Users/macbook/Downloads/PPE-DETECTION-SYSTEM/.venv/lib/python3.9/site-packages/flask/app.py", line 917, in full_dispatch_request
    rv = self.dispatch_request()
  File "/Users/macbook/Downloads/PPE-DETECTION-SYSTEM/.venv/lib/python3.9/site-packages/flask/app.py", line 891, in dispatch_request
    self.raise_routing_exception(req)
  File "/Users/macbook/Downloads/PPE-DETECTION-SYSTEM/.venv/lib/python3.9/site-packages/flask/app.py", line 500, in raise_routing_exception
    raise request.routing_exception  # type: ignore[misc]
  File "/Users/macbook/Downloads/PPE-DETECTION-SYSTEM/.venv/lib/python3.9/site-packages/flask/ctx.py", line 362, in match_request
    result = self.url_adapter.match(return_rule=True)  # type: ignore
  File "/Users/macbook/Downloads/PPE-DETECTION-SYSTEM/.venv/lib/python3.9/site-packages/werkzeug/routing/map.py", line 629, in match
    raise NotFound() from None
werkzeug.exceptions.NotFound: 404 Not Found: The requested URL was not found on the server. If you entered the URL manually please check your spelling and try again.
2026-05-24 22:41:32 | ERROR | ppe.app | Thread-45 | Unhandled error: 404 Not Found: The requested URL was not found on the server. If you entered the URL manually please check your spelling and try again.
Traceback (most recent call last):
  File "/Users/macbook/Downloads/PPE-DETECTION-SYSTEM/.venv/lib/python3.9/site-packages/flask/app.py", line 917, in full_dispatch_request
    rv = self.dispatch_request()
  File "/Users/macbook/Downloads/PPE-DETECTION-SYSTEM/.venv/lib/python3.9/site-packages/flask/app.py", line 891, in dispatch_request
    self.raise_routing_exception(req)
  File "/Users/macbook/Downloads/PPE-DETECTION-SYSTEM/.venv/lib/python3.9/site-packages/flask/app.py", line 500, in raise_routing_exception
    raise request.routing_exception  # type: ignore[misc]
  File "/Users/macbook/Downloads/PPE-DETECTION-SYSTEM/.venv/lib/python3.9/site-packages/flask/ctx.py", line 362, in match_request
    result = self.url_adapter.match(return_rule=True)  # type: ignore
  File "/Users/macbook/Downloads/PPE-DETECTION-SYSTEM/.venv/lib/python3.9/site-packages/werkzeug/routing/map.py", line 629, in match
    raise NotFound() from None
werkzeug.exceptions.NotFound: 404 Not Found: The requested URL was not found on the server. If you entered the URL manually please check your spelling and try again.
2026-05-24 22:41:35 | ERROR | ppe.app | Thread-58 | Unhandled error: 404 Not Found: The requested URL was not found on the server. If you entered the URL manually please check your spelling and try again.
Traceback (most recent call last):
  File "/Users/macbook/Downloads/PPE-DETECTION-SYSTEM/.venv/lib/python3.9/site-packages/flask/app.py", line 917, in full_dispatch_request
    rv = self.dispatch_request()
  File "/Users/macbook/Downloads/PPE-DETECTION-SYSTEM/.venv/lib/python3.9/site-packages/flask/app.py", line 891, in dispatch_request
    self.raise_routing_exception(req)
  File "/Users/macbook/Downloads/PPE-DETECTION-SYSTEM/.venv/lib/python3.9/site-packages/flask/app.py", line 500, in raise_routing_exception
    raise request.routing_exception  # type: ignore[misc]
  File "/Users/macbook/Downloads/PPE-DETECTION-SYSTEM/.venv/lib/python3.9/site-packages/flask/ctx.py", line 362, in match_request
    result = self.url_adapter.match(return_rule=True)  # type: ignore
  File "/Users/macbook/Downloads/PPE-DETECTION-SYSTEM/.venv/lib/python3.9/site-packages/werkzeug/routing/map.py", line 629, in match
    raise NotFound() from None
werkzeug.exceptions.NotFound: 404 Not Found: The requested URL was not found on the server. If you entered the URL manually please check your spelling and try again.
2026-05-24 22:41:36 | ERROR | ppe.app | Thread-75 | Unhandled error: 404 Not Found: The requested URL was not found on the server. If you entered the URL manually please check your spelling and try again.
Traceback (most recent call last):
  File "/Users/macbook/Downloads/PPE-DETECTION-SYSTEM/.venv/lib/python3.9/site-packages/flask/app.py", line 917, in full_dispatch_request
    rv = self.dispatch_request()
  File "/Users/macbook/Downloads/PPE-DETECTION-SYSTEM/.venv/lib/python3.9/site-packages/flask/app.py", line 891, in dispatch_request
    self.raise_routing_exception(req)
  File "/Users/macbook/Downloads/PPE-DETECTION-SYSTEM/.venv/lib/python3.9/site-packages/flask/app.py", line 500, in raise_routing_exception
    raise request.routing_exception  # type: ignore[misc]
  File "/Users/macbook/Downloads/PPE-DETECTION-SYSTEM/.venv/lib/python3.9/site-packages/flask/ctx.py", line 362, in match_request
    result = self.url_adapter.match(return_rule=True)  # type: ignore
  File "/Users/macbook/Downloads/PPE-DETECTION-SYSTEM/.venv/lib/python3.9/site-packages/werkzeug/routing/map.py", line 629, in match
    raise NotFound() from None
werkzeug.exceptions.NotFound: 404 Not Found: The requested URL was not found on the server. If you entered the URL manually please check your spelling and try again.
2026-05-24 22:41:37 | ERROR | ppe.app | Thread-89 | Unhandled error: 404 Not Found: The requested URL was not found on the server. If you entered the URL manually please check your spelling and try again.
Traceback (most recent call last):
  File "/Users/macbook/Downloads/PPE-DETECTION-SYSTEM/.venv/lib/python3.9/site-packages/flask/app.py", line 917, in full_dispatch_request
    rv = self.dispatch_request()
  File "/Users/macbook/Downloads/PPE-DETECTION-SYSTEM/.venv/lib/python3.9/site-packages/flask/app.py", line 891, in dispatch_request
    self.raise_routing_exception(req)
  File "/Users/macbook/Downloads/PPE-DETECTION-SYSTEM/.venv/lib/python3.9/site-packages/flask/app.py", line 500, in raise_routing_exception
    raise request.routing_exception  # type: ignore[misc]
  File "/Users/macbook/Downloads/PPE-DETECTION-SYSTEM/.venv/lib/python3.9/site-packages/flask/ctx.py", line 362, in match_request
    result = self.url_adapter.match(return_rule=True)  # type: ignore
  File "/Users/macbook/Downloads/PPE-DETECTION-SYSTEM/.venv/lib/python3.9/site-packages/werkzeug/routing/map.py", line 629, in match
    raise NotFound() from None
werkzeug.exceptions.NotFound: 404 Not Found: The requested URL was not found on the server. If you entered the URL manually please check your spelling and try again.
2026-05-24 22:57:29 | ERROR | ppe.app | Thread-113 | Unhandled error: 404 Not Found: The requested URL was not found on the server. If you entered the URL manually please check your spelling and try again.
Traceback (most recent call last):
  File "/Users/macbook/Downloads/PPE-DETECTION-SYSTEM/.venv/lib/python3.9/site-packages/flask/app.py", line 917, in full_dispatch_request
    rv = self.dispatch_request()
  File "/Users/macbook/Downloads/PPE-DETECTION-SYSTEM/.venv/lib/python3.9/site-packages/flask/app.py", line 891, in dispatch_request
    self.raise_routing_exception(req)
  File "/Users/macbook/Downloads/PPE-DETECTION-SYSTEM/.venv/lib/python3.9/site-packages/flask/app.py", line 500, in raise_routing_exception
    raise request.routing_exception  # type: ignore[misc]
  File "/Users/macbook/Downloads/PPE-DETECTION-SYSTEM/.venv/lib/python3.9/site-packages/flask/ctx.py", line 362, in match_request
    result = self.url_adapter.match(return_rule=True)  # type: ignore
  File "/Users/macbook/Downloads/PPE-DETECTION-SYSTEM/.venv/lib/python3.9/site-packages/werkzeug/routing/map.py", line 629, in match
    raise NotFound() from None
werkzeug.exceptions.NotFound: 404 Not Found: The requested URL was not found on the server. If you entered the URL manually please check your spelling and try again.
2026-05-24 22:57:39 | ERROR | ppe.app | Thread-128 | Unhandled error: 404 Not Found: The requested URL was not found on the server. If you entered the URL manually please check your spelling and try again.
Traceback (most recent call last):
  File "/Users/macbook/Downloads/PPE-DETECTION-SYSTEM/.venv/lib/python3.9/site-packages/flask/app.py", line 917, in full_dispatch_request
    rv = self.dispatch_request()
  File "/Users/macbook/Downloads/PPE-DETECTION-SYSTEM/.venv/lib/python3.9/site-packages/flask/app.py", line 891, in dispatch_request
    self.raise_routing_exception(req)
  File "/Users/macbook/Downloads/PPE-DETECTION-SYSTEM/.venv/lib/python3.9/site-packages/flask/app.py", line 500, in raise_routing_exception
    raise request.routing_exception  # type: ignore[misc]
  File "/Users/macbook/Downloads/PPE-DETECTION-SYSTEM/.venv/lib/python3.9/site-packages/flask/ctx.py", line 362, in match_request
    result = self.url_adapter.match(return_rule=True)  # type: ignore
  File "/Users/macbook/Downloads/PPE-DETECTION-SYSTEM/.venv/lib/python3.9/site-packages/werkzeug/routing/map.py", line 629, in match
    raise NotFound() from None
werkzeug.exceptions.NotFound: 404 Not Found: The requested URL was not found on the server. If you entered the URL manually please check your spelling and try again.
2026-05-24 22:57:47 | ERROR | ppe.app | Thread-134 | Unhandled error: 404 Not Found: The requested URL was not found on the server. If you entered the URL manually please check your spelling and try again.
Traceback (most recent call last):
  File "/Users/macbook/Downloads/PPE-DETECTION-SYSTEM/.venv/lib/python3.9/site-packages/flask/app.py", line 917, in full_dispatch_request
    rv = self.dispatch_request()
  File "/Users/macbook/Downloads/PPE-DETECTION-SYSTEM/.venv/lib/python3.9/site-packages/flask/app.py", line 891, in dispatch_request
    self.raise_routing_exception(req)
  File "/Users/macbook/Downloads/PPE-DETECTION-SYSTEM/.venv/lib/python3.9/site-packages/flask/app.py", line 500, in raise_routing_exception
    raise request.routing_exception  # type: ignore[misc]
  File "/Users/macbook/Downloads/PPE-DETECTION-SYSTEM/.venv/lib/python3.9/site-packages/flask/ctx.py", line 362, in match_request
    result = self.url_adapter.match(return_rule=True)  # type: ignore
  File "/Users/macbook/Downloads/PPE-DETECTION-SYSTEM/.venv/lib/python3.9/site-packages/werkzeug/routing/map.py", line 629, in match
    raise NotFound() from None
werkzeug.exceptions.NotFound: 404 Not Found: The requested URL was not found on the server. If you entered the URL manually please check your spelling and try again.
2026-05-24 22:57:52 | ERROR | ppe.app | Thread-148 | Unhandled error: 404 Not Found: The requested URL was not found on the server. If you entered the URL manually please check your spelling and try again.
Traceback (most recent call last):
  File "/Users/macbook/Downloads/PPE-DETECTION-SYSTEM/.venv/lib/python3.9/site-packages/flask/app.py", line 917, in full_dispatch_request
    rv = self.dispatch_request()
  File "/Users/macbook/Downloads/PPE-DETECTION-SYSTEM/.venv/lib/python3.9/site-packages/flask/app.py", line 891, in dispatch_request
    self.raise_routing_exception(req)
  File "/Users/macbook/Downloads/PPE-DETECTION-SYSTEM/.venv/lib/python3.9/site-packages/flask/app.py", line 500, in raise_routing_exception
    raise request.routing_exception  # type: ignore[misc]
  File "/Users/macbook/Downloads/PPE-DETECTION-SYSTEM/.venv/lib/python3.9/site-packages/flask/ctx.py", line 362, in match_request
    result = self.url_adapter.match(return_rule=True)  # type: ignore
  File "/Users/macbook/Downloads/PPE-DETECTION-SYSTEM/.venv/lib/python3.9/site-packages/werkzeug/routing/map.py", line 629, in match
    raise NotFound() from None
werkzeug.exceptions.NotFound: 404 Not Found: The requested URL was not found on the server. If you entered the URL manually please check your spelling and try again.
2026-05-24 22:57:57 | ERROR | ppe.app | Thread-158 | Unhandled error: 404 Not Found: The requested URL was not found on the server. If you entered the URL manually please check your spelling and try again.
Traceback (most recent call last):
  File "/Users/macbook/Downloads/PPE-DETECTION-SYSTEM/.venv/lib/python3.9/site-packages/flask/app.py", line 917, in full_dispatch_request
    rv = self.dispatch_request()
  File "/Users/macbook/Downloads/PPE-DETECTION-SYSTEM/.venv/lib/python3.9/site-packages/flask/app.py", line 891, in dispatch_request
    self.raise_routing_exception(req)
  File "/Users/macbook/Downloads/PPE-DETECTION-SYSTEM/.venv/lib/python3.9/site-packages/flask/app.py", line 500, in raise_routing_exception
    raise request.routing_exception  # type: ignore[misc]
  File "/Users/macbook/Downloads/PPE-DETECTION-SYSTEM/.venv/lib/python3.9/site-packages/flask/ctx.py", line 362, in match_request
    result = self.url_adapter.match(return_rule=True)  # type: ignore
  File "/Users/macbook/Downloads/PPE-DETECTION-SYSTEM/.venv/lib/python3.9/site-packages/werkzeug/routing/map.py", line 629, in match
    raise NotFound() from None
werkzeug.exceptions.NotFound: 404 Not Found: The requested URL was not found on the server. If you entered the URL manually please check your spelling and try again.
2026-05-24 22:58:02 | ERROR | ppe.app | Thread-175 | Unhandled error: 404 Not Found: The requested URL was not found on the server. If you entered the URL manually please check your spelling and try again.
Traceback (most recent call last):
  File "/Users/macbook/Downloads/PPE-DETECTION-SYSTEM/.venv/lib/python3.9/site-packages/flask/app.py", line 917, in full_dispatch_request
    rv = self.dispatch_request()
  File "/Users/macbook/Downloads/PPE-DETECTION-SYSTEM/.venv/lib/python3.9/site-packages/flask/app.py", line 891, in dispatch_request
    self.raise_routing_exception(req)
  File "/Users/macbook/Downloads/PPE-DETECTION-SYSTEM/.venv/lib/python3.9/site-packages/flask/app.py", line 500, in raise_routing_exception
    raise request.routing_exception  # type: ignore[misc]
  File "/Users/macbook/Downloads/PPE-DETECTION-SYSTEM/.venv/lib/python3.9/site-packages/flask/ctx.py", line 362, in match_request
    result = self.url_adapter.match(return_rule=True)  # type: ignore
  File "/Users/macbook/Downloads/PPE-DETECTION-SYSTEM/.venv/lib/python3.9/site-packages/werkzeug/routing/map.py", line 629, in match
    raise NotFound() from None
werkzeug.exceptions.NotFound: 404 Not Found: The requested URL was not found on the server. If you entered the URL manually please check your spelling and try again.
2026-05-24 22:58:08 | ERROR | ppe.app | Thread-184 | Unhandled error: 404 Not Found: The requested URL was not found on the server. If you entered the URL manually please check your spelling and try again.
Traceback (most recent call last):
  File "/Users/macbook/Downloads/PPE-DETECTION-SYSTEM/.venv/lib/python3.9/site-packages/flask/app.py", line 917, in full_dispatch_request
    rv = self.dispatch_request()
  File "/Users/macbook/Downloads/PPE-DETECTION-SYSTEM/.venv/lib/python3.9/site-packages/flask/app.py", line 891, in dispatch_request
    self.raise_routing_exception(req)
  File "/Users/macbook/Downloads/PPE-DETECTION-SYSTEM/.venv/lib/python3.9/site-packages/flask/app.py", line 500, in raise_routing_exception
    raise request.routing_exception  # type: ignore[misc]
  File "/Users/macbook/Downloads/PPE-DETECTION-SYSTEM/.venv/lib/python3.9/site-packages/flask/ctx.py", line 362, in match_request
    result = self.url_adapter.match(return_rule=True)  # type: ignore
  File "/Users/macbook/Downloads/PPE-DETECTION-SYSTEM/.venv/lib/python3.9/site-packages/werkzeug/routing/map.py", line 629, in match
    raise NotFound() from None
werkzeug.exceptions.NotFound: 404 Not Found: The requested URL was not found on the server. If you entered the URL manually please check your spelling and try again.
2026-05-24 22:58:10 | ERROR | ppe.app | Thread-199 | Unhandled error: 404 Not Found: The requested URL was not found on the server. If you entered the URL manually please check your spelling and try again.
Traceback (most recent call last):
  File "/Users/macbook/Downloads/PPE-DETECTION-SYSTEM/.venv/lib/python3.9/site-packages/flask/app.py", line 917, in full_dispatch_request
    rv = self.dispatch_request()
  File "/Users/macbook/Downloads/PPE-DETECTION-SYSTEM/.venv/lib/python3.9/site-packages/flask/app.py", line 891, in dispatch_request
    self.raise_routing_exception(req)
  File "/Users/macbook/Downloads/PPE-DETECTION-SYSTEM/.venv/lib/python3.9/site-packages/flask/app.py", line 500, in raise_routing_exception
    raise request.routing_exception  # type: ignore[misc]
  File "/Users/macbook/Downloads/PPE-DETECTION-SYSTEM/.venv/lib/python3.9/site-packages/flask/ctx.py", line 362, in match_request
    result = self.url_adapter.match(return_rule=True)  # type: ignore
  File "/Users/macbook/Downloads/PPE-DETECTION-SYSTEM/.venv/lib/python3.9/site-packages/werkzeug/routing/map.py", line 629, in match
    raise NotFound() from None
werkzeug.exceptions.NotFound: 404 Not Found: The requested URL was not found on the server. If you entered the URL manually please check your spelling and try again.
2026-05-24 22:58:17 | ERROR | ppe.app | Thread-213 | Unhandled error: 404 Not Found: The requested URL was not found on the server. If you entered the URL manually please check your spelling and try again.
Traceback (most recent call last):
  File "/Users/macbook/Downloads/PPE-DETECTION-SYSTEM/.venv/lib/python3.9/site-packages/flask/app.py", line 917, in full_dispatch_request
    rv = self.dispatch_request()
  File "/Users/macbook/Downloads/PPE-DETECTION-SYSTEM/.venv/lib/python3.9/site-packages/flask/app.py", line 891, in dispatch_request
    self.raise_routing_exception(req)
  File "/Users/macbook/Downloads/PPE-DETECTION-SYSTEM/.venv/lib/python3.9/site-packages/flask/app.py", line 500, in raise_routing_exception
    raise request.routing_exception  # type: ignore[misc]
  File "/Users/macbook/Downloads/PPE-DETECTION-SYSTEM/.venv/lib/python3.9/site-packages/flask/ctx.py", line 362, in match_request
    result = self.url_adapter.match(return_rule=True)  # type: ignore
  File "/Users/macbook/Downloads/PPE-DETECTION-SYSTEM/.venv/lib/python3.9/site-packages/werkzeug/routing/map.py", line 629, in match
    raise NotFound() from None
werkzeug.exceptions.NotFound: 404 Not Found: The requested URL was not found on the server. If you entered the URL manually please check your spelling and try again.
2026-05-24 22:58:20 | ERROR | ppe.app | Thread-231 | Unhandled error: 404 Not Found: The requested URL was not found on the server. If you entered the URL manually please check your spelling and try again.
Traceback (most recent call last):
  File "/Users/macbook/Downloads/PPE-DETECTION-SYSTEM/.venv/lib/python3.9/site-packages/flask/app.py", line 917, in full_dispatch_request
    rv = self.dispatch_request()
  File "/Users/macbook/Downloads/PPE-DETECTION-SYSTEM/.venv/lib/python3.9/site-packages/flask/app.py", line 891, in dispatch_request
    self.raise_routing_exception(req)
  File "/Users/macbook/Downloads/PPE-DETECTION-SYSTEM/.venv/lib/python3.9/site-packages/flask/app.py", line 500, in raise_routing_exception
    raise request.routing_exception  # type: ignore[misc]
  File "/Users/macbook/Downloads/PPE-DETECTION-SYSTEM/.venv/lib/python3.9/site-packages/flask/ctx.py", line 362, in match_request
    result = self.url_adapter.match(return_rule=True)  # type: ignore
  File "/Users/macbook/Downloads/PPE-DETECTION-SYSTEM/.venv/lib/python3.9/site-packages/werkzeug/routing/map.py", line 629, in match
    raise NotFound() from None
werkzeug.exceptions.NotFound: 404 Not Found: The requested URL was not found on the server. If you entered the URL manually please check your spelling and try again.
2026-05-24 22:58:23 | ERROR | ppe.app | Thread-246 | Unhandled error: 404 Not Found: The requested URL was not found on the server. If you entered the URL manually please check your spelling and try again.
Traceback (most recent call last):
  File "/Users/macbook/Downloads/PPE-DETECTION-SYSTEM/.venv/lib/python3.9/site-packages/flask/app.py", line 917, in full_dispatch_request
    rv = self.dispatch_request()
  File "/Users/macbook/Downloads/PPE-DETECTION-SYSTEM/.venv/lib/python3.9/site-packages/flask/app.py", line 891, in dispatch_request
    self.raise_routing_exception(req)
  File "/Users/macbook/Downloads/PPE-DETECTION-SYSTEM/.venv/lib/python3.9/site-packages/flask/app.py", line 500, in raise_routing_exception
    raise request.routing_exception  # type: ignore[misc]
  File "/Users/macbook/Downloads/PPE-DETECTION-SYSTEM/.venv/lib/python3.9/site-packages/flask/ctx.py", line 362, in match_request
    result = self.url_adapter.match(return_rule=True)  # type: ignore
  File "/Users/macbook/Downloads/PPE-DETECTION-SYSTEM/.venv/lib/python3.9/site-packages/werkzeug/routing/map.py", line 629, in match
    raise NotFound() from None
werkzeug.exceptions.NotFound: 404 Not Found: The requested URL was not found on the server. If you entered the URL manually please check your spelling and try again.
2026-05-24 22:58:23 | ERROR | ppe.app | Thread-260 | Unhandled error: 404 Not Found: The requested URL was not found on the server. If you entered the URL manually please check your spelling and try again.
Traceback (most recent call last):
  File "/Users/macbook/Downloads/PPE-DETECTION-SYSTEM/.venv/lib/python3.9/site-packages/flask/app.py", line 917, in full_dispatch_request
    rv = self.dispatch_request()
  File "/Users/macbook/Downloads/PPE-DETECTION-SYSTEM/.venv/lib/python3.9/site-packages/flask/app.py", line 891, in dispatch_request
    self.raise_routing_exception(req)
  File "/Users/macbook/Downloads/PPE-DETECTION-SYSTEM/.venv/lib/python3.9/site-packages/flask/app.py", line 500, in raise_routing_exception
    raise request.routing_exception  # type: ignore[misc]
  File "/Users/macbook/Downloads/PPE-DETECTION-SYSTEM/.venv/lib/python3.9/site-packages/flask/ctx.py", line 362, in match_request
    result = self.url_adapter.match(return_rule=True)  # type: ignore
  File "/Users/macbook/Downloads/PPE-DETECTION-SYSTEM/.venv/lib/python3.9/site-packages/werkzeug/routing/map.py", line 629, in match
    raise NotFound() from None
werkzeug.exceptions.NotFound: 404 Not Found: The requested URL was not found on the server. If you entered the URL manually please check your spelling and try again.
2026-05-24 22:58:26 | ERROR | ppe.app | Thread-274 | Unhandled error: 404 Not Found: The requested URL was not found on the server. If you entered the URL manually please check your spelling and try again.
Traceback (most recent call last):
  File "/Users/macbook/Downloads/PPE-DETECTION-SYSTEM/.venv/lib/python3.9/site-packages/flask/app.py", line 917, in full_dispatch_request
    rv = self.dispatch_request()
  File "/Users/macbook/Downloads/PPE-DETECTION-SYSTEM/.venv/lib/python3.9/site-packages/flask/app.py", line 891, in dispatch_request
    self.raise_routing_exception(req)
  File "/Users/macbook/Downloads/PPE-DETECTION-SYSTEM/.venv/lib/python3.9/site-packages/flask/app.py", line 500, in raise_routing_exception
    raise request.routing_exception  # type: ignore[misc]
  File "/Users/macbook/Downloads/PPE-DETECTION-SYSTEM/.venv/lib/python3.9/site-packages/flask/ctx.py", line 362, in match_request
    result = self.url_adapter.match(return_rule=True)  # type: ignore
  File "/Users/macbook/Downloads/PPE-DETECTION-SYSTEM/.venv/lib/python3.9/site-packages/werkzeug/routing/map.py", line 629, in match
    raise NotFound() from None
werkzeug.exceptions.NotFound: 404 Not Found: The requested URL was not found on the server. If you entered the URL manually please check your spelling and try again.
2026-05-24 22:59:30 | ERROR | ppe.app | Thread-286 | Unhandled error: 404 Not Found: The requested URL was not found on the server. If you entered the URL manually please check your spelling and try again.
Traceback (most recent call last):
  File "/Users/macbook/Downloads/PPE-DETECTION-SYSTEM/.venv/lib/python3.9/site-packages/flask/app.py", line 917, in full_dispatch_request
    rv = self.dispatch_request()
  File "/Users/macbook/Downloads/PPE-DETECTION-SYSTEM/.venv/lib/python3.9/site-packages/flask/app.py", line 891, in dispatch_request
    self.raise_routing_exception(req)
  File "/Users/macbook/Downloads/PPE-DETECTION-SYSTEM/.venv/lib/python3.9/site-packages/flask/app.py", line 500, in raise_routing_exception
    raise request.routing_exception  # type: ignore[misc]
  File "/Users/macbook/Downloads/PPE-DETECTION-SYSTEM/.venv/lib/python3.9/site-packages/flask/ctx.py", line 362, in match_request
    result = self.url_adapter.match(return_rule=True)  # type: ignore
  File "/Users/macbook/Downloads/PPE-DETECTION-SYSTEM/.venv/lib/python3.9/site-packages/werkzeug/routing/map.py", line 629, in match
    raise NotFound() from None
werkzeug.exceptions.NotFound: 404 Not Found: The requested URL was not found on the server. If you entered the URL manually please check your spelling and try again.
2026-05-24 22:59:32 | ERROR | ppe.app | Thread-302 | Unhandled error: 404 Not Found: The requested URL was not found on the server. If you entered the URL manually please check your spelling and try again.
Traceback (most recent call last):
  File "/Users/macbook/Downloads/PPE-DETECTION-SYSTEM/.venv/lib/python3.9/site-packages/flask/app.py", line 917, in full_dispatch_request
    rv = self.dispatch_request()
  File "/Users/macbook/Downloads/PPE-DETECTION-SYSTEM/.venv/lib/python3.9/site-packages/flask/app.py", line 891, in dispatch_request
    self.raise_routing_exception(req)
  File "/Users/macbook/Downloads/PPE-DETECTION-SYSTEM/.venv/lib/python3.9/site-packages/flask/app.py", line 500, in raise_routing_exception
    raise request.routing_exception  # type: ignore[misc]
  File "/Users/macbook/Downloads/PPE-DETECTION-SYSTEM/.venv/lib/python3.9/site-packages/flask/ctx.py", line 362, in match_request
    result = self.url_adapter.match(return_rule=True)  # type: ignore
  File "/Users/macbook/Downloads/PPE-DETECTION-SYSTEM/.venv/lib/python3.9/site-packages/werkzeug/routing/map.py", line 629, in match
    raise NotFound() from None
werkzeug.exceptions.NotFound: 404 Not Found: The requested URL was not found on the server. If you entered the URL manually please check your spelling and try again.
2026-05-24 22:59:39 | ERROR | ppe.app | Thread-318 | Unhandled error: 404 Not Found: The requested URL was not found on the server. If you entered the URL manually please check your spelling and try again.
Traceback (most recent call last):
  File "/Users/macbook/Downloads/PPE-DETECTION-SYSTEM/.venv/lib/python3.9/site-packages/flask/app.py", line 917, in full_dispatch_request
    rv = self.dispatch_request()
  File "/Users/macbook/Downloads/PPE-DETECTION-SYSTEM/.venv/lib/python3.9/site-packages/flask/app.py", line 891, in dispatch_request
    self.raise_routing_exception(req)
  File "/Users/macbook/Downloads/PPE-DETECTION-SYSTEM/.venv/lib/python3.9/site-packages/flask/app.py", line 500, in raise_routing_exception
    raise request.routing_exception  # type: ignore[misc]
  File "/Users/macbook/Downloads/PPE-DETECTION-SYSTEM/.venv/lib/python3.9/site-packages/flask/ctx.py", line 362, in match_request
    result = self.url_adapter.match(return_rule=True)  # type: ignore
  File "/Users/macbook/Downloads/PPE-DETECTION-SYSTEM/.venv/lib/python3.9/site-packages/werkzeug/routing/map.py", line 629, in match
    raise NotFound() from None
werkzeug.exceptions.NotFound: 404 Not Found: The requested URL was not found on the server. If you entered the URL manually please check your spelling and try again.
2026-05-24 23:00:14 | ERROR | ppe.app | Thread-333 | Unhandled error: 404 Not Found: The requested URL was not found on the server. If you entered the URL manually please check your spelling and try again.
Traceback (most recent call last):
  File "/Users/macbook/Downloads/PPE-DETECTION-SYSTEM/.venv/lib/python3.9/site-packages/flask/app.py", line 917, in full_dispatch_request
    rv = self.dispatch_request()
  File "/Users/macbook/Downloads/PPE-DETECTION-SYSTEM/.venv/lib/python3.9/site-packages/flask/app.py", line 891, in dispatch_request
    self.raise_routing_exception(req)
  File "/Users/macbook/Downloads/PPE-DETECTION-SYSTEM/.venv/lib/python3.9/site-packages/flask/app.py", line 500, in raise_routing_exception
    raise request.routing_exception  # type: ignore[misc]
  File "/Users/macbook/Downloads/PPE-DETECTION-SYSTEM/.venv/lib/python3.9/site-packages/flask/ctx.py", line 362, in match_request
    result = self.url_adapter.match(return_rule=True)  # type: ignore
  File "/Users/macbook/Downloads/PPE-DETECTION-SYSTEM/.venv/lib/python3.9/site-packages/werkzeug/routing/map.py", line 629, in match
    raise NotFound() from None
werkzeug.exceptions.NotFound: 404 Not Found: The requested URL was not found on the server. If you entered the URL manually please check your spelling and try again.
2026-05-25 10:40:42 | ERROR | ppe.app | Thread-28 | Unhandled error: 404 Not Found: The requested URL was not found on the server. If you entered the URL manually please check your spelling and try again.
Traceback (most recent call last):
  File "/Users/macbook/Downloads/PPE-DETECTION-SYSTEM/.venv/lib/python3.9/site-packages/flask/app.py", line 917, in full_dispatch_request
    rv = self.dispatch_request()
  File "/Users/macbook/Downloads/PPE-DETECTION-SYSTEM/.venv/lib/python3.9/site-packages/flask/app.py", line 891, in dispatch_request
    self.raise_routing_exception(req)
  File "/Users/macbook/Downloads/PPE-DETECTION-SYSTEM/.venv/lib/python3.9/site-packages/flask/app.py", line 500, in raise_routing_exception
    raise request.routing_exception  # type: ignore[misc]
  File "/Users/macbook/Downloads/PPE-DETECTION-SYSTEM/.venv/lib/python3.9/site-packages/flask/ctx.py", line 362, in match_request
    result = self.url_adapter.match(return_rule=True)  # type: ignore
  File "/Users/macbook/Downloads/PPE-DETECTION-SYSTEM/.venv/lib/python3.9/site-packages/werkzeug/routing/map.py", line 629, in match
    raise NotFound() from None
werkzeug.exceptions.NotFound: 404 Not Found: The requested URL was not found on the server. If you entered the URL manually please check your spelling and try again.
2026-05-25 10:40:46 | ERROR | ppe.app | Thread-38 | Unhandled error: 404 Not Found: The requested URL was not found on the server. If you entered the URL manually please check your spelling and try again.
Traceback (most recent call last):
  File "/Users/macbook/Downloads/PPE-DETECTION-SYSTEM/.venv/lib/python3.9/site-packages/flask/app.py", line 917, in full_dispatch_request
    rv = self.dispatch_request()
  File "/Users/macbook/Downloads/PPE-DETECTION-SYSTEM/.venv/lib/python3.9/site-packages/flask/app.py", line 891, in dispatch_request
    self.raise_routing_exception(req)
  File "/Users/macbook/Downloads/PPE-DETECTION-SYSTEM/.venv/lib/python3.9/site-packages/flask/app.py", line 500, in raise_routing_exception
    raise request.routing_exception  # type: ignore[misc]
  File "/Users/macbook/Downloads/PPE-DETECTION-SYSTEM/.venv/lib/python3.9/site-packages/flask/ctx.py", line 362, in match_request
    result = self.url_adapter.match(return_rule=True)  # type: ignore
  File "/Users/macbook/Downloads/PPE-DETECTION-SYSTEM/.venv/lib/python3.9/site-packages/werkzeug/routing/map.py", line 629, in match
    raise NotFound() from None
werkzeug.exceptions.NotFound: 404 Not Found: The requested URL was not found on the server. If you entered the URL manually please check your spelling and try again.
2026-05-25 10:41:45 | ERROR | ppe.app | Thread-57 | Unhandled error: 404 Not Found: The requested URL was not found on the server. If you entered the URL manually please check your spelling and try again.
Traceback (most recent call last):
  File "/Users/macbook/Downloads/PPE-DETECTION-SYSTEM/.venv/lib/python3.9/site-packages/flask/app.py", line 917, in full_dispatch_request
    rv = self.dispatch_request()
  File "/Users/macbook/Downloads/PPE-DETECTION-SYSTEM/.venv/lib/python3.9/site-packages/flask/app.py", line 891, in dispatch_request
    self.raise_routing_exception(req)
  File "/Users/macbook/Downloads/PPE-DETECTION-SYSTEM/.venv/lib/python3.9/site-packages/flask/app.py", line 500, in raise_routing_exception
    raise request.routing_exception  # type: ignore[misc]
  File "/Users/macbook/Downloads/PPE-DETECTION-SYSTEM/.venv/lib/python3.9/site-packages/flask/ctx.py", line 362, in match_request
    result = self.url_adapter.match(return_rule=True)  # type: ignore
  File "/Users/macbook/Downloads/PPE-DETECTION-SYSTEM/.venv/lib/python3.9/site-packages/werkzeug/routing/map.py", line 629, in match
    raise NotFound() from None
werkzeug.exceptions.NotFound: 404 Not Found: The requested URL was not found on the server. If you entered the URL manually please check your spelling and try again.
2026-05-25 10:41:53 | ERROR | ppe.app | Thread-67 | Unhandled error: 404 Not Found: The requested URL was not found on the server. If you entered the URL manually please check your spelling and try again.
Traceback (most recent call last):
  File "/Users/macbook/Downloads/PPE-DETECTION-SYSTEM/.venv/lib/python3.9/site-packages/flask/app.py", line 917, in full_dispatch_request
    rv = self.dispatch_request()
  File "/Users/macbook/Downloads/PPE-DETECTION-SYSTEM/.venv/lib/python3.9/site-packages/flask/app.py", line 891, in dispatch_request
    self.raise_routing_exception(req)
  File "/Users/macbook/Downloads/PPE-DETECTION-SYSTEM/.venv/lib/python3.9/site-packages/flask/app.py", line 500, in raise_routing_exception
    raise request.routing_exception  # type: ignore[misc]
  File "/Users/macbook/Downloads/PPE-DETECTION-SYSTEM/.venv/lib/python3.9/site-packages/flask/ctx.py", line 362, in match_request
    result = self.url_adapter.match(return_rule=True)  # type: ignore
  File "/Users/macbook/Downloads/PPE-DETECTION-SYSTEM/.venv/lib/python3.9/site-packages/werkzeug/routing/map.py", line 629, in match
    raise NotFound() from None
werkzeug.exceptions.NotFound: 404 Not Found: The requested URL was not found on the server. If you entered the URL manually please check your spelling and try again.
2026-05-25 10:42:01 | ERROR | ppe.app | Thread-80 | Unhandled error: 404 Not Found: The requested URL was not found on the server. If you entered the URL manually please check your spelling and try again.
Traceback (most recent call last):
  File "/Users/macbook/Downloads/PPE-DETECTION-SYSTEM/.venv/lib/python3.9/site-packages/flask/app.py", line 917, in full_dispatch_request
    rv = self.dispatch_request()
  File "/Users/macbook/Downloads/PPE-DETECTION-SYSTEM/.venv/lib/python3.9/site-packages/flask/app.py", line 891, in dispatch_request
    self.raise_routing_exception(req)
  File "/Users/macbook/Downloads/PPE-DETECTION-SYSTEM/.venv/lib/python3.9/site-packages/flask/app.py", line 500, in raise_routing_exception
    raise request.routing_exception  # type: ignore[misc]
  File "/Users/macbook/Downloads/PPE-DETECTION-SYSTEM/.venv/lib/python3.9/site-packages/flask/ctx.py", line 362, in match_request
    result = self.url_adapter.match(return_rule=True)  # type: ignore
  File "/Users/macbook/Downloads/PPE-DETECTION-SYSTEM/.venv/lib/python3.9/site-packages/werkzeug/routing/map.py", line 629, in match
    raise NotFound() from None
werkzeug.exceptions.NotFound: 404 Not Found: The requested URL was not found on the server. If you entered the URL manually please check your spelling and try again.
2026-05-25 10:42:05 | ERROR | ppe.app | Thread-96 | Unhandled error: 404 Not Found: The requested URL was not found on the server. If you entered the URL manually please check your spelling and try again.
Traceback (most recent call last):
  File "/Users/macbook/Downloads/PPE-DETECTION-SYSTEM/.venv/lib/python3.9/site-packages/flask/app.py", line 917, in full_dispatch_request
    rv = self.dispatch_request()
  File "/Users/macbook/Downloads/PPE-DETECTION-SYSTEM/.venv/lib/python3.9/site-packages/flask/app.py", line 891, in dispatch_request
    self.raise_routing_exception(req)
  File "/Users/macbook/Downloads/PPE-DETECTION-SYSTEM/.venv/lib/python3.9/site-packages/flask/app.py", line 500, in raise_routing_exception
    raise request.routing_exception  # type: ignore[misc]
  File "/Users/macbook/Downloads/PPE-DETECTION-SYSTEM/.venv/lib/python3.9/site-packages/flask/ctx.py", line 362, in match_request
    result = self.url_adapter.match(return_rule=True)  # type: ignore
  File "/Users/macbook/Downloads/PPE-DETECTION-SYSTEM/.venv/lib/python3.9/site-packages/werkzeug/routing/map.py", line 629, in match
    raise NotFound() from None
werkzeug.exceptions.NotFound: 404 Not Found: The requested URL was not found on the server. If you entered the URL manually please check your spelling and try again.
2026-05-25 14:43:22 | ERROR | ppe.app | Thread-18 | Unhandled error: 404 Not Found: The requested URL was not found on the server. If you entered the URL manually please check your spelling and try again.
Traceback (most recent call last):
  File "/Users/macbook/Downloads/PPE-DETECTION-SYSTEM/.venv/lib/python3.9/site-packages/flask/app.py", line 917, in full_dispatch_request
    rv = self.dispatch_request()
  File "/Users/macbook/Downloads/PPE-DETECTION-SYSTEM/.venv/lib/python3.9/site-packages/flask/app.py", line 891, in dispatch_request
    self.raise_routing_exception(req)
  File "/Users/macbook/Downloads/PPE-DETECTION-SYSTEM/.venv/lib/python3.9/site-packages/flask/app.py", line 500, in raise_routing_exception
    raise request.routing_exception  # type: ignore[misc]
  File "/Users/macbook/Downloads/PPE-DETECTION-SYSTEM/.venv/lib/python3.9/site-packages/flask/ctx.py", line 362, in match_request
    result = self.url_adapter.match(return_rule=True)  # type: ignore
  File "/Users/macbook/Downloads/PPE-DETECTION-SYSTEM/.venv/lib/python3.9/site-packages/werkzeug/routing/map.py", line 629, in match
    raise NotFound() from None
werkzeug.exceptions.NotFound: 404 Not Found: The requested URL was not found on the server. If you entered the URL manually please check your spelling and try again.
2026-05-25 14:44:16 | ERROR | ppe.app | Thread-36 | Unhandled error: 404 Not Found: The requested URL was not found on the server. If you entered the URL manually please check your spelling and try again.
Traceback (most recent call last):
  File "/Users/macbook/Downloads/PPE-DETECTION-SYSTEM/.venv/lib/python3.9/site-packages/flask/app.py", line 917, in full_dispatch_request
    rv = self.dispatch_request()
  File "/Users/macbook/Downloads/PPE-DETECTION-SYSTEM/.venv/lib/python3.9/site-packages/flask/app.py", line 891, in dispatch_request
    self.raise_routing_exception(req)
  File "/Users/macbook/Downloads/PPE-DETECTION-SYSTEM/.venv/lib/python3.9/site-packages/flask/app.py", line 500, in raise_routing_exception
    raise request.routing_exception  # type: ignore[misc]
  File "/Users/macbook/Downloads/PPE-DETECTION-SYSTEM/.venv/lib/python3.9/site-packages/flask/ctx.py", line 362, in match_request
    result = self.url_adapter.match(return_rule=True)  # type: ignore
  File "/Users/macbook/Downloads/PPE-DETECTION-SYSTEM/.venv/lib/python3.9/site-packages/werkzeug/routing/map.py", line 629, in match
    raise NotFound() from None
werkzeug.exceptions.NotFound: 404 Not Found: The requested URL was not found on the server. If you entered the URL manually please check your spelling and try again.
2026-05-25 14:44:58 | ERROR | ppe.stream_manager | process-webcam_075170a0 | Processing loop failed for webcam_075170a0: 'NoneType' object is not subscriptable
Traceback (most recent call last):
  File "/Users/macbook/Downloads/PPE-DETECTION-SYSTEM/utils/stream_manager.py", line 467, in _process_loop
    detections = self.tracker.update(
  File "/Users/macbook/Downloads/PPE-DETECTION-SYSTEM/utils/tracker_manager.py", line 233, in update
    ] = reid_result["identity_id"]
TypeError: 'NoneType' object is not subscriptable
2026-05-25 14:44:58 | ERROR | ppe.stream_manager | process-webcam_075170a0 | Processing loop failed for webcam_075170a0: 'NoneType' object is not subscriptable
Traceback (most recent call last):
  File "/Users/macbook/Downloads/PPE-DETECTION-SYSTEM/utils/stream_manager.py", line 467, in _process_loop
    detections = self.tracker.update(
  File "/Users/macbook/Downloads/PPE-DETECTION-SYSTEM/utils/tracker_manager.py", line 233, in update
    ] = reid_result["identity_id"]
TypeError: 'NoneType' object is not subscriptable
2026-05-25 14:44:58 | ERROR | ppe.stream_manager | process-webcam_075170a0 | Processing loop failed for webcam_075170a0: 'NoneType' object is not subscriptable
Traceback (most recent call last):
  File "/Users/macbook/Downloads/PPE-DETECTION-SYSTEM/utils/stream_manager.py", line 467, in _process_loop
    detections = self.tracker.update(
  File "/Users/macbook/Downloads/PPE-DETECTION-SYSTEM/utils/tracker_manager.py", line 233, in update
    ] = reid_result["identity_id"]
TypeError: 'NoneType' object is not subscriptable
2026-05-25 14:44:58 | ERROR | ppe.stream_manager | process-webcam_075170a0 | Processing loop failed for webcam_075170a0: 'NoneType' object is not subscriptable
Traceback (most recent call last):
  File "/Users/macbook/Downloads/PPE-DETECTION-SYSTEM/utils/stream_manager.py", line 467, in _process_loop
    detections = self.tracker.update(
  File "/Users/macbook/Downloads/PPE-DETECTION-SYSTEM/utils/tracker_manager.py", line 233, in update
    ] = reid_result["identity_id"]
TypeError: 'NoneType' object is not subscriptable
2026-05-25 14:44:58 | ERROR | ppe.stream_manager | process-webcam_075170a0 | Processing loop failed for webcam_075170a0: 'NoneType' object is not subscriptable
Traceback (most recent call last):
  File "/Users/macbook/Downloads/PPE-DETECTION-SYSTEM/utils/stream_manager.py", line 467, in _process_loop
    detections = self.tracker.update(
  File "/Users/macbook/Downloads/PPE-DETECTION-SYSTEM/utils/tracker_manager.py", line 233, in update
    ] = reid_result["identity_id"]
TypeError: 'NoneType' object is not subscriptable
2026-05-25 14:44:58 | ERROR | ppe.stream_manager | process-webcam_075170a0 | Processing loop failed for webcam_075170a0: 'NoneType' object is not subscriptable
Traceback (most recent call last):
  File "/Users/macbook/Downloads/PPE-DETECTION-SYSTEM/utils/stream_manager.py", line 467, in _process_loop
    detections = self.tracker.update(
  File "/Users/macbook/Downloads/PPE-DETECTION-SYSTEM/utils/tracker_manager.py", line 233, in update
    ] = reid_result["identity_id"]
TypeError: 'NoneType' object is not subscriptable
2026-05-25 14:44:58 | ERROR | ppe.stream_manager | process-webcam_075170a0 | Processing loop failed for webcam_075170a0: 'NoneType' object is not subscriptable
Traceback (most recent call last):
  File "/Users/macbook/Downloads/PPE-DETECTION-SYSTEM/utils/stream_manager.py", line 467, in _process_loop
    detections = self.tracker.update(
  File "/Users/macbook/Downloads/PPE-DETECTION-SYSTEM/utils/tracker_manager.py", line 233, in update
    ] = reid_result["identity_id"]
TypeError: 'NoneType' object is not subscriptable
2026-05-25 14:44:58 | ERROR | ppe.stream_manager | process-webcam_075170a0 | Processing loop failed for webcam_075170a0: 'NoneType' object is not subscriptable
Traceback (most recent call last):
  File "/Users/macbook/Downloads/PPE-DETECTION-SYSTEM/utils/stream_manager.py", line 467, in _process_loop
    detections = self.tracker.update(
  File "/Users/macbook/Downloads/PPE-DETECTION-SYSTEM/utils/tracker_manager.py", line 233, in update
    ] = reid_result["identity_id"]
TypeError: 'NoneType' object is not subscriptable
2026-05-25 14:44:58 | ERROR | ppe.stream_manager | process-webcam_075170a0 | Processing loop failed for webcam_075170a0: 'NoneType' object is not subscriptable
Traceback (most recent call last):
  File "/Users/macbook/Downloads/PPE-DETECTION-SYSTEM/utils/stream_manager.py", line 467, in _process_loop
    detections = self.tracker.update(
  File "/Users/macbook/Downloads/PPE-DETECTION-SYSTEM/utils/tracker_manager.py", line 233, in update
    ] = reid_result["identity_id"]
TypeError: 'NoneType' object is not subscriptable
2026-05-25 14:44:58 | ERROR | ppe.stream_manager | process-webcam_075170a0 | Processing loop failed for webcam_075170a0: 'NoneType' object is not subscriptable
Traceback (most recent call last):
  File "/Users/macbook/Downloads/PPE-DETECTION-SYSTEM/utils/stream_manager.py", line 467, in _process_loop
    detections = self.tracker.update(
  File "/Users/macbook/Downloads/PPE-DETECTION-SYSTEM/utils/tracker_manager.py", line 233, in update
    ] = reid_result["identity_id"]
TypeError: 'NoneType' object is not subscriptable
2026-05-25 14:44:59 | ERROR | ppe.stream_manager | process-webcam_075170a0 | Processing loop failed for webcam_075170a0: 'NoneType' object is not subscriptable
Traceback (most recent call last):
  File "/Users/macbook/Downloads/PPE-DETECTION-SYSTEM/utils/stream_manager.py", line 467, in _process_loop
    detections = self.tracker.update(
  File "/Users/macbook/Downloads/PPE-DETECTION-SYSTEM/utils/tracker_manager.py", line 233, in update
    ] = reid_result["identity_id"]
TypeError: 'NoneType' object is not subscriptable
2026-05-25 14:44:59 | ERROR | ppe.stream_manager | process-webcam_075170a0 | Processing loop failed for webcam_075170a0: 'NoneType' object is not subscriptable
Traceback (most recent call last):
  File "/Users/macbook/Downloads/PPE-DETECTION-SYSTEM/utils/stream_manager.py", line 467, in _process_loop
    detections = self.tracker.update(
  File "/Users/macbook/Downloads/PPE-DETECTION-SYSTEM/utils/tracker_manager.py", line 233, in update
    ] = reid_result["identity_id"]
TypeError: 'NoneType' object is not subscriptable
2026-05-25 14:44:59 | ERROR | ppe.stream_manager | process-webcam_075170a0 | Processing loop failed for webcam_075170a0: 'NoneType' object is not subscriptable
Traceback (most recent call last):
  File "/Users/macbook/Downloads/PPE-DETECTION-SYSTEM/utils/stream_manager.py", line 467, in _process_loop
    detections = self.tracker.update(
  File "/Users/macbook/Downloads/PPE-DETECTION-SYSTEM/utils/tracker_manager.py", line 233, in update
    ] = reid_result["identity_id"]
TypeError: 'NoneType' object is not subscriptable
2026-05-25 14:44:59 | ERROR | ppe.stream_manager | process-webcam_075170a0 | Processing loop failed for webcam_075170a0: 'NoneType' object is not subscriptable
Traceback (most recent call last):
  File "/Users/macbook/Downloads/PPE-DETECTION-SYSTEM/utils/stream_manager.py", line 467, in _process_loop
    detections = self.tracker.update(
  File "/Users/macbook/Downloads/PPE-DETECTION-SYSTEM/utils/tracker_manager.py", line 233, in update
    ] = reid_result["identity_id"]
TypeError: 'NoneType' object is not subscriptable
2026-05-25 14:44:59 | ERROR | ppe.stream_manager | process-webcam_075170a0 | Processing loop failed for webcam_075170a0: 'NoneType' object is not subscriptable
Traceback (most recent call last):
  File "/Users/macbook/Downloads/PPE-DETECTION-SYSTEM/utils/stream_manager.py", line 467, in _process_loop
    detections = self.tracker.update(
  File "/Users/macbook/Downloads/PPE-DETECTION-SYSTEM/utils/tracker_manager.py", line 233, in update
    ] = reid_result["identity_id"]
TypeError: 'NoneType' object is not subscriptable
2026-05-25 14:44:59 | ERROR | ppe.stream_manager | process-webcam_075170a0 | Processing loop failed for webcam_075170a0: 'NoneType' object is not subscriptable
Traceback (most recent call last):
  File "/Users/macbook/Downloads/PPE-DETECTION-SYSTEM/utils/stream_manager.py", line 467, in _process_loop
    detections = self.tracker.update(
  File "/Users/macbook/Downloads/PPE-DETECTION-SYSTEM/utils/tracker_manager.py", line 233, in update
    ] = reid_result["identity_id"]
TypeError: 'NoneType' object is not subscriptable
2026-05-25 14:44:59 | ERROR | ppe.stream_manager | process-webcam_075170a0 | Processing loop failed for webcam_075170a0: 'NoneType' object is not subscriptable
Traceback (most recent call last):
  File "/Users/macbook/Downloads/PPE-DETECTION-SYSTEM/utils/stream_manager.py", line 467, in _process_loop
    detections = self.tracker.update(
  File "/Users/macbook/Downloads/PPE-DETECTION-SYSTEM/utils/tracker_manager.py", line 233, in update
    ] = reid_result["identity_id"]
TypeError: 'NoneType' object is not subscriptable
2026-05-25 14:44:59 | ERROR | ppe.stream_manager | process-webcam_075170a0 | Processing loop failed for webcam_075170a0: 'NoneType' object is not subscriptable
Traceback (most recent call last):
  File "/Users/macbook/Downloads/PPE-DETECTION-SYSTEM/utils/stream_manager.py", line 467, in _process_loop
    detections = self.tracker.update(
  File "/Users/macbook/Downloads/PPE-DETECTION-SYSTEM/utils/tracker_manager.py", line 233, in update
    ] = reid_result["identity_id"]
TypeError: 'NoneType' object is not subscriptable
2026-05-25 14:44:59 | ERROR | ppe.stream_manager | process-webcam_075170a0 | Processing loop failed for webcam_075170a0: 'NoneType' object is not subscriptable
Traceback (most recent call last):
  File "/Users/macbook/Downloads/PPE-DETECTION-SYSTEM/utils/stream_manager.py", line 467, in _process_loop
    detections = self.tracker.update(
  File "/Users/macbook/Downloads/PPE-DETECTION-SYSTEM/utils/tracker_manager.py", line 233, in update
    ] = reid_result["identity_id"]
TypeError: 'NoneType' object is not subscriptable
2026-05-25 14:44:59 | ERROR | ppe.stream_manager | process-webcam_075170a0 | Processing loop failed for webcam_075170a0: 'NoneType' object is not subscriptable
Traceback (most recent call last):
  File "/Users/macbook/Downloads/PPE-DETECTION-SYSTEM/utils/stream_manager.py", line 467, in _process_loop
    detections = self.tracker.update(
  File "/Users/macbook/Downloads/PPE-DETECTION-SYSTEM/utils/tracker_manager.py", line 233, in update
    ] = reid_result["identity_id"]
TypeError: 'NoneType' object is not subscriptable
2026-05-25 14:45:00 | ERROR | ppe.stream_manager | process-webcam_075170a0 | Processing loop failed for webcam_075170a0: 'NoneType' object is not subscriptable
Traceback (most recent call last):
  File "/Users/macbook/Downloads/PPE-DETECTION-SYSTEM/utils/stream_manager.py", line 467, in _process_loop
    detections = self.tracker.update(
  File "/Users/macbook/Downloads/PPE-DETECTION-SYSTEM/utils/tracker_manager.py", line 233, in update
    ] = reid_result["identity_id"]
TypeError: 'NoneType' object is not subscriptable
2026-05-25 14:45:00 | ERROR | ppe.stream_manager | process-webcam_075170a0 | Processing loop failed for webcam_075170a0: 'NoneType' object is not subscriptable
Traceback (most recent call last):
  File "/Users/macbook/Downloads/PPE-DETECTION-SYSTEM/utils/stream_manager.py", line 467, in _process_loop
    detections = self.tracker.update(
  File "/Users/macbook/Downloads/PPE-DETECTION-SYSTEM/utils/tracker_manager.py", line 233, in update
    ] = reid_result["identity_id"]
TypeError: 'NoneType' object is not subscriptable
2026-05-25 14:45:00 | ERROR | ppe.stream_manager | process-webcam_075170a0 | Processing loop failed for webcam_075170a0: 'NoneType' object is not subscriptable
Traceback (most recent call last):
  File "/Users/macbook/Downloads/PPE-DETECTION-SYSTEM/utils/stream_manager.py", line 467, in _process_loop
    detections = self.tracker.update(
  File "/Users/macbook/Downloads/PPE-DETECTION-SYSTEM/utils/tracker_manager.py", line 233, in update
    ] = reid_result["identity_id"]
TypeError: 'NoneType' object is not subscriptable
2026-05-25 14:45:00 | ERROR | ppe.stream_manager | process-webcam_075170a0 | Processing loop failed for webcam_075170a0: 'NoneType' object is not subscriptable
Traceback (most recent call last):
  File "/Users/macbook/Downloads/PPE-DETECTION-SYSTEM/utils/stream_manager.py", line 467, in _process_loop
    detections = self.tracker.update(
  File "/Users/macbook/Downloads/PPE-DETECTION-SYSTEM/utils/tracker_manager.py", line 233, in update
    ] = reid_result["identity_id"]
TypeError: 'NoneType' object is not subscriptable
2026-05-25 14:45:00 | ERROR | ppe.stream_manager | process-webcam_075170a0 | Processing loop failed for webcam_075170a0: 'NoneType' object is not subscriptable
Traceback (most recent call last):
  File "/Users/macbook/Downloads/PPE-DETECTION-SYSTEM/utils/stream_manager.py", line 467, in _process_loop
    detections = self.tracker.update(
  File "/Users/macbook/Downloads/PPE-DETECTION-SYSTEM/utils/tracker_manager.py", line 233, in update
    ] = reid_result["identity_id"]
TypeError: 'NoneType' object is not subscriptable
2026-05-25 14:45:00 | ERROR | ppe.stream_manager | process-webcam_075170a0 | Processing loop failed for webcam_075170a0: 'NoneType' object is not subscriptable
Traceback (most recent call last):
  File "/Users/macbook/Downloads/PPE-DETECTION-SYSTEM/utils/stream_manager.py", line 467, in _process_loop
    detections = self.tracker.update(
  File "/Users/macbook/Downloads/PPE-DETECTION-SYSTEM/utils/tracker_manager.py", line 233, in update
    ] = reid_result["identity_id"]
TypeError: 'NoneType' object is not subscriptable
2026-05-25 14:45:00 | ERROR | ppe.stream_manager | process-webcam_075170a0 | Processing loop failed for webcam_075170a0: 'NoneType' object is not subscriptable
Traceback (most recent call last):
  File "/Users/macbook/Downloads/PPE-DETECTION-SYSTEM/utils/stream_manager.py", line 467, in _process_loop
    detections = self.tracker.update(
  File "/Users/macbook/Downloads/PPE-DETECTION-SYSTEM/utils/tracker_manager.py", line 233, in update
    ] = reid_result["identity_id"]
TypeError: 'NoneType' object is not subscriptable
2026-05-25 14:45:00 | ERROR | ppe.stream_manager | process-webcam_075170a0 | Processing loop failed for webcam_075170a0: 'NoneType' object is not subscriptable
Traceback (most recent call last):
  File "/Users/macbook/Downloads/PPE-DETECTION-SYSTEM/utils/stream_manager.py", line 467, in _process_loop
    detections = self.tracker.update(
  File "/Users/macbook/Downloads/PPE-DETECTION-SYSTEM/utils/tracker_manager.py", line 233, in update
    ] = reid_result["identity_id"]
TypeError: 'NoneType' object is not subscriptable
2026-05-25 14:45:00 | ERROR | ppe.stream_manager | process-webcam_075170a0 | Processing loop failed for webcam_075170a0: 'NoneType' object is not subscriptable
Traceback (most recent call last):
  File "/Users/macbook/Downloads/PPE-DETECTION-SYSTEM/utils/stream_manager.py", line 467, in _process_loop
    detections = self.tracker.update(
  File "/Users/macbook/Downloads/PPE-DETECTION-SYSTEM/utils/tracker_manager.py", line 233, in update
    ] = reid_result["identity_id"]
TypeError: 'NoneType' object is not subscriptable
2026-05-25 14:45:00 | ERROR | ppe.stream_manager | process-webcam_075170a0 | Processing loop failed for webcam_075170a0: 'NoneType' object is not subscriptable
Traceback (most recent call last):
  File "/Users/macbook/Downloads/PPE-DETECTION-SYSTEM/utils/stream_manager.py", line 467, in _process_loop
    detections = self.tracker.update(
  File "/Users/macbook/Downloads/PPE-DETECTION-SYSTEM/utils/tracker_manager.py", line 233, in update
    ] = reid_result["identity_id"]
TypeError: 'NoneType' object is not subscriptable
2026-05-25 14:45:00 | ERROR | ppe.stream_manager | process-webcam_075170a0 | Processing loop failed for webcam_075170a0: 'NoneType' object is not subscriptable
Traceback (most recent call last):
  File "/Users/macbook/Downloads/PPE-DETECTION-SYSTEM/utils/stream_manager.py", line 467, in _process_loop
    detections = self.tracker.update(
  File "/Users/macbook/Downloads/PPE-DETECTION-SYSTEM/utils/tracker_manager.py", line 233, in update
    ] = reid_result["identity_id"]
TypeError: 'NoneType' object is not subscriptable
2026-05-25 14:45:00 | ERROR | ppe.stream_manager | process-webcam_075170a0 | Processing loop failed for webcam_075170a0: 'NoneType' object is not subscriptable
Traceback (most recent call last):
  File "/Users/macbook/Downloads/PPE-DETECTION-SYSTEM/utils/stream_manager.py", line 467, in _process_loop
    detections = self.tracker.update(
  File "/Users/macbook/Downloads/PPE-DETECTION-SYSTEM/utils/tracker_manager.py", line 233, in update
    ] = reid_result["identity_id"]
TypeError: 'NoneType' object is not subscriptable
2026-05-25 14:45:01 | ERROR | ppe.stream_manager | process-webcam_075170a0 | Processing loop failed for webcam_075170a0: 'NoneType' object is not subscriptable
Traceback (most recent call last):
  File "/Users/macbook/Downloads/PPE-DETECTION-SYSTEM/utils/stream_manager.py", line 467, in _process_loop
    detections = self.tracker.update(
  File "/Users/macbook/Downloads/PPE-DETECTION-SYSTEM/utils/tracker_manager.py", line 233, in update
    ] = reid_result["identity_id"]
TypeError: 'NoneType' object is not subscriptable
2026-05-25 14:45:01 | ERROR | ppe.stream_manager | process-webcam_075170a0 | Processing loop failed for webcam_075170a0: 'NoneType' object is not subscriptable
Traceback (most recent call last):
  File "/Users/macbook/Downloads/PPE-DETECTION-SYSTEM/utils/stream_manager.py", line 467, in _process_loop
    detections = self.tracker.update(
  File "/Users/macbook/Downloads/PPE-DETECTION-SYSTEM/utils/tracker_manager.py", line 233, in update
    ] = reid_result["identity_id"]
TypeError: 'NoneType' object is not subscriptable
2026-05-25 14:45:01 | ERROR | ppe.stream_manager | process-webcam_075170a0 | Processing loop failed for webcam_075170a0: 'NoneType' object is not subscriptable
Traceback (most recent call last):
  File "/Users/macbook/Downloads/PPE-DETECTION-SYSTEM/utils/stream_manager.py", line 467, in _process_loop
    detections = self.tracker.update(
  File "/Users/macbook/Downloads/PPE-DETECTION-SYSTEM/utils/tracker_manager.py", line 233, in update
    ] = reid_result["identity_id"]
TypeError: 'NoneType' object is not subscriptable
2026-05-25 14:45:01 | ERROR | ppe.stream_manager | process-webcam_075170a0 | Processing loop failed for webcam_075170a0: 'NoneType' object is not subscriptable
Traceback (most recent call last):
  File "/Users/macbook/Downloads/PPE-DETECTION-SYSTEM/utils/stream_manager.py", line 467, in _process_loop
    detections = self.tracker.update(
  File "/Users/macbook/Downloads/PPE-DETECTION-SYSTEM/utils/tracker_manager.py", line 233, in update
    ] = reid_result["identity_id"]
TypeError: 'NoneType' object is not subscriptable
2026-05-25 14:45:01 | ERROR | ppe.stream_manager | process-webcam_075170a0 | Processing loop failed for webcam_075170a0: 'NoneType' object is not subscriptable
Traceback (most recent call last):
  File "/Users/macbook/Downloads/PPE-DETECTION-SYSTEM/utils/stream_manager.py", line 467, in _process_loop
    detections = self.tracker.update(
  File "/Users/macbook/Downloads/PPE-DETECTION-SYSTEM/utils/tracker_manager.py", line 233, in update
    ] = reid_result["identity_id"]
TypeError: 'NoneType' object is not subscriptable
2026-05-25 14:45:01 | ERROR | ppe.stream_manager | process-webcam_075170a0 | Processing loop failed for webcam_075170a0: 'NoneType' object is not subscriptable
Traceback (most recent call last):
  File "/Users/macbook/Downloads/PPE-DETECTION-SYSTEM/utils/stream_manager.py", line 467, in _process_loop
    detections = self.tracker.update(
  File "/Users/macbook/Downloads/PPE-DETECTION-SYSTEM/utils/tracker_manager.py", line 233, in update
    ] = reid_result["identity_id"]
TypeError: 'NoneType' object is not subscriptable
2026-05-25 14:45:01 | ERROR | ppe.stream_manager | process-webcam_075170a0 | Processing loop failed for webcam_075170a0: 'NoneType' object is not subscriptable
Traceback (most recent call last):
  File "/Users/macbook/Downloads/PPE-DETECTION-SYSTEM/utils/stream_manager.py", line 467, in _process_loop
    detections = self.tracker.update(
  File "/Users/macbook/Downloads/PPE-DETECTION-SYSTEM/utils/tracker_manager.py", line 233, in update
    ] = reid_result["identity_id"]
TypeError: 'NoneType' object is not subscriptable
2026-05-25 14:45:01 | ERROR | ppe.stream_manager | process-webcam_075170a0 | Processing loop failed for webcam_075170a0: 'NoneType' object is not subscriptable
Traceback (most recent call last):
  File "/Users/macbook/Downloads/PPE-DETECTION-SYSTEM/utils/stream_manager.py", line 467, in _process_loop
    detections = self.tracker.update(
  File "/Users/macbook/Downloads/PPE-DETECTION-SYSTEM/utils/tracker_manager.py", line 233, in update
    ] = reid_result["identity_id"]
TypeError: 'NoneType' object is not subscriptable
2026-05-25 14:45:01 | ERROR | ppe.stream_manager | process-webcam_075170a0 | Processing loop failed for webcam_075170a0: 'NoneType' object is not subscriptable
Traceback (most recent call last):
  File "/Users/macbook/Downloads/PPE-DETECTION-SYSTEM/utils/stream_manager.py", line 467, in _process_loop
    detections = self.tracker.update(
  File "/Users/macbook/Downloads/PPE-DETECTION-SYSTEM/utils/tracker_manager.py", line 233, in update
    ] = reid_result["identity_id"]
TypeError: 'NoneType' object is not subscriptable
2026-05-25 14:45:01 | ERROR | ppe.stream_manager | process-webcam_075170a0 | Processing loop failed for webcam_075170a0: 'NoneType' object is not subscriptable
Traceback (most recent call last):
  File "/Users/macbook/Downloads/PPE-DETECTION-SYSTEM/utils/stream_manager.py", line 467, in _process_loop
    detections = self.tracker.update(
  File "/Users/macbook/Downloads/PPE-DETECTION-SYSTEM/utils/tracker_manager.py", line 233, in update
    ] = reid_result["identity_id"]
TypeError: 'NoneType' object is not subscriptable
2026-05-25 14:45:01 | ERROR | ppe.stream_manager | process-webcam_075170a0 | Processing loop failed for webcam_075170a0: 'NoneType' object is not subscriptable
Traceback (most recent call last):
  File "/Users/macbook/Downloads/PPE-DETECTION-SYSTEM/utils/stream_manager.py", line 467, in _process_loop
    detections = self.tracker.update(
  File "/Users/macbook/Downloads/PPE-DETECTION-SYSTEM/utils/tracker_manager.py", line 233, in update
    ] = reid_result["identity_id"]
TypeError: 'NoneType' object is not subscriptable
2026-05-25 14:45:02 | ERROR | ppe.stream_manager | process-webcam_075170a0 | Processing loop failed for webcam_075170a0: 'NoneType' object is not subscriptable
Traceback (most recent call last):
  File "/Users/macbook/Downloads/PPE-DETECTION-SYSTEM/utils/stream_manager.py", line 467, in _process_loop
    detections = self.tracker.update(
  File "/Users/macbook/Downloads/PPE-DETECTION-SYSTEM/utils/tracker_manager.py", line 233, in update
    ] = reid_result["identity_id"]
TypeError: 'NoneType' object is not subscriptable
2026-05-25 14:45:02 | ERROR | ppe.stream_manager | process-webcam_075170a0 | Processing loop failed for webcam_075170a0: 'NoneType' object is not subscriptable
Traceback (most recent call last):
  File "/Users/macbook/Downloads/PPE-DETECTION-SYSTEM/utils/stream_manager.py", line 467, in _process_loop
    detections = self.tracker.update(
  File "/Users/macbook/Downloads/PPE-DETECTION-SYSTEM/utils/tracker_manager.py", line 233, in update
    ] = reid_result["identity_id"]
TypeError: 'NoneType' object is not subscriptable
2026-05-25 14:45:02 | ERROR | ppe.stream_manager | process-webcam_075170a0 | Processing loop failed for webcam_075170a0: 'NoneType' object is not subscriptable
Traceback (most recent call last):
  File "/Users/macbook/Downloads/PPE-DETECTION-SYSTEM/utils/stream_manager.py", line 467, in _process_loop
    detections = self.tracker.update(
  File "/Users/macbook/Downloads/PPE-DETECTION-SYSTEM/utils/tracker_manager.py", line 233, in update
    ] = reid_result["identity_id"]
TypeError: 'NoneType' object is not subscriptable
2026-05-25 14:45:02 | ERROR | ppe.stream_manager | process-webcam_075170a0 | Processing loop failed for webcam_075170a0: 'NoneType' object is not subscriptable
Traceback (most recent call last):
  File "/Users/macbook/Downloads/PPE-DETECTION-SYSTEM/utils/stream_manager.py", line 467, in _process_loop
    detections = self.tracker.update(
  File "/Users/macbook/Downloads/PPE-DETECTION-SYSTEM/utils/tracker_manager.py", line 233, in update
    ] = reid_result["identity_id"]
TypeError: 'NoneType' object is not subscriptable
2026-05-25 14:45:02 | ERROR | ppe.stream_manager | process-webcam_075170a0 | Processing loop failed for webcam_075170a0: 'NoneType' object is not subscriptable
Traceback (most recent call last):
  File "/Users/macbook/Downloads/PPE-DETECTION-SYSTEM/utils/stream_manager.py", line 467, in _process_loop
    detections = self.tracker.update(
  File "/Users/macbook/Downloads/PPE-DETECTION-SYSTEM/utils/tracker_manager.py", line 233, in update
    ] = reid_result["identity_id"]
TypeError: 'NoneType' object is not subscriptable
2026-05-25 14:45:02 | ERROR | ppe.stream_manager | process-webcam_075170a0 | Processing loop failed for webcam_075170a0: 'NoneType' object is not subscriptable
Traceback (most recent call last):
  File "/Users/macbook/Downloads/PPE-DETECTION-SYSTEM/utils/stream_manager.py", line 467, in _process_loop
    detections = self.tracker.update(
  File "/Users/macbook/Downloads/PPE-DETECTION-SYSTEM/utils/tracker_manager.py", line 233, in update
    ] = reid_result["identity_id"]
TypeError: 'NoneType' object is not subscriptable
2026-05-25 14:45:02 | ERROR | ppe.stream_manager | process-webcam_075170a0 | Processing loop failed for webcam_075170a0: 'NoneType' object is not subscriptable
Traceback (most recent call last):
  File "/Users/macbook/Downloads/PPE-DETECTION-SYSTEM/utils/stream_manager.py", line 467, in _process_loop
    detections = self.tracker.update(
  File "/Users/macbook/Downloads/PPE-DETECTION-SYSTEM/utils/tracker_manager.py", line 233, in update
    ] = reid_result["identity_id"]
TypeError: 'NoneType' object is not subscriptable
2026-05-25 14:45:02 | ERROR | ppe.stream_manager | process-webcam_075170a0 | Processing loop failed for webcam_075170a0: 'NoneType' object is not subscriptable
Traceback (most recent call last):
  File "/Users/macbook/Downloads/PPE-DETECTION-SYSTEM/utils/stream_manager.py", line 467, in _process_loop
    detections = self.tracker.update(
  File "/Users/macbook/Downloads/PPE-DETECTION-SYSTEM/utils/tracker_manager.py", line 233, in update
    ] = reid_result["identity_id"]
TypeError: 'NoneType' object is not subscriptable
2026-05-25 14:45:02 | ERROR | ppe.stream_manager | process-webcam_075170a0 | Processing loop failed for webcam_075170a0: 'NoneType' object is not subscriptable
Traceback (most recent call last):
  File "/Users/macbook/Downloads/PPE-DETECTION-SYSTEM/utils/stream_manager.py", line 467, in _process_loop
    detections = self.tracker.update(
  File "/Users/macbook/Downloads/PPE-DETECTION-SYSTEM/utils/tracker_manager.py", line 233, in update
    ] = reid_result["identity_id"]
TypeError: 'NoneType' object is not subscriptable
2026-05-25 14:45:02 | ERROR | ppe.stream_manager | process-webcam_075170a0 | Processing loop failed for webcam_075170a0: 'NoneType' object is not subscriptable
Traceback (most recent call last):
  File "/Users/macbook/Downloads/PPE-DETECTION-SYSTEM/utils/stream_manager.py", line 467, in _process_loop
    detections = self.tracker.update(
  File "/Users/macbook/Downloads/PPE-DETECTION-SYSTEM/utils/tracker_manager.py", line 233, in update
    ] = reid_result["identity_id"]
TypeError: 'NoneType' object is not subscriptable
2026-05-25 14:45:03 | ERROR | ppe.stream_manager | process-webcam_075170a0 | Processing loop failed for webcam_075170a0: 'NoneType' object is not subscriptable
Traceback (most recent call last):
  File "/Users/macbook/Downloads/PPE-DETECTION-SYSTEM/utils/stream_manager.py", line 467, in _process_loop
    detections = self.tracker.update(
  File "/Users/macbook/Downloads/PPE-DETECTION-SYSTEM/utils/tracker_manager.py", line 233, in update
    ] = reid_result["identity_id"]
TypeError: 'NoneType' object is not subscriptable
2026-05-25 14:45:03 | ERROR | ppe.stream_manager | process-webcam_075170a0 | Processing loop failed for webcam_075170a0: 'NoneType' object is not subscriptable
Traceback (most recent call last):
  File "/Users/macbook/Downloads/PPE-DETECTION-SYSTEM/utils/stream_manager.py", line 467, in _process_loop
    detections = self.tracker.update(
  File "/Users/macbook/Downloads/PPE-DETECTION-SYSTEM/utils/tracker_manager.py", line 233, in update
    ] = reid_result["identity_id"]
TypeError: 'NoneType' object is not subscriptable
2026-05-25 14:45:03 | ERROR | ppe.stream_manager | process-webcam_075170a0 | Processing loop failed for webcam_075170a0: 'NoneType' object is not subscriptable
Traceback (most recent call last):
  File "/Users/macbook/Downloads/PPE-DETECTION-SYSTEM/utils/stream_manager.py", line 467, in _process_loop
    detections = self.tracker.update(
  File "/Users/macbook/Downloads/PPE-DETECTION-SYSTEM/utils/tracker_manager.py", line 233, in update
    ] = reid_result["identity_id"]
TypeError: 'NoneType' object is not subscriptable
2026-05-25 14:45:03 | ERROR | ppe.stream_manager | process-webcam_075170a0 | Processing loop failed for webcam_075170a0: 'NoneType' object is not subscriptable
Traceback (most recent call last):
  File "/Users/macbook/Downloads/PPE-DETECTION-SYSTEM/utils/stream_manager.py", line 467, in _process_loop
    detections = self.tracker.update(
  File "/Users/macbook/Downloads/PPE-DETECTION-SYSTEM/utils/tracker_manager.py", line 233, in update
    ] = reid_result["identity_id"]
TypeError: 'NoneType' object is not subscriptable
2026-05-25 14:45:03 | ERROR | ppe.stream_manager | process-webcam_075170a0 | Processing loop failed for webcam_075170a0: 'NoneType' object is not subscriptable
Traceback (most recent call last):
  File "/Users/macbook/Downloads/PPE-DETECTION-SYSTEM/utils/stream_manager.py", line 467, in _process_loop
    detections = self.tracker.update(
  File "/Users/macbook/Downloads/PPE-DETECTION-SYSTEM/utils/tracker_manager.py", line 233, in update
    ] = reid_result["identity_id"]
TypeError: 'NoneType' object is not subscriptable
2026-05-25 14:45:03 | ERROR | ppe.stream_manager | process-webcam_075170a0 | Processing loop failed for webcam_075170a0: 'NoneType' object is not subscriptable
Traceback (most recent call last):
  File "/Users/macbook/Downloads/PPE-DETECTION-SYSTEM/utils/stream_manager.py", line 467, in _process_loop
    detections = self.tracker.update(
  File "/Users/macbook/Downloads/PPE-DETECTION-SYSTEM/utils/tracker_manager.py", line 233, in update
    ] = reid_result["identity_id"]
TypeError: 'NoneType' object is not subscriptable
2026-05-25 14:45:03 | ERROR | ppe.stream_manager | process-webcam_075170a0 | Processing loop failed for webcam_075170a0: 'NoneType' object is not subscriptable
Traceback (most recent call last):
  File "/Users/macbook/Downloads/PPE-DETECTION-SYSTEM/utils/stream_manager.py", line 467, in _process_loop
    detections = self.tracker.update(
  File "/Users/macbook/Downloads/PPE-DETECTION-SYSTEM/utils/tracker_manager.py", line 233, in update
    ] = reid_result["identity_id"]
TypeError: 'NoneType' object is not subscriptable
2026-05-25 14:45:03 | ERROR | ppe.stream_manager | process-webcam_075170a0 | Processing loop failed for webcam_075170a0: 'NoneType' object is not subscriptable
Traceback (most recent call last):
  File "/Users/macbook/Downloads/PPE-DETECTION-SYSTEM/utils/stream_manager.py", line 467, in _process_loop
    detections = self.tracker.update(
  File "/Users/macbook/Downloads/PPE-DETECTION-SYSTEM/utils/tracker_manager.py", line 233, in update
    ] = reid_result["identity_id"]
TypeError: 'NoneType' object is not subscriptable
2026-05-25 14:45:04 | ERROR | ppe.stream_manager | process-webcam_075170a0 | Processing loop failed for webcam_075170a0: 'NoneType' object is not subscriptable
Traceback (most recent call last):
  File "/Users/macbook/Downloads/PPE-DETECTION-SYSTEM/utils/stream_manager.py", line 467, in _process_loop
    detections = self.tracker.update(
  File "/Users/macbook/Downloads/PPE-DETECTION-SYSTEM/utils/tracker_manager.py", line 233, in update
    ] = reid_result["identity_id"]
TypeError: 'NoneType' object is not subscriptable
2026-05-25 14:45:04 | ERROR | ppe.stream_manager | process-webcam_075170a0 | Processing loop failed for webcam_075170a0: 'NoneType' object is not subscriptable
Traceback (most recent call last):
  File "/Users/macbook/Downloads/PPE-DETECTION-SYSTEM/utils/stream_manager.py", line 467, in _process_loop
    detections = self.tracker.update(
  File "/Users/macbook/Downloads/PPE-DETECTION-SYSTEM/utils/tracker_manager.py", line 233, in update
    ] = reid_result["identity_id"]
TypeError: 'NoneType' object is not subscriptable
2026-05-25 14:45:04 | ERROR | ppe.stream_manager | process-webcam_075170a0 | Processing loop failed for webcam_075170a0: 'NoneType' object is not subscriptable
Traceback (most recent call last):
  File "/Users/macbook/Downloads/PPE-DETECTION-SYSTEM/utils/stream_manager.py", line 467, in _process_loop
    detections = self.tracker.update(
  File "/Users/macbook/Downloads/PPE-DETECTION-SYSTEM/utils/tracker_manager.py", line 233, in update
    ] = reid_result["identity_id"]
TypeError: 'NoneType' object is not subscriptable
2026-05-25 14:45:04 | ERROR | ppe.stream_manager | process-webcam_075170a0 | Processing loop failed for webcam_075170a0: 'NoneType' object is not subscriptable
Traceback (most recent call last):
  File "/Users/macbook/Downloads/PPE-DETECTION-SYSTEM/utils/stream_manager.py", line 467, in _process_loop
    detections = self.tracker.update(
  File "/Users/macbook/Downloads/PPE-DETECTION-SYSTEM/utils/tracker_manager.py", line 233, in update
    ] = reid_result["identity_id"]
TypeError: 'NoneType' object is not subscriptable
2026-05-25 14:45:04 | ERROR | ppe.stream_manager | process-webcam_075170a0 | Processing loop failed for webcam_075170a0: 'NoneType' object is not subscriptable
Traceback (most recent call last):
  File "/Users/macbook/Downloads/PPE-DETECTION-SYSTEM/utils/stream_manager.py", line 467, in _process_loop
    detections = self.tracker.update(
  File "/Users/macbook/Downloads/PPE-DETECTION-SYSTEM/utils/tracker_manager.py", line 233, in update
    ] = reid_result["identity_id"]
TypeError: 'NoneType' object is not subscriptable
2026-05-25 14:45:04 | ERROR | ppe.stream_manager | process-webcam_075170a0 | Processing loop failed for webcam_075170a0: 'NoneType' object is not subscriptable
Traceback (most recent call last):
  File "/Users/macbook/Downloads/PPE-DETECTION-SYSTEM/utils/stream_manager.py", line 467, in _process_loop
    detections = self.tracker.update(
  File "/Users/macbook/Downloads/PPE-DETECTION-SYSTEM/utils/tracker_manager.py", line 233, in update
    ] = reid_result["identity_id"]
TypeError: 'NoneType' object is not subscriptable
2026-05-25 14:45:04 | ERROR | ppe.stream_manager | process-webcam_075170a0 | Processing loop failed for webcam_075170a0: 'NoneType' object is not subscriptable
Traceback (most recent call last):
  File "/Users/macbook/Downloads/PPE-DETECTION-SYSTEM/utils/stream_manager.py", line 467, in _process_loop
    detections = self.tracker.update(
  File "/Users/macbook/Downloads/PPE-DETECTION-SYSTEM/utils/tracker_manager.py", line 233, in update
    ] = reid_result["identity_id"]
TypeError: 'NoneType' object is not subscriptable
2026-05-25 14:45:04 | ERROR | ppe.stream_manager | process-webcam_075170a0 | Processing loop failed for webcam_075170a0: 'NoneType' object is not subscriptable
Traceback (most recent call last):
  File "/Users/macbook/Downloads/PPE-DETECTION-SYSTEM/utils/stream_manager.py", line 467, in _process_loop
    detections = self.tracker.update(
  File "/Users/macbook/Downloads/PPE-DETECTION-SYSTEM/utils/tracker_manager.py", line 233, in update
    ] = reid_result["identity_id"]
TypeError: 'NoneType' object is not subscriptable
2026-05-25 14:45:04 | ERROR | ppe.stream_manager | process-webcam_075170a0 | Processing loop failed for webcam_075170a0: 'NoneType' object is not subscriptable
Traceback (most recent call last):
  File "/Users/macbook/Downloads/PPE-DETECTION-SYSTEM/utils/stream_manager.py", line 467, in _process_loop
    detections = self.tracker.update(
  File "/Users/macbook/Downloads/PPE-DETECTION-SYSTEM/utils/tracker_manager.py", line 233, in update
    ] = reid_result["identity_id"]
TypeError: 'NoneType' object is not subscriptable
2026-05-25 14:45:05 | ERROR | ppe.stream_manager | process-webcam_075170a0 | Processing loop failed for webcam_075170a0: 'NoneType' object is not subscriptable
Traceback (most recent call last):
  File "/Users/macbook/Downloads/PPE-DETECTION-SYSTEM/utils/stream_manager.py", line 467, in _process_loop
    detections = self.tracker.update(
  File "/Users/macbook/Downloads/PPE-DETECTION-SYSTEM/utils/tracker_manager.py", line 233, in update
    ] = reid_result["identity_id"]
TypeError: 'NoneType' object is not subscriptable
2026-05-25 14:45:05 | ERROR | ppe.stream_manager | process-webcam_075170a0 | Processing loop failed for webcam_075170a0: 'NoneType' object is not subscriptable
Traceback (most recent call last):
  File "/Users/macbook/Downloads/PPE-DETECTION-SYSTEM/utils/stream_manager.py", line 467, in _process_loop
    detections = self.tracker.update(
  File "/Users/macbook/Downloads/PPE-DETECTION-SYSTEM/utils/tracker_manager.py", line 233, in update
    ] = reid_result["identity_id"]
TypeError: 'NoneType' object is not subscriptable
2026-05-25 14:45:05 | ERROR | ppe.stream_manager | process-webcam_075170a0 | Processing loop failed for webcam_075170a0: 'NoneType' object is not subscriptable
Traceback (most recent call last):
  File "/Users/macbook/Downloads/PPE-DETECTION-SYSTEM/utils/stream_manager.py", line 467, in _process_loop
    detections = self.tracker.update(
  File "/Users/macbook/Downloads/PPE-DETECTION-SYSTEM/utils/tracker_manager.py", line 233, in update
    ] = reid_result["identity_id"]
TypeError: 'NoneType' object is not subscriptable
2026-05-25 14:45:05 | ERROR | ppe.stream_manager | process-webcam_075170a0 | Processing loop failed for webcam_075170a0: 'NoneType' object is not subscriptable
Traceback (most recent call last):
  File "/Users/macbook/Downloads/PPE-DETECTION-SYSTEM/utils/stream_manager.py", line 467, in _process_loop
    detections = self.tracker.update(
  File "/Users/macbook/Downloads/PPE-DETECTION-SYSTEM/utils/tracker_manager.py", line 233, in update
    ] = reid_result["identity_id"]
TypeError: 'NoneType' object is not subscriptable
2026-05-25 14:45:05 | ERROR | ppe.stream_manager | process-webcam_075170a0 | Processing loop failed for webcam_075170a0: 'NoneType' object is not subscriptable
Traceback (most recent call last):
  File "/Users/macbook/Downloads/PPE-DETECTION-SYSTEM/utils/stream_manager.py", line 467, in _process_loop
    detections = self.tracker.update(
  File "/Users/macbook/Downloads/PPE-DETECTION-SYSTEM/utils/tracker_manager.py", line 233, in update
    ] = reid_result["identity_id"]
TypeError: 'NoneType' object is not subscriptable
2026-05-25 14:45:05 | ERROR | ppe.stream_manager | process-webcam_075170a0 | Processing loop failed for webcam_075170a0: 'NoneType' object is not subscriptable
Traceback (most recent call last):
  File "/Users/macbook/Downloads/PPE-DETECTION-SYSTEM/utils/stream_manager.py", line 467, in _process_loop
    detections = self.tracker.update(
  File "/Users/macbook/Downloads/PPE-DETECTION-SYSTEM/utils/tracker_manager.py", line 233, in update
    ] = reid_result["identity_id"]
TypeError: 'NoneType' object is not subscriptable
2026-05-25 14:45:05 | ERROR | ppe.stream_manager | process-webcam_075170a0 | Processing loop failed for webcam_075170a0: 'NoneType' object is not subscriptable
Traceback (most recent call last):
  File "/Users/macbook/Downloads/PPE-DETECTION-SYSTEM/utils/stream_manager.py", line 467, in _process_loop
    detections = self.tracker.update(
  File "/Users/macbook/Downloads/PPE-DETECTION-SYSTEM/utils/tracker_manager.py", line 233, in update
    ] = reid_result["identity_id"]
TypeError: 'NoneType' object is not subscriptable
2026-05-25 14:45:05 | ERROR | ppe.stream_manager | process-webcam_075170a0 | Processing loop failed for webcam_075170a0: 'NoneType' object is not subscriptable
Traceback (most recent call last):
  File "/Users/macbook/Downloads/PPE-DETECTION-SYSTEM/utils/stream_manager.py", line 467, in _process_loop
    detections = self.tracker.update(
  File "/Users/macbook/Downloads/PPE-DETECTION-SYSTEM/utils/tracker_manager.py", line 233, in update
    ] = reid_result["identity_id"]
TypeError: 'NoneType' object is not subscriptable
2026-05-25 14:45:05 | ERROR | ppe.stream_manager | process-webcam_075170a0 | Processing loop failed for webcam_075170a0: 'NoneType' object is not subscriptable
Traceback (most recent call last):
  File "/Users/macbook/Downloads/PPE-DETECTION-SYSTEM/utils/stream_manager.py", line 467, in _process_loop
    detections = self.tracker.update(
  File "/Users/macbook/Downloads/PPE-DETECTION-SYSTEM/utils/tracker_manager.py", line 233, in update
    ] = reid_result["identity_id"]
TypeError: 'NoneType' object is not subscriptable
2026-05-25 14:45:05 | ERROR | ppe.stream_manager | process-webcam_075170a0 | Processing loop failed for webcam_075170a0: 'NoneType' object is not subscriptable
Traceback (most recent call last):
  File "/Users/macbook/Downloads/PPE-DETECTION-SYSTEM/utils/stream_manager.py", line 467, in _process_loop
    detections = self.tracker.update(
  File "/Users/macbook/Downloads/PPE-DETECTION-SYSTEM/utils/tracker_manager.py", line 233, in update
    ] = reid_result["identity_id"]
TypeError: 'NoneType' object is not subscriptable
2026-05-25 14:45:06 | ERROR | ppe.stream_manager | process-webcam_075170a0 | Processing loop failed for webcam_075170a0: 'NoneType' object is not subscriptable
Traceback (most recent call last):
  File "/Users/macbook/Downloads/PPE-DETECTION-SYSTEM/utils/stream_manager.py", line 467, in _process_loop
    detections = self.tracker.update(
  File "/Users/macbook/Downloads/PPE-DETECTION-SYSTEM/utils/tracker_manager.py", line 233, in update
    ] = reid_result["identity_id"]
TypeError: 'NoneType' object is not subscriptable
2026-05-25 14:45:06 | ERROR | ppe.stream_manager | process-webcam_075170a0 | Processing loop failed for webcam_075170a0: 'NoneType' object is not subscriptable
Traceback (most recent call last):
  File "/Users/macbook/Downloads/PPE-DETECTION-SYSTEM/utils/stream_manager.py", line 467, in _process_loop
    detections = self.tracker.update(
  File "/Users/macbook/Downloads/PPE-DETECTION-SYSTEM/utils/tracker_manager.py", line 233, in update
    ] = reid_result["identity_id"]
TypeError: 'NoneType' object is not subscriptable
2026-05-25 14:45:06 | ERROR | ppe.stream_manager | process-webcam_075170a0 | Processing loop failed for webcam_075170a0: 'NoneType' object is not subscriptable
Traceback (most recent call last):
  File "/Users/macbook/Downloads/PPE-DETECTION-SYSTEM/utils/stream_manager.py", line 467, in _process_loop
    detections = self.tracker.update(
  File "/Users/macbook/Downloads/PPE-DETECTION-SYSTEM/utils/tracker_manager.py", line 233, in update
    ] = reid_result["identity_id"]
TypeError: 'NoneType' object is not subscriptable
2026-05-25 14:45:06 | ERROR | ppe.stream_manager | process-webcam_075170a0 | Processing loop failed for webcam_075170a0: 'NoneType' object is not subscriptable
Traceback (most recent call last):
  File "/Users/macbook/Downloads/PPE-DETECTION-SYSTEM/utils/stream_manager.py", line 467, in _process_loop
    detections = self.tracker.update(
  File "/Users/macbook/Downloads/PPE-DETECTION-SYSTEM/utils/tracker_manager.py", line 233, in update
    ] = reid_result["identity_id"]
TypeError: 'NoneType' object is not subscriptable
2026-05-25 14:45:06 | ERROR | ppe.stream_manager | process-webcam_075170a0 | Processing loop failed for webcam_075170a0: 'NoneType' object is not subscriptable
Traceback (most recent call last):
  File "/Users/macbook/Downloads/PPE-DETECTION-SYSTEM/utils/stream_manager.py", line 467, in _process_loop
    detections = self.tracker.update(
  File "/Users/macbook/Downloads/PPE-DETECTION-SYSTEM/utils/tracker_manager.py", line 233, in update
    ] = reid_result["identity_id"]
TypeError: 'NoneType' object is not subscriptable
2026-05-25 14:45:06 | ERROR | ppe.stream_manager | process-webcam_075170a0 | Processing loop failed for webcam_075170a0: 'NoneType' object is not subscriptable
Traceback (most recent call last):
  File "/Users/macbook/Downloads/PPE-DETECTION-SYSTEM/utils/stream_manager.py", line 467, in _process_loop
    detections = self.tracker.update(
  File "/Users/macbook/Downloads/PPE-DETECTION-SYSTEM/utils/tracker_manager.py", line 233, in update
    ] = reid_result["identity_id"]
TypeError: 'NoneType' object is not subscriptable
2026-05-25 14:45:06 | ERROR | ppe.stream_manager | process-webcam_075170a0 | Processing loop failed for webcam_075170a0: 'NoneType' object is not subscriptable
Traceback (most recent call last):
  File "/Users/macbook/Downloads/PPE-DETECTION-SYSTEM/utils/stream_manager.py", line 467, in _process_loop
    detections = self.tracker.update(
  File "/Users/macbook/Downloads/PPE-DETECTION-SYSTEM/utils/tracker_manager.py", line 233, in update
    ] = reid_result["identity_id"]
TypeError: 'NoneType' object is not subscriptable
2026-05-25 14:45:07 | ERROR | ppe.stream_manager | process-webcam_075170a0 | Processing loop failed for webcam_075170a0: 'NoneType' object is not subscriptable
Traceback (most recent call last):
  File "/Users/macbook/Downloads/PPE-DETECTION-SYSTEM/utils/stream_manager.py", line 467, in _process_loop
    detections = self.tracker.update(
  File "/Users/macbook/Downloads/PPE-DETECTION-SYSTEM/utils/tracker_manager.py", line 233, in update
    ] = reid_result["identity_id"]
TypeError: 'NoneType' object is not subscriptable
2026-05-25 14:45:07 | ERROR | ppe.stream_manager | process-webcam_075170a0 | Processing loop failed for webcam_075170a0: 'NoneType' object is not subscriptable
Traceback (most recent call last):
  File "/Users/macbook/Downloads/PPE-DETECTION-SYSTEM/utils/stream_manager.py", line 467, in _process_loop
    detections = self.tracker.update(
  File "/Users/macbook/Downloads/PPE-DETECTION-SYSTEM/utils/tracker_manager.py", line 233, in update
    ] = reid_result["identity_id"]
TypeError: 'NoneType' object is not subscriptable
2026-05-25 14:45:07 | ERROR | ppe.stream_manager | process-webcam_075170a0 | Processing loop failed for webcam_075170a0: 'NoneType' object is not subscriptable
Traceback (most recent call last):
  File "/Users/macbook/Downloads/PPE-DETECTION-SYSTEM/utils/stream_manager.py", line 467, in _process_loop
    detections = self.tracker.update(
  File "/Users/macbook/Downloads/PPE-DETECTION-SYSTEM/utils/tracker_manager.py", line 233, in update
    ] = reid_result["identity_id"]
TypeError: 'NoneType' object is not subscriptable
2026-05-25 14:45:07 | ERROR | ppe.stream_manager | process-webcam_075170a0 | Processing loop failed for webcam_075170a0: 'NoneType' object is not subscriptable
Traceback (most recent call last):
  File "/Users/macbook/Downloads/PPE-DETECTION-SYSTEM/utils/stream_manager.py", line 467, in _process_loop
    detections = self.tracker.update(
  File "/Users/macbook/Downloads/PPE-DETECTION-SYSTEM/utils/tracker_manager.py", line 233, in update
    ] = reid_result["identity_id"]
TypeError: 'NoneType' object is not subscriptable
2026-05-25 14:45:07 | ERROR | ppe.stream_manager | process-webcam_075170a0 | Processing loop failed for webcam_075170a0: 'NoneType' object is not subscriptable
Traceback (most recent call last):
  File "/Users/macbook/Downloads/PPE-DETECTION-SYSTEM/utils/stream_manager.py", line 467, in _process_loop
    detections = self.tracker.update(
  File "/Users/macbook/Downloads/PPE-DETECTION-SYSTEM/utils/tracker_manager.py", line 233, in update
    ] = reid_result["identity_id"]
TypeError: 'NoneType' object is not subscriptable
2026-05-25 14:45:07 | ERROR | ppe.stream_manager | process-webcam_075170a0 | Processing loop failed for webcam_075170a0: 'NoneType' object is not subscriptable
Traceback (most recent call last):
  File "/Users/macbook/Downloads/PPE-DETECTION-SYSTEM/utils/stream_manager.py", line 467, in _process_loop
    detections = self.tracker.update(
  File "/Users/macbook/Downloads/PPE-DETECTION-SYSTEM/utils/tracker_manager.py", line 233, in update
    ] = reid_result["identity_id"]
TypeError: 'NoneType' object is not subscriptable
2026-05-25 14:45:07 | ERROR | ppe.stream_manager | process-webcam_075170a0 | Processing loop failed for webcam_075170a0: 'NoneType' object is not subscriptable
Traceback (most recent call last):
  File "/Users/macbook/Downloads/PPE-DETECTION-SYSTEM/utils/stream_manager.py", line 467, in _process_loop
    detections = self.tracker.update(
  File "/Users/macbook/Downloads/PPE-DETECTION-SYSTEM/utils/tracker_manager.py", line 233, in update
    ] = reid_result["identity_id"]
TypeError: 'NoneType' object is not subscriptable
2026-05-25 14:45:07 | ERROR | ppe.stream_manager | process-webcam_075170a0 | Processing loop failed for webcam_075170a0: 'NoneType' object is not subscriptable
Traceback (most recent call last):
  File "/Users/macbook/Downloads/PPE-DETECTION-SYSTEM/utils/stream_manager.py", line 467, in _process_loop
    detections = self.tracker.update(
  File "/Users/macbook/Downloads/PPE-DETECTION-SYSTEM/utils/tracker_manager.py", line 233, in update
    ] = reid_result["identity_id"]
TypeError: 'NoneType' object is not subscriptable
2026-05-25 14:45:07 | ERROR | ppe.stream_manager | process-webcam_075170a0 | Processing loop failed for webcam_075170a0: 'NoneType' object is not subscriptable
Traceback (most recent call last):
  File "/Users/macbook/Downloads/PPE-DETECTION-SYSTEM/utils/stream_manager.py", line 467, in _process_loop
    detections = self.tracker.update(
  File "/Users/macbook/Downloads/PPE-DETECTION-SYSTEM/utils/tracker_manager.py", line 233, in update
    ] = reid_result["identity_id"]
TypeError: 'NoneType' object is not subscriptable
2026-05-25 14:45:08 | ERROR | ppe.stream_manager | process-webcam_075170a0 | Processing loop failed for webcam_075170a0: 'NoneType' object is not subscriptable
Traceback (most recent call last):
  File "/Users/macbook/Downloads/PPE-DETECTION-SYSTEM/utils/stream_manager.py", line 467, in _process_loop
    detections = self.tracker.update(
  File "/Users/macbook/Downloads/PPE-DETECTION-SYSTEM/utils/tracker_manager.py", line 233, in update
    ] = reid_result["identity_id"]
TypeError: 'NoneType' object is not subscriptable
2026-05-25 14:45:08 | ERROR | ppe.stream_manager | process-webcam_075170a0 | Processing loop failed for webcam_075170a0: 'NoneType' object is not subscriptable
Traceback (most recent call last):
  File "/Users/macbook/Downloads/PPE-DETECTION-SYSTEM/utils/stream_manager.py", line 467, in _process_loop
    detections = self.tracker.update(
  File "/Users/macbook/Downloads/PPE-DETECTION-SYSTEM/utils/tracker_manager.py", line 233, in update
    ] = reid_result["identity_id"]
TypeError: 'NoneType' object is not subscriptable
2026-05-25 14:45:08 | ERROR | ppe.stream_manager | process-webcam_075170a0 | Processing loop failed for webcam_075170a0: 'NoneType' object is not subscriptable
Traceback (most recent call last):
  File "/Users/macbook/Downloads/PPE-DETECTION-SYSTEM/utils/stream_manager.py", line 467, in _process_loop
    detections = self.tracker.update(
  File "/Users/macbook/Downloads/PPE-DETECTION-SYSTEM/utils/tracker_manager.py", line 233, in update
    ] = reid_result["identity_id"]
TypeError: 'NoneType' object is not subscriptable
2026-05-25 14:45:08 | ERROR | ppe.stream_manager | process-webcam_075170a0 | Processing loop failed for webcam_075170a0: 'NoneType' object is not subscriptable
Traceback (most recent call last):
  File "/Users/macbook/Downloads/PPE-DETECTION-SYSTEM/utils/stream_manager.py", line 467, in _process_loop
    detections = self.tracker.update(
  File "/Users/macbook/Downloads/PPE-DETECTION-SYSTEM/utils/tracker_manager.py", line 233, in update
    ] = reid_result["identity_id"]
TypeError: 'NoneType' object is not subscriptable
2026-05-25 14:45:08 | ERROR | ppe.stream_manager | process-webcam_075170a0 | Processing loop failed for webcam_075170a0: 'NoneType' object is not subscriptable
Traceback (most recent call last):
  File "/Users/macbook/Downloads/PPE-DETECTION-SYSTEM/utils/stream_manager.py", line 467, in _process_loop
    detections = self.tracker.update(
  File "/Users/macbook/Downloads/PPE-DETECTION-SYSTEM/utils/tracker_manager.py", line 233, in update
    ] = reid_result["identity_id"]
TypeError: 'NoneType' object is not subscriptable
2026-05-25 14:45:08 | ERROR | ppe.stream_manager | process-webcam_075170a0 | Processing loop failed for webcam_075170a0: 'NoneType' object is not subscriptable
Traceback (most recent call last):
  File "/Users/macbook/Downloads/PPE-DETECTION-SYSTEM/utils/stream_manager.py", line 467, in _process_loop
    detections = self.tracker.update(
  File "/Users/macbook/Downloads/PPE-DETECTION-SYSTEM/utils/tracker_manager.py", line 233, in update
    ] = reid_result["identity_id"]
TypeError: 'NoneType' object is not subscriptable
2026-05-25 14:45:08 | ERROR | ppe.stream_manager | process-webcam_075170a0 | Processing loop failed for webcam_075170a0: 'NoneType' object is not subscriptable
Traceback (most recent call last):
  File "/Users/macbook/Downloads/PPE-DETECTION-SYSTEM/utils/stream_manager.py", line 467, in _process_loop
    detections = self.tracker.update(
  File "/Users/macbook/Downloads/PPE-DETECTION-SYSTEM/utils/tracker_manager.py", line 233, in update
    ] = reid_result["identity_id"]
TypeError: 'NoneType' object is not subscriptable
2026-05-25 14:45:08 | ERROR | ppe.stream_manager | process-webcam_075170a0 | Processing loop failed for webcam_075170a0: 'NoneType' object is not subscriptable
Traceback (most recent call last):
  File "/Users/macbook/Downloads/PPE-DETECTION-SYSTEM/utils/stream_manager.py", line 467, in _process_loop
    detections = self.tracker.update(
  File "/Users/macbook/Downloads/PPE-DETECTION-SYSTEM/utils/tracker_manager.py", line 233, in update
    ] = reid_result["identity_id"]
TypeError: 'NoneType' object is not subscriptable
2026-05-25 14:45:08 | ERROR | ppe.stream_manager | process-webcam_075170a0 | Processing loop failed for webcam_075170a0: 'NoneType' object is not subscriptable
Traceback (most recent call last):
  File "/Users/macbook/Downloads/PPE-DETECTION-SYSTEM/utils/stream_manager.py", line 467, in _process_loop
    detections = self.tracker.update(
  File "/Users/macbook/Downloads/PPE-DETECTION-SYSTEM/utils/tracker_manager.py", line 233, in update
    ] = reid_result["identity_id"]
TypeError: 'NoneType' object is not subscriptable
2026-05-25 14:45:08 | ERROR | ppe.stream_manager | process-webcam_075170a0 | Processing loop failed for webcam_075170a0: 'NoneType' object is not subscriptable
Traceback (most recent call last):
  File "/Users/macbook/Downloads/PPE-DETECTION-SYSTEM/utils/stream_manager.py", line 467, in _process_loop
    detections = self.tracker.update(
  File "/Users/macbook/Downloads/PPE-DETECTION-SYSTEM/utils/tracker_manager.py", line 233, in update
    ] = reid_result["identity_id"]
TypeError: 'NoneType' object is not subscriptable
2026-05-25 14:45:08 | ERROR | ppe.stream_manager | process-webcam_075170a0 | Processing loop failed for webcam_075170a0: 'NoneType' object is not subscriptable
Traceback (most recent call last):
  File "/Users/macbook/Downloads/PPE-DETECTION-SYSTEM/utils/stream_manager.py", line 467, in _process_loop
    detections = self.tracker.update(
  File "/Users/macbook/Downloads/PPE-DETECTION-SYSTEM/utils/tracker_manager.py", line 233, in update
    ] = reid_result["identity_id"]
TypeError: 'NoneType' object is not subscriptable
2026-05-25 14:45:09 | ERROR | ppe.stream_manager | process-webcam_075170a0 | Processing loop failed for webcam_075170a0: 'NoneType' object is not subscriptable
Traceback (most recent call last):
  File "/Users/macbook/Downloads/PPE-DETECTION-SYSTEM/utils/stream_manager.py", line 467, in _process_loop
    detections = self.tracker.update(
  File "/Users/macbook/Downloads/PPE-DETECTION-SYSTEM/utils/tracker_manager.py", line 233, in update
    ] = reid_result["identity_id"]
TypeError: 'NoneType' object is not subscriptable
2026-05-25 14:45:09 | ERROR | ppe.stream_manager | process-webcam_075170a0 | Processing loop failed for webcam_075170a0: 'NoneType' object is not subscriptable
Traceback (most recent call last):
  File "/Users/macbook/Downloads/PPE-DETECTION-SYSTEM/utils/stream_manager.py", line 467, in _process_loop
    detections = self.tracker.update(
  File "/Users/macbook/Downloads/PPE-DETECTION-SYSTEM/utils/tracker_manager.py", line 233, in update
    ] = reid_result["identity_id"]
TypeError: 'NoneType' object is not subscriptable
2026-05-25 14:45:09 | ERROR | ppe.stream_manager | process-webcam_075170a0 | Processing loop failed for webcam_075170a0: 'NoneType' object is not subscriptable
Traceback (most recent call last):
  File "/Users/macbook/Downloads/PPE-DETECTION-SYSTEM/utils/stream_manager.py", line 467, in _process_loop
    detections = self.tracker.update(
  File "/Users/macbook/Downloads/PPE-DETECTION-SYSTEM/utils/tracker_manager.py", line 233, in update
    ] = reid_result["identity_id"]
TypeError: 'NoneType' object is not subscriptable
2026-05-25 14:45:09 | ERROR | ppe.stream_manager | process-webcam_075170a0 | Processing loop failed for webcam_075170a0: 'NoneType' object is not subscriptable
Traceback (most recent call last):
  File "/Users/macbook/Downloads/PPE-DETECTION-SYSTEM/utils/stream_manager.py", line 467, in _process_loop
    detections = self.tracker.update(
  File "/Users/macbook/Downloads/PPE-DETECTION-SYSTEM/utils/tracker_manager.py", line 233, in update
    ] = reid_result["identity_id"]
TypeError: 'NoneType' object is not subscriptable
2026-05-25 14:45:09 | ERROR | ppe.stream_manager | process-webcam_075170a0 | Processing loop failed for webcam_075170a0: 'NoneType' object is not subscriptable
Traceback (most recent call last):
  File "/Users/macbook/Downloads/PPE-DETECTION-SYSTEM/utils/stream_manager.py", line 467, in _process_loop
    detections = self.tracker.update(
  File "/Users/macbook/Downloads/PPE-DETECTION-SYSTEM/utils/tracker_manager.py", line 233, in update
    ] = reid_result["identity_id"]
TypeError: 'NoneType' object is not subscriptable
2026-05-25 14:45:09 | ERROR | ppe.stream_manager | process-webcam_075170a0 | Processing loop failed for webcam_075170a0: 'NoneType' object is not subscriptable
Traceback (most recent call last):
  File "/Users/macbook/Downloads/PPE-DETECTION-SYSTEM/utils/stream_manager.py", line 467, in _process_loop
    detections = self.tracker.update(
  File "/Users/macbook/Downloads/PPE-DETECTION-SYSTEM/utils/tracker_manager.py", line 233, in update
    ] = reid_result["identity_id"]
TypeError: 'NoneType' object is not subscriptable
2026-05-25 14:45:09 | ERROR | ppe.stream_manager | process-webcam_075170a0 | Processing loop failed for webcam_075170a0: 'NoneType' object is not subscriptable
Traceback (most recent call last):
  File "/Users/macbook/Downloads/PPE-DETECTION-SYSTEM/utils/stream_manager.py", line 467, in _process_loop
    detections = self.tracker.update(
  File "/Users/macbook/Downloads/PPE-DETECTION-SYSTEM/utils/tracker_manager.py", line 233, in update
    ] = reid_result["identity_id"]
TypeError: 'NoneType' object is not subscriptable
2026-05-25 14:45:09 | ERROR | ppe.stream_manager | process-webcam_075170a0 | Processing loop failed for webcam_075170a0: 'NoneType' object is not subscriptable
Traceback (most recent call last):
  File "/Users/macbook/Downloads/PPE-DETECTION-SYSTEM/utils/stream_manager.py", line 467, in _process_loop
    detections = self.tracker.update(
  File "/Users/macbook/Downloads/PPE-DETECTION-SYSTEM/utils/tracker_manager.py", line 233, in update
    ] = reid_result["identity_id"]
TypeError: 'NoneType' object is not subscriptable
2026-05-25 14:45:09 | ERROR | ppe.stream_manager | process-webcam_075170a0 | Processing loop failed for webcam_075170a0: 'NoneType' object is not subscriptable
Traceback (most recent call last):
  File "/Users/macbook/Downloads/PPE-DETECTION-SYSTEM/utils/stream_manager.py", line 467, in _process_loop
    detections = self.tracker.update(
  File "/Users/macbook/Downloads/PPE-DETECTION-SYSTEM/utils/tracker_manager.py", line 233, in update
    ] = reid_result["identity_id"]
TypeError: 'NoneType' object is not subscriptable
2026-05-25 14:45:09 | ERROR | ppe.stream_manager | process-webcam_075170a0 | Processing loop failed for webcam_075170a0: 'NoneType' object is not subscriptable
Traceback (most recent call last):
  File "/Users/macbook/Downloads/PPE-DETECTION-SYSTEM/utils/stream_manager.py", line 467, in _process_loop
    detections = self.tracker.update(
  File "/Users/macbook/Downloads/PPE-DETECTION-SYSTEM/utils/tracker_manager.py", line 233, in update
    ] = reid_result["identity_id"]
TypeError: 'NoneType' object is not subscriptable
2026-05-25 14:45:09 | ERROR | ppe.stream_manager | process-webcam_075170a0 | Processing loop failed for webcam_075170a0: 'NoneType' object is not subscriptable
Traceback (most recent call last):
  File "/Users/macbook/Downloads/PPE-DETECTION-SYSTEM/utils/stream_manager.py", line 467, in _process_loop
    detections = self.tracker.update(
  File "/Users/macbook/Downloads/PPE-DETECTION-SYSTEM/utils/tracker_manager.py", line 233, in update
    ] = reid_result["identity_id"]
TypeError: 'NoneType' object is not subscriptable
2026-05-25 14:45:10 | ERROR | ppe.stream_manager | process-webcam_075170a0 | Processing loop failed for webcam_075170a0: 'NoneType' object is not subscriptable
Traceback (most recent call last):
  File "/Users/macbook/Downloads/PPE-DETECTION-SYSTEM/utils/stream_manager.py", line 467, in _process_loop
    detections = self.tracker.update(
  File "/Users/macbook/Downloads/PPE-DETECTION-SYSTEM/utils/tracker_manager.py", line 233, in update
    ] = reid_result["identity_id"]
TypeError: 'NoneType' object is not subscriptable
2026-05-25 14:45:10 | ERROR | ppe.stream_manager | process-webcam_075170a0 | Processing loop failed for webcam_075170a0: 'NoneType' object is not subscriptable
Traceback (most recent call last):
  File "/Users/macbook/Downloads/PPE-DETECTION-SYSTEM/utils/stream_manager.py", line 467, in _process_loop
    detections = self.tracker.update(
  File "/Users/macbook/Downloads/PPE-DETECTION-SYSTEM/utils/tracker_manager.py", line 233, in update
    ] = reid_result["identity_id"]
TypeError: 'NoneType' object is not subscriptable
2026-05-25 14:45:10 | ERROR | ppe.stream_manager | process-webcam_075170a0 | Processing loop failed for webcam_075170a0: 'NoneType' object is not subscriptable
Traceback (most recent call last):
  File "/Users/macbook/Downloads/PPE-DETECTION-SYSTEM/utils/stream_manager.py", line 467, in _process_loop
    detections = self.tracker.update(
  File "/Users/macbook/Downloads/PPE-DETECTION-SYSTEM/utils/tracker_manager.py", line 233, in update
    ] = reid_result["identity_id"]
TypeError: 'NoneType' object is not subscriptable
2026-05-25 14:45:10 | ERROR | ppe.stream_manager | process-webcam_075170a0 | Processing loop failed for webcam_075170a0: 'NoneType' object is not subscriptable
Traceback (most recent call last):
  File "/Users/macbook/Downloads/PPE-DETECTION-SYSTEM/utils/stream_manager.py", line 467, in _process_loop
    detections = self.tracker.update(
  File "/Users/macbook/Downloads/PPE-DETECTION-SYSTEM/utils/tracker_manager.py", line 233, in update
    ] = reid_result["identity_id"]
TypeError: 'NoneType' object is not subscriptable
2026-05-25 14:45:10 | ERROR | ppe.stream_manager | process-webcam_075170a0 | Processing loop failed for webcam_075170a0: 'NoneType' object is not subscriptable
Traceback (most recent call last):
  File "/Users/macbook/Downloads/PPE-DETECTION-SYSTEM/utils/stream_manager.py", line 467, in _process_loop
    detections = self.tracker.update(
  File "/Users/macbook/Downloads/PPE-DETECTION-SYSTEM/utils/tracker_manager.py", line 233, in update
    ] = reid_result["identity_id"]
TypeError: 'NoneType' object is not subscriptable
2026-05-25 14:45:10 | ERROR | ppe.stream_manager | process-webcam_075170a0 | Processing loop failed for webcam_075170a0: 'NoneType' object is not subscriptable
Traceback (most recent call last):
  File "/Users/macbook/Downloads/PPE-DETECTION-SYSTEM/utils/stream_manager.py", line 467, in _process_loop
    detections = self.tracker.update(
  File "/Users/macbook/Downloads/PPE-DETECTION-SYSTEM/utils/tracker_manager.py", line 233, in update
    ] = reid_result["identity_id"]
TypeError: 'NoneType' object is not subscriptable
2026-05-25 14:45:10 | ERROR | ppe.stream_manager | process-webcam_075170a0 | Processing loop failed for webcam_075170a0: 'NoneType' object is not subscriptable
Traceback (most recent call last):
  File "/Users/macbook/Downloads/PPE-DETECTION-SYSTEM/utils/stream_manager.py", line 467, in _process_loop
    detections = self.tracker.update(
  File "/Users/macbook/Downloads/PPE-DETECTION-SYSTEM/utils/tracker_manager.py", line 233, in update
    ] = reid_result["identity_id"]
TypeError: 'NoneType' object is not subscriptable
2026-05-25 14:45:10 | ERROR | ppe.stream_manager | process-webcam_075170a0 | Processing loop failed for webcam_075170a0: 'NoneType' object is not subscriptable
Traceback (most recent call last):
  File "/Users/macbook/Downloads/PPE-DETECTION-SYSTEM/utils/stream_manager.py", line 467, in _process_loop
    detections = self.tracker.update(
  File "/Users/macbook/Downloads/PPE-DETECTION-SYSTEM/utils/tracker_manager.py", line 233, in update
    ] = reid_result["identity_id"]
TypeError: 'NoneType' object is not subscriptable
2026-05-25 14:45:10 | ERROR | ppe.stream_manager | process-webcam_075170a0 | Processing loop failed for webcam_075170a0: 'NoneType' object is not subscriptable
Traceback (most recent call last):
  File "/Users/macbook/Downloads/PPE-DETECTION-SYSTEM/utils/stream_manager.py", line 467, in _process_loop
    detections = self.tracker.update(
  File "/Users/macbook/Downloads/PPE-DETECTION-SYSTEM/utils/tracker_manager.py", line 233, in update
    ] = reid_result["identity_id"]
TypeError: 'NoneType' object is not subscriptable
2026-05-25 14:45:10 | ERROR | ppe.stream_manager | process-webcam_075170a0 | Processing loop failed for webcam_075170a0: 'NoneType' object is not subscriptable
Traceback (most recent call last):
  File "/Users/macbook/Downloads/PPE-DETECTION-SYSTEM/utils/stream_manager.py", line 467, in _process_loop
    detections = self.tracker.update(
  File "/Users/macbook/Downloads/PPE-DETECTION-SYSTEM/utils/tracker_manager.py", line 233, in update
    ] = reid_result["identity_id"]
TypeError: 'NoneType' object is not subscriptable
2026-05-25 14:45:10 | ERROR | ppe.stream_manager | process-webcam_075170a0 | Processing loop failed for webcam_075170a0: 'NoneType' object is not subscriptable
Traceback (most recent call last):
  File "/Users/macbook/Downloads/PPE-DETECTION-SYSTEM/utils/stream_manager.py", line 467, in _process_loop
    detections = self.tracker.update(
  File "/Users/macbook/Downloads/PPE-DETECTION-SYSTEM/utils/tracker_manager.py", line 233, in update
    ] = reid_result["identity_id"]
TypeError: 'NoneType' object is not subscriptable
2026-05-25 14:45:11 | ERROR | ppe.stream_manager | process-webcam_075170a0 | Processing loop failed for webcam_075170a0: 'NoneType' object is not subscriptable
Traceback (most recent call last):
  File "/Users/macbook/Downloads/PPE-DETECTION-SYSTEM/utils/stream_manager.py", line 467, in _process_loop
    detections = self.tracker.update(
  File "/Users/macbook/Downloads/PPE-DETECTION-SYSTEM/utils/tracker_manager.py", line 233, in update
    ] = reid_result["identity_id"]
TypeError: 'NoneType' object is not subscriptable
2026-05-25 14:45:11 | ERROR | ppe.stream_manager | process-webcam_075170a0 | Processing loop failed for webcam_075170a0: 'NoneType' object is not subscriptable
Traceback (most recent call last):
  File "/Users/macbook/Downloads/PPE-DETECTION-SYSTEM/utils/stream_manager.py", line 467, in _process_loop
    detections = self.tracker.update(
  File "/Users/macbook/Downloads/PPE-DETECTION-SYSTEM/utils/tracker_manager.py", line 233, in update
    ] = reid_result["identity_id"]
TypeError: 'NoneType' object is not subscriptable
2026-05-25 14:45:11 | ERROR | ppe.stream_manager | process-webcam_075170a0 | Processing loop failed for webcam_075170a0: 'NoneType' object is not subscriptable
Traceback (most recent call last):
  File "/Users/macbook/Downloads/PPE-DETECTION-SYSTEM/utils/stream_manager.py", line 467, in _process_loop
    detections = self.tracker.update(
  File "/Users/macbook/Downloads/PPE-DETECTION-SYSTEM/utils/tracker_manager.py", line 233, in update
    ] = reid_result["identity_id"]
TypeError: 'NoneType' object is not subscriptable
2026-05-25 14:45:11 | ERROR | ppe.stream_manager | process-webcam_075170a0 | Processing loop failed for webcam_075170a0: 'NoneType' object is not subscriptable
Traceback (most recent call last):
  File "/Users/macbook/Downloads/PPE-DETECTION-SYSTEM/utils/stream_manager.py", line 467, in _process_loop
    detections = self.tracker.update(
  File "/Users/macbook/Downloads/PPE-DETECTION-SYSTEM/utils/tracker_manager.py", line 233, in update
    ] = reid_result["identity_id"]
TypeError: 'NoneType' object is not subscriptable
2026-05-25 14:45:11 | ERROR | ppe.stream_manager | process-webcam_075170a0 | Processing loop failed for webcam_075170a0: 'NoneType' object is not subscriptable
Traceback (most recent call last):
  File "/Users/macbook/Downloads/PPE-DETECTION-SYSTEM/utils/stream_manager.py", line 467, in _process_loop
    detections = self.tracker.update(
  File "/Users/macbook/Downloads/PPE-DETECTION-SYSTEM/utils/tracker_manager.py", line 233, in update
    ] = reid_result["identity_id"]
TypeError: 'NoneType' object is not subscriptable
2026-05-25 14:45:11 | ERROR | ppe.stream_manager | process-webcam_075170a0 | Processing loop failed for webcam_075170a0: 'NoneType' object is not subscriptable
Traceback (most recent call last):
  File "/Users/macbook/Downloads/PPE-DETECTION-SYSTEM/utils/stream_manager.py", line 467, in _process_loop
    detections = self.tracker.update(
  File "/Users/macbook/Downloads/PPE-DETECTION-SYSTEM/utils/tracker_manager.py", line 233, in update
    ] = reid_result["identity_id"]
TypeError: 'NoneType' object is not subscriptable
2026-05-25 14:45:11 | ERROR | ppe.stream_manager | process-webcam_075170a0 | Processing loop failed for webcam_075170a0: 'NoneType' object is not subscriptable
Traceback (most recent call last):
  File "/Users/macbook/Downloads/PPE-DETECTION-SYSTEM/utils/stream_manager.py", line 467, in _process_loop
    detections = self.tracker.update(
  File "/Users/macbook/Downloads/PPE-DETECTION-SYSTEM/utils/tracker_manager.py", line 233, in update
    ] = reid_result["identity_id"]
TypeError: 'NoneType' object is not subscriptable
2026-05-25 14:45:11 | ERROR | ppe.stream_manager | process-webcam_075170a0 | Processing loop failed for webcam_075170a0: 'NoneType' object is not subscriptable
Traceback (most recent call last):
  File "/Users/macbook/Downloads/PPE-DETECTION-SYSTEM/utils/stream_manager.py", line 467, in _process_loop
    detections = self.tracker.update(
  File "/Users/macbook/Downloads/PPE-DETECTION-SYSTEM/utils/tracker_manager.py", line 233, in update
    ] = reid_result["identity_id"]
TypeError: 'NoneType' object is not subscriptable
2026-05-25 14:45:11 | ERROR | ppe.stream_manager | process-webcam_075170a0 | Processing loop failed for webcam_075170a0: 'NoneType' object is not subscriptable
Traceback (most recent call last):
  File "/Users/macbook/Downloads/PPE-DETECTION-SYSTEM/utils/stream_manager.py", line 467, in _process_loop
    detections = self.tracker.update(
  File "/Users/macbook/Downloads/PPE-DETECTION-SYSTEM/utils/tracker_manager.py", line 233, in update
    ] = reid_result["identity_id"]
TypeError: 'NoneType' object is not subscriptable
2026-05-25 14:45:11 | ERROR | ppe.stream_manager | process-webcam_075170a0 | Processing loop failed for webcam_075170a0: 'NoneType' object is not subscriptable
Traceback (most recent call last):
  File "/Users/macbook/Downloads/PPE-DETECTION-SYSTEM/utils/stream_manager.py", line 467, in _process_loop
    detections = self.tracker.update(
  File "/Users/macbook/Downloads/PPE-DETECTION-SYSTEM/utils/tracker_manager.py", line 233, in update
    ] = reid_result["identity_id"]
TypeError: 'NoneType' object is not subscriptable
2026-05-25 14:45:11 | ERROR | ppe.stream_manager | process-webcam_075170a0 | Processing loop failed for webcam_075170a0: 'NoneType' object is not subscriptable
Traceback (most recent call last):
  File "/Users/macbook/Downloads/PPE-DETECTION-SYSTEM/utils/stream_manager.py", line 467, in _process_loop
    detections = self.tracker.update(
  File "/Users/macbook/Downloads/PPE-DETECTION-SYSTEM/utils/tracker_manager.py", line 233, in update
    ] = reid_result["identity_id"]
TypeError: 'NoneType' object is not subscriptable
2026-05-25 14:45:12 | ERROR | ppe.stream_manager | process-webcam_075170a0 | Processing loop failed for webcam_075170a0: 'NoneType' object is not subscriptable
Traceback (most recent call last):
  File "/Users/macbook/Downloads/PPE-DETECTION-SYSTEM/utils/stream_manager.py", line 467, in _process_loop
    detections = self.tracker.update(
  File "/Users/macbook/Downloads/PPE-DETECTION-SYSTEM/utils/tracker_manager.py", line 233, in update
    ] = reid_result["identity_id"]
TypeError: 'NoneType' object is not subscriptable
2026-05-25 14:45:12 | ERROR | ppe.stream_manager | process-webcam_075170a0 | Processing loop failed for webcam_075170a0: 'NoneType' object is not subscriptable
Traceback (most recent call last):
  File "/Users/macbook/Downloads/PPE-DETECTION-SYSTEM/utils/stream_manager.py", line 467, in _process_loop
    detections = self.tracker.update(
  File "/Users/macbook/Downloads/PPE-DETECTION-SYSTEM/utils/tracker_manager.py", line 233, in update
    ] = reid_result["identity_id"]
TypeError: 'NoneType' object is not subscriptable
2026-05-25 14:45:12 | ERROR | ppe.stream_manager | process-webcam_075170a0 | Processing loop failed for webcam_075170a0: 'NoneType' object is not subscriptable
Traceback (most recent call last):
  File "/Users/macbook/Downloads/PPE-DETECTION-SYSTEM/utils/stream_manager.py", line 467, in _process_loop
    detections = self.tracker.update(
  File "/Users/macbook/Downloads/PPE-DETECTION-SYSTEM/utils/tracker_manager.py", line 233, in update
    ] = reid_result["identity_id"]
TypeError: 'NoneType' object is not subscriptable
2026-05-25 14:45:12 | ERROR | ppe.stream_manager | process-webcam_075170a0 | Processing loop failed for webcam_075170a0: 'NoneType' object is not subscriptable
Traceback (most recent call last):
  File "/Users/macbook/Downloads/PPE-DETECTION-SYSTEM/utils/stream_manager.py", line 467, in _process_loop
    detections = self.tracker.update(
  File "/Users/macbook/Downloads/PPE-DETECTION-SYSTEM/utils/tracker_manager.py", line 233, in update
    ] = reid_result["identity_id"]
TypeError: 'NoneType' object is not subscriptable
2026-05-25 14:45:12 | ERROR | ppe.stream_manager | process-webcam_075170a0 | Processing loop failed for webcam_075170a0: 'NoneType' object is not subscriptable
Traceback (most recent call last):
  File "/Users/macbook/Downloads/PPE-DETECTION-SYSTEM/utils/stream_manager.py", line 467, in _process_loop
    detections = self.tracker.update(
  File "/Users/macbook/Downloads/PPE-DETECTION-SYSTEM/utils/tracker_manager.py", line 233, in update
    ] = reid_result["identity_id"]
TypeError: 'NoneType' object is not subscriptable
2026-05-25 14:45:12 | ERROR | ppe.stream_manager | process-webcam_075170a0 | Processing loop failed for webcam_075170a0: 'NoneType' object is not subscriptable
Traceback (most recent call last):
  File "/Users/macbook/Downloads/PPE-DETECTION-SYSTEM/utils/stream_manager.py", line 467, in _process_loop
    detections = self.tracker.update(
  File "/Users/macbook/Downloads/PPE-DETECTION-SYSTEM/utils/tracker_manager.py", line 233, in update
    ] = reid_result["identity_id"]
TypeError: 'NoneType' object is not subscriptable
2026-05-25 14:45:12 | ERROR | ppe.stream_manager | process-webcam_075170a0 | Processing loop failed for webcam_075170a0: 'NoneType' object is not subscriptable
Traceback (most recent call last):
  File "/Users/macbook/Downloads/PPE-DETECTION-SYSTEM/utils/stream_manager.py", line 467, in _process_loop
    detections = self.tracker.update(
  File "/Users/macbook/Downloads/PPE-DETECTION-SYSTEM/utils/tracker_manager.py", line 233, in update
    ] = reid_result["identity_id"]
TypeError: 'NoneType' object is not subscriptable
2026-05-25 14:45:12 | ERROR | ppe.stream_manager | process-webcam_075170a0 | Processing loop failed for webcam_075170a0: 'NoneType' object is not subscriptable
Traceback (most recent call last):
  File "/Users/macbook/Downloads/PPE-DETECTION-SYSTEM/utils/stream_manager.py", line 467, in _process_loop
    detections = self.tracker.update(
  File "/Users/macbook/Downloads/PPE-DETECTION-SYSTEM/utils/tracker_manager.py", line 233, in update
    ] = reid_result["identity_id"]
TypeError: 'NoneType' object is not subscriptable
2026-05-25 14:45:12 | ERROR | ppe.stream_manager | process-webcam_075170a0 | Processing loop failed for webcam_075170a0: 'NoneType' object is not subscriptable
Traceback (most recent call last):
  File "/Users/macbook/Downloads/PPE-DETECTION-SYSTEM/utils/stream_manager.py", line 467, in _process_loop
    detections = self.tracker.update(
  File "/Users/macbook/Downloads/PPE-DETECTION-SYSTEM/utils/tracker_manager.py", line 233, in update
    ] = reid_result["identity_id"]
TypeError: 'NoneType' object is not subscriptable
2026-05-25 14:45:12 | ERROR | ppe.stream_manager | process-webcam_075170a0 | Processing loop failed for webcam_075170a0: 'NoneType' object is not subscriptable
Traceback (most recent call last):
  File "/Users/macbook/Downloads/PPE-DETECTION-SYSTEM/utils/stream_manager.py", line 467, in _process_loop
    detections = self.tracker.update(
  File "/Users/macbook/Downloads/PPE-DETECTION-SYSTEM/utils/tracker_manager.py", line 233, in update
    ] = reid_result["identity_id"]
TypeError: 'NoneType' object is not subscriptable
2026-05-25 14:45:12 | ERROR | ppe.stream_manager | process-webcam_075170a0 | Processing loop failed for webcam_075170a0: 'NoneType' object is not subscriptable
Traceback (most recent call last):
  File "/Users/macbook/Downloads/PPE-DETECTION-SYSTEM/utils/stream_manager.py", line 467, in _process_loop
    detections = self.tracker.update(
  File "/Users/macbook/Downloads/PPE-DETECTION-SYSTEM/utils/tracker_manager.py", line 233, in update
    ] = reid_result["identity_id"]
TypeError: 'NoneType' object is not subscriptable
2026-05-25 14:45:12 | ERROR | ppe.stream_manager | process-webcam_075170a0 | Processing loop failed for webcam_075170a0: 'NoneType' object is not subscriptable
Traceback (most recent call last):
  File "/Users/macbook/Downloads/PPE-DETECTION-SYSTEM/utils/stream_manager.py", line 467, in _process_loop
    detections = self.tracker.update(
  File "/Users/macbook/Downloads/PPE-DETECTION-SYSTEM/utils/tracker_manager.py", line 233, in update
    ] = reid_result["identity_id"]
TypeError: 'NoneType' object is not subscriptable
2026-05-25 14:45:13 | ERROR | ppe.stream_manager | process-webcam_075170a0 | Processing loop failed for webcam_075170a0: 'NoneType' object is not subscriptable
Traceback (most recent call last):
  File "/Users/macbook/Downloads/PPE-DETECTION-SYSTEM/utils/stream_manager.py", line 467, in _process_loop
    detections = self.tracker.update(
  File "/Users/macbook/Downloads/PPE-DETECTION-SYSTEM/utils/tracker_manager.py", line 233, in update
    ] = reid_result["identity_id"]
TypeError: 'NoneType' object is not subscriptable
2026-05-25 14:45:13 | ERROR | ppe.stream_manager | process-webcam_075170a0 | Processing loop failed for webcam_075170a0: 'NoneType' object is not subscriptable
Traceback (most recent call last):
  File "/Users/macbook/Downloads/PPE-DETECTION-SYSTEM/utils/stream_manager.py", line 467, in _process_loop
    detections = self.tracker.update(
  File "/Users/macbook/Downloads/PPE-DETECTION-SYSTEM/utils/tracker_manager.py", line 233, in update
    ] = reid_result["identity_id"]
TypeError: 'NoneType' object is not subscriptable
2026-05-25 14:45:13 | ERROR | ppe.stream_manager | process-webcam_075170a0 | Processing loop failed for webcam_075170a0: 'NoneType' object is not subscriptable
Traceback (most recent call last):
  File "/Users/macbook/Downloads/PPE-DETECTION-SYSTEM/utils/stream_manager.py", line 467, in _process_loop
    detections = self.tracker.update(
  File "/Users/macbook/Downloads/PPE-DETECTION-SYSTEM/utils/tracker_manager.py", line 233, in update
    ] = reid_result["identity_id"]
TypeError: 'NoneType' object is not subscriptable
2026-05-25 14:45:13 | ERROR | ppe.stream_manager | process-webcam_075170a0 | Processing loop failed for webcam_075170a0: 'NoneType' object is not subscriptable
Traceback (most recent call last):
  File "/Users/macbook/Downloads/PPE-DETECTION-SYSTEM/utils/stream_manager.py", line 467, in _process_loop
    detections = self.tracker.update(
  File "/Users/macbook/Downloads/PPE-DETECTION-SYSTEM/utils/tracker_manager.py", line 233, in update
    ] = reid_result["identity_id"]
TypeError: 'NoneType' object is not subscriptable
2026-05-25 14:45:13 | ERROR | ppe.stream_manager | process-webcam_075170a0 | Processing loop failed for webcam_075170a0: 'NoneType' object is not subscriptable
Traceback (most recent call last):
  File "/Users/macbook/Downloads/PPE-DETECTION-SYSTEM/utils/stream_manager.py", line 467, in _process_loop
    detections = self.tracker.update(
  File "/Users/macbook/Downloads/PPE-DETECTION-SYSTEM/utils/tracker_manager.py", line 233, in update
    ] = reid_result["identity_id"]
TypeError: 'NoneType' object is not subscriptable
2026-05-25 14:45:13 | ERROR | ppe.stream_manager | process-webcam_075170a0 | Processing loop failed for webcam_075170a0: 'NoneType' object is not subscriptable
Traceback (most recent call last):
  File "/Users/macbook/Downloads/PPE-DETECTION-SYSTEM/utils/stream_manager.py", line 467, in _process_loop
    detections = self.tracker.update(
  File "/Users/macbook/Downloads/PPE-DETECTION-SYSTEM/utils/tracker_manager.py", line 233, in update
    ] = reid_result["identity_id"]
TypeError: 'NoneType' object is not subscriptable
2026-05-25 14:45:13 | ERROR | ppe.stream_manager | process-webcam_075170a0 | Processing loop failed for webcam_075170a0: 'NoneType' object is not subscriptable
Traceback (most recent call last):
  File "/Users/macbook/Downloads/PPE-DETECTION-SYSTEM/utils/stream_manager.py", line 467, in _process_loop
    detections = self.tracker.update(
  File "/Users/macbook/Downloads/PPE-DETECTION-SYSTEM/utils/tracker_manager.py", line 233, in update
    ] = reid_result["identity_id"]
TypeError: 'NoneType' object is not subscriptable
2026-05-25 14:45:13 | ERROR | ppe.stream_manager | process-webcam_075170a0 | Processing loop failed for webcam_075170a0: 'NoneType' object is not subscriptable
Traceback (most recent call last):
  File "/Users/macbook/Downloads/PPE-DETECTION-SYSTEM/utils/stream_manager.py", line 467, in _process_loop
    detections = self.tracker.update(
  File "/Users/macbook/Downloads/PPE-DETECTION-SYSTEM/utils/tracker_manager.py", line 233, in update
    ] = reid_result["identity_id"]
TypeError: 'NoneType' object is not subscriptable
2026-05-25 14:45:13 | ERROR | ppe.stream_manager | process-webcam_075170a0 | Processing loop failed for webcam_075170a0: 'NoneType' object is not subscriptable
Traceback (most recent call last):
  File "/Users/macbook/Downloads/PPE-DETECTION-SYSTEM/utils/stream_manager.py", line 467, in _process_loop
    detections = self.tracker.update(
  File "/Users/macbook/Downloads/PPE-DETECTION-SYSTEM/utils/tracker_manager.py", line 233, in update
    ] = reid_result["identity_id"]
TypeError: 'NoneType' object is not subscriptable
2026-05-25 14:45:13 | ERROR | ppe.stream_manager | process-webcam_075170a0 | Processing loop failed for webcam_075170a0: 'NoneType' object is not subscriptable
Traceback (most recent call last):
  File "/Users/macbook/Downloads/PPE-DETECTION-SYSTEM/utils/stream_manager.py", line 467, in _process_loop
    detections = self.tracker.update(
  File "/Users/macbook/Downloads/PPE-DETECTION-SYSTEM/utils/tracker_manager.py", line 233, in update
    ] = reid_result["identity_id"]
TypeError: 'NoneType' object is not subscriptable
2026-05-25 14:45:13 | ERROR | ppe.stream_manager | process-webcam_075170a0 | Processing loop failed for webcam_075170a0: 'NoneType' object is not subscriptable
Traceback (most recent call last):
  File "/Users/macbook/Downloads/PPE-DETECTION-SYSTEM/utils/stream_manager.py", line 467, in _process_loop
    detections = self.tracker.update(
  File "/Users/macbook/Downloads/PPE-DETECTION-SYSTEM/utils/tracker_manager.py", line 233, in update
    ] = reid_result["identity_id"]
TypeError: 'NoneType' object is not subscriptable
2026-05-25 14:45:14 | ERROR | ppe.stream_manager | process-webcam_075170a0 | Processing loop failed for webcam_075170a0: 'NoneType' object is not subscriptable
Traceback (most recent call last):
  File "/Users/macbook/Downloads/PPE-DETECTION-SYSTEM/utils/stream_manager.py", line 467, in _process_loop
    detections = self.tracker.update(
  File "/Users/macbook/Downloads/PPE-DETECTION-SYSTEM/utils/tracker_manager.py", line 233, in update
    ] = reid_result["identity_id"]
TypeError: 'NoneType' object is not subscriptable
2026-05-25 14:45:14 | ERROR | ppe.stream_manager | process-webcam_075170a0 | Processing loop failed for webcam_075170a0: 'NoneType' object is not subscriptable
Traceback (most recent call last):
  File "/Users/macbook/Downloads/PPE-DETECTION-SYSTEM/utils/stream_manager.py", line 467, in _process_loop
    detections = self.tracker.update(
  File "/Users/macbook/Downloads/PPE-DETECTION-SYSTEM/utils/tracker_manager.py", line 233, in update
    ] = reid_result["identity_id"]
TypeError: 'NoneType' object is not subscriptable
2026-05-25 14:45:14 | ERROR | ppe.stream_manager | process-webcam_075170a0 | Processing loop failed for webcam_075170a0: 'NoneType' object is not subscriptable
Traceback (most recent call last):
  File "/Users/macbook/Downloads/PPE-DETECTION-SYSTEM/utils/stream_manager.py", line 467, in _process_loop
    detections = self.tracker.update(
  File "/Users/macbook/Downloads/PPE-DETECTION-SYSTEM/utils/tracker_manager.py", line 233, in update
    ] = reid_result["identity_id"]
TypeError: 'NoneType' object is not subscriptable
2026-05-25 14:45:14 | ERROR | ppe.stream_manager | process-webcam_075170a0 | Processing loop failed for webcam_075170a0: 'NoneType' object is not subscriptable
Traceback (most recent call last):
  File "/Users/macbook/Downloads/PPE-DETECTION-SYSTEM/utils/stream_manager.py", line 467, in _process_loop
    detections = self.tracker.update(
  File "/Users/macbook/Downloads/PPE-DETECTION-SYSTEM/utils/tracker_manager.py", line 233, in update
    ] = reid_result["identity_id"]
TypeError: 'NoneType' object is not subscriptable
2026-05-25 14:45:14 | ERROR | ppe.stream_manager | process-webcam_075170a0 | Processing loop failed for webcam_075170a0: 'NoneType' object is not subscriptable
Traceback (most recent call last):
  File "/Users/macbook/Downloads/PPE-DETECTION-SYSTEM/utils/stream_manager.py", line 467, in _process_loop
    detections = self.tracker.update(
  File "/Users/macbook/Downloads/PPE-DETECTION-SYSTEM/utils/tracker_manager.py", line 233, in update
    ] = reid_result["identity_id"]
TypeError: 'NoneType' object is not subscriptable
2026-05-25 14:45:14 | ERROR | ppe.stream_manager | process-webcam_075170a0 | Processing loop failed for webcam_075170a0: 'NoneType' object is not subscriptable
Traceback (most recent call last):
  File "/Users/macbook/Downloads/PPE-DETECTION-SYSTEM/utils/stream_manager.py", line 467, in _process_loop
    detections = self.tracker.update(
  File "/Users/macbook/Downloads/PPE-DETECTION-SYSTEM/utils/tracker_manager.py", line 233, in update
    ] = reid_result["identity_id"]
TypeError: 'NoneType' object is not subscriptable
2026-05-25 14:45:14 | ERROR | ppe.stream_manager | process-webcam_075170a0 | Processing loop failed for webcam_075170a0: 'NoneType' object is not subscriptable
Traceback (most recent call last):
  File "/Users/macbook/Downloads/PPE-DETECTION-SYSTEM/utils/stream_manager.py", line 467, in _process_loop
    detections = self.tracker.update(
  File "/Users/macbook/Downloads/PPE-DETECTION-SYSTEM/utils/tracker_manager.py", line 233, in update
    ] = reid_result["identity_id"]
TypeError: 'NoneType' object is not subscriptable
2026-05-25 14:45:14 | ERROR | ppe.stream_manager | process-webcam_075170a0 | Processing loop failed for webcam_075170a0: 'NoneType' object is not subscriptable
Traceback (most recent call last):
  File "/Users/macbook/Downloads/PPE-DETECTION-SYSTEM/utils/stream_manager.py", line 467, in _process_loop
    detections = self.tracker.update(
  File "/Users/macbook/Downloads/PPE-DETECTION-SYSTEM/utils/tracker_manager.py", line 233, in update
    ] = reid_result["identity_id"]
TypeError: 'NoneType' object is not subscriptable
2026-05-25 14:45:14 | ERROR | ppe.stream_manager | process-webcam_075170a0 | Processing loop failed for webcam_075170a0: 'NoneType' object is not subscriptable
Traceback (most recent call last):
  File "/Users/macbook/Downloads/PPE-DETECTION-SYSTEM/utils/stream_manager.py", line 467, in _process_loop
    detections = self.tracker.update(
  File "/Users/macbook/Downloads/PPE-DETECTION-SYSTEM/utils/tracker_manager.py", line 233, in update
    ] = reid_result["identity_id"]
TypeError: 'NoneType' object is not subscriptable
2026-05-25 14:45:14 | ERROR | ppe.stream_manager | process-webcam_075170a0 | Processing loop failed for webcam_075170a0: 'NoneType' object is not subscriptable
Traceback (most recent call last):
  File "/Users/macbook/Downloads/PPE-DETECTION-SYSTEM/utils/stream_manager.py", line 467, in _process_loop
    detections = self.tracker.update(
  File "/Users/macbook/Downloads/PPE-DETECTION-SYSTEM/utils/tracker_manager.py", line 233, in update
    ] = reid_result["identity_id"]
TypeError: 'NoneType' object is not subscriptable
2026-05-25 14:45:14 | ERROR | ppe.stream_manager | process-webcam_075170a0 | Processing loop failed for webcam_075170a0: 'NoneType' object is not subscriptable
Traceback (most recent call last):
  File "/Users/macbook/Downloads/PPE-DETECTION-SYSTEM/utils/stream_manager.py", line 467, in _process_loop
    detections = self.tracker.update(
  File "/Users/macbook/Downloads/PPE-DETECTION-SYSTEM/utils/tracker_manager.py", line 233, in update
    ] = reid_result["identity_id"]
TypeError: 'NoneType' object is not subscriptable
2026-05-25 14:45:15 | ERROR | ppe.stream_manager | process-webcam_075170a0 | Processing loop failed for webcam_075170a0: 'NoneType' object is not subscriptable
Traceback (most recent call last):
  File "/Users/macbook/Downloads/PPE-DETECTION-SYSTEM/utils/stream_manager.py", line 467, in _process_loop
    detections = self.tracker.update(
  File "/Users/macbook/Downloads/PPE-DETECTION-SYSTEM/utils/tracker_manager.py", line 233, in update
    ] = reid_result["identity_id"]
TypeError: 'NoneType' object is not subscriptable
2026-05-25 14:45:15 | ERROR | ppe.stream_manager | process-webcam_075170a0 | Processing loop failed for webcam_075170a0: 'NoneType' object is not subscriptable
Traceback (most recent call last):
  File "/Users/macbook/Downloads/PPE-DETECTION-SYSTEM/utils/stream_manager.py", line 467, in _process_loop
    detections = self.tracker.update(
  File "/Users/macbook/Downloads/PPE-DETECTION-SYSTEM/utils/tracker_manager.py", line 233, in update
    ] = reid_result["identity_id"]
TypeError: 'NoneType' object is not subscriptable
2026-05-25 14:45:15 | ERROR | ppe.stream_manager | process-webcam_075170a0 | Processing loop failed for webcam_075170a0: 'NoneType' object is not subscriptable
Traceback (most recent call last):
  File "/Users/macbook/Downloads/PPE-DETECTION-SYSTEM/utils/stream_manager.py", line 467, in _process_loop
    detections = self.tracker.update(
  File "/Users/macbook/Downloads/PPE-DETECTION-SYSTEM/utils/tracker_manager.py", line 233, in update
    ] = reid_result["identity_id"]
TypeError: 'NoneType' object is not subscriptable
2026-05-25 14:45:15 | ERROR | ppe.stream_manager | process-webcam_075170a0 | Processing loop failed for webcam_075170a0: 'NoneType' object is not subscriptable
Traceback (most recent call last):
  File "/Users/macbook/Downloads/PPE-DETECTION-SYSTEM/utils/stream_manager.py", line 467, in _process_loop
    detections = self.tracker.update(
  File "/Users/macbook/Downloads/PPE-DETECTION-SYSTEM/utils/tracker_manager.py", line 233, in update
    ] = reid_result["identity_id"]
TypeError: 'NoneType' object is not subscriptable
2026-05-25 14:45:15 | ERROR | ppe.stream_manager | process-webcam_075170a0 | Processing loop failed for webcam_075170a0: 'NoneType' object is not subscriptable
Traceback (most recent call last):
  File "/Users/macbook/Downloads/PPE-DETECTION-SYSTEM/utils/stream_manager.py", line 467, in _process_loop
    detections = self.tracker.update(
  File "/Users/macbook/Downloads/PPE-DETECTION-SYSTEM/utils/tracker_manager.py", line 233, in update
    ] = reid_result["identity_id"]
TypeError: 'NoneType' object is not subscriptable
2026-05-25 14:45:15 | ERROR | ppe.stream_manager | process-webcam_075170a0 | Processing loop failed for webcam_075170a0: 'NoneType' object is not subscriptable
Traceback (most recent call last):
  File "/Users/macbook/Downloads/PPE-DETECTION-SYSTEM/utils/stream_manager.py", line 467, in _process_loop
    detections = self.tracker.update(
  File "/Users/macbook/Downloads/PPE-DETECTION-SYSTEM/utils/tracker_manager.py", line 233, in update
    ] = reid_result["identity_id"]
TypeError: 'NoneType' object is not subscriptable
2026-05-25 14:45:15 | ERROR | ppe.stream_manager | process-webcam_075170a0 | Processing loop failed for webcam_075170a0: 'NoneType' object is not subscriptable
Traceback (most recent call last):
  File "/Users/macbook/Downloads/PPE-DETECTION-SYSTEM/utils/stream_manager.py", line 467, in _process_loop
    detections = self.tracker.update(
  File "/Users/macbook/Downloads/PPE-DETECTION-SYSTEM/utils/tracker_manager.py", line 233, in update
    ] = reid_result["identity_id"]
TypeError: 'NoneType' object is not subscriptable
2026-05-25 14:45:15 | ERROR | ppe.stream_manager | process-webcam_075170a0 | Processing loop failed for webcam_075170a0: 'NoneType' object is not subscriptable
Traceback (most recent call last):
  File "/Users/macbook/Downloads/PPE-DETECTION-SYSTEM/utils/stream_manager.py", line 467, in _process_loop
    detections = self.tracker.update(
  File "/Users/macbook/Downloads/PPE-DETECTION-SYSTEM/utils/tracker_manager.py", line 233, in update
    ] = reid_result["identity_id"]
TypeError: 'NoneType' object is not subscriptable
2026-05-25 14:45:15 | ERROR | ppe.stream_manager | process-webcam_075170a0 | Processing loop failed for webcam_075170a0: 'NoneType' object is not subscriptable
Traceback (most recent call last):
  File "/Users/macbook/Downloads/PPE-DETECTION-SYSTEM/utils/stream_manager.py", line 467, in _process_loop
    detections = self.tracker.update(
  File "/Users/macbook/Downloads/PPE-DETECTION-SYSTEM/utils/tracker_manager.py", line 233, in update
    ] = reid_result["identity_id"]
TypeError: 'NoneType' object is not subscriptable
2026-05-25 14:45:15 | ERROR | ppe.stream_manager | process-webcam_075170a0 | Processing loop failed for webcam_075170a0: 'NoneType' object is not subscriptable
Traceback (most recent call last):
  File "/Users/macbook/Downloads/PPE-DETECTION-SYSTEM/utils/stream_manager.py", line 467, in _process_loop
    detections = self.tracker.update(
  File "/Users/macbook/Downloads/PPE-DETECTION-SYSTEM/utils/tracker_manager.py", line 233, in update
    ] = reid_result["identity_id"]
TypeError: 'NoneType' object is not subscriptable
2026-05-25 14:45:15 | ERROR | ppe.stream_manager | process-webcam_075170a0 | Processing loop failed for webcam_075170a0: 'NoneType' object is not subscriptable
Traceback (most recent call last):
  File "/Users/macbook/Downloads/PPE-DETECTION-SYSTEM/utils/stream_manager.py", line 467, in _process_loop
    detections = self.tracker.update(
  File "/Users/macbook/Downloads/PPE-DETECTION-SYSTEM/utils/tracker_manager.py", line 233, in update
    ] = reid_result["identity_id"]
TypeError: 'NoneType' object is not subscriptable
2026-05-25 14:45:15 | ERROR | ppe.stream_manager | process-webcam_075170a0 | Processing loop failed for webcam_075170a0: 'NoneType' object is not subscriptable
Traceback (most recent call last):
  File "/Users/macbook/Downloads/PPE-DETECTION-SYSTEM/utils/stream_manager.py", line 467, in _process_loop
    detections = self.tracker.update(
  File "/Users/macbook/Downloads/PPE-DETECTION-SYSTEM/utils/tracker_manager.py", line 233, in update
    ] = reid_result["identity_id"]
TypeError: 'NoneType' object is not subscriptable
2026-05-25 14:45:16 | ERROR | ppe.stream_manager | process-webcam_075170a0 | Processing loop failed for webcam_075170a0: 'NoneType' object is not subscriptable
Traceback (most recent call last):
  File "/Users/macbook/Downloads/PPE-DETECTION-SYSTEM/utils/stream_manager.py", line 467, in _process_loop
    detections = self.tracker.update(
  File "/Users/macbook/Downloads/PPE-DETECTION-SYSTEM/utils/tracker_manager.py", line 233, in update
    ] = reid_result["identity_id"]
TypeError: 'NoneType' object is not subscriptable
2026-05-25 14:45:16 | ERROR | ppe.stream_manager | process-webcam_075170a0 | Processing loop failed for webcam_075170a0: 'NoneType' object is not subscriptable
Traceback (most recent call last):
  File "/Users/macbook/Downloads/PPE-DETECTION-SYSTEM/utils/stream_manager.py", line 467, in _process_loop
    detections = self.tracker.update(
  File "/Users/macbook/Downloads/PPE-DETECTION-SYSTEM/utils/tracker_manager.py", line 233, in update
    ] = reid_result["identity_id"]
TypeError: 'NoneType' object is not subscriptable
2026-05-25 14:45:16 | ERROR | ppe.stream_manager | process-webcam_075170a0 | Processing loop failed for webcam_075170a0: 'NoneType' object is not subscriptable
Traceback (most recent call last):
  File "/Users/macbook/Downloads/PPE-DETECTION-SYSTEM/utils/stream_manager.py", line 467, in _process_loop
    detections = self.tracker.update(
  File "/Users/macbook/Downloads/PPE-DETECTION-SYSTEM/utils/tracker_manager.py", line 233, in update
    ] = reid_result["identity_id"]
TypeError: 'NoneType' object is not subscriptable
2026-05-25 14:45:16 | ERROR | ppe.stream_manager | process-webcam_075170a0 | Processing loop failed for webcam_075170a0: 'NoneType' object is not subscriptable
Traceback (most recent call last):
  File "/Users/macbook/Downloads/PPE-DETECTION-SYSTEM/utils/stream_manager.py", line 467, in _process_loop
    detections = self.tracker.update(
  File "/Users/macbook/Downloads/PPE-DETECTION-SYSTEM/utils/tracker_manager.py", line 233, in update
    ] = reid_result["identity_id"]
TypeError: 'NoneType' object is not subscriptable
2026-05-25 14:45:16 | ERROR | ppe.stream_manager | process-webcam_075170a0 | Processing loop failed for webcam_075170a0: 'NoneType' object is not subscriptable
Traceback (most recent call last):
  File "/Users/macbook/Downloads/PPE-DETECTION-SYSTEM/utils/stream_manager.py", line 467, in _process_loop
    detections = self.tracker.update(
  File "/Users/macbook/Downloads/PPE-DETECTION-SYSTEM/utils/tracker_manager.py", line 233, in update
    ] = reid_result["identity_id"]
TypeError: 'NoneType' object is not subscriptable
2026-05-25 14:45:16 | ERROR | ppe.stream_manager | process-webcam_075170a0 | Processing loop failed for webcam_075170a0: 'NoneType' object is not subscriptable
Traceback (most recent call last):
  File "/Users/macbook/Downloads/PPE-DETECTION-SYSTEM/utils/stream_manager.py", line 467, in _process_loop
    detections = self.tracker.update(
  File "/Users/macbook/Downloads/PPE-DETECTION-SYSTEM/utils/tracker_manager.py", line 233, in update
    ] = reid_result["identity_id"]
TypeError: 'NoneType' object is not subscriptable
2026-05-25 14:45:16 | ERROR | ppe.stream_manager | process-webcam_075170a0 | Processing loop failed for webcam_075170a0: 'NoneType' object is not subscriptable
Traceback (most recent call last):
  File "/Users/macbook/Downloads/PPE-DETECTION-SYSTEM/utils/stream_manager.py", line 467, in _process_loop
    detections = self.tracker.update(
  File "/Users/macbook/Downloads/PPE-DETECTION-SYSTEM/utils/tracker_manager.py", line 233, in update
    ] = reid_result["identity_id"]
TypeError: 'NoneType' object is not subscriptable
2026-05-25 14:45:16 | ERROR | ppe.stream_manager | process-webcam_075170a0 | Processing loop failed for webcam_075170a0: 'NoneType' object is not subscriptable
Traceback (most recent call last):
  File "/Users/macbook/Downloads/PPE-DETECTION-SYSTEM/utils/stream_manager.py", line 467, in _process_loop
    detections = self.tracker.update(
  File "/Users/macbook/Downloads/PPE-DETECTION-SYSTEM/utils/tracker_manager.py", line 233, in update
    ] = reid_result["identity_id"]
TypeError: 'NoneType' object is not subscriptable
2026-05-25 14:45:16 | ERROR | ppe.stream_manager | process-webcam_075170a0 | Processing loop failed for webcam_075170a0: 'NoneType' object is not subscriptable
Traceback (most recent call last):
  File "/Users/macbook/Downloads/PPE-DETECTION-SYSTEM/utils/stream_manager.py", line 467, in _process_loop
    detections = self.tracker.update(
  File "/Users/macbook/Downloads/PPE-DETECTION-SYSTEM/utils/tracker_manager.py", line 233, in update
    ] = reid_result["identity_id"]
TypeError: 'NoneType' object is not subscriptable
2026-05-25 14:45:16 | ERROR | ppe.stream_manager | process-webcam_075170a0 | Processing loop failed for webcam_075170a0: 'NoneType' object is not subscriptable
Traceback (most recent call last):
  File "/Users/macbook/Downloads/PPE-DETECTION-SYSTEM/utils/stream_manager.py", line 467, in _process_loop
    detections = self.tracker.update(
  File "/Users/macbook/Downloads/PPE-DETECTION-SYSTEM/utils/tracker_manager.py", line 233, in update
    ] = reid_result["identity_id"]
TypeError: 'NoneType' object is not subscriptable
2026-05-25 14:45:16 | ERROR | ppe.stream_manager | process-webcam_075170a0 | Processing loop failed for webcam_075170a0: 'NoneType' object is not subscriptable
Traceback (most recent call last):
  File "/Users/macbook/Downloads/PPE-DETECTION-SYSTEM/utils/stream_manager.py", line 467, in _process_loop
    detections = self.tracker.update(
  File "/Users/macbook/Downloads/PPE-DETECTION-SYSTEM/utils/tracker_manager.py", line 233, in update
    ] = reid_result["identity_id"]
TypeError: 'NoneType' object is not subscriptable
2026-05-25 14:45:17 | ERROR | ppe.stream_manager | process-webcam_075170a0 | Processing loop failed for webcam_075170a0: 'NoneType' object is not subscriptable
Traceback (most recent call last):
  File "/Users/macbook/Downloads/PPE-DETECTION-SYSTEM/utils/stream_manager.py", line 467, in _process_loop
    detections = self.tracker.update(
  File "/Users/macbook/Downloads/PPE-DETECTION-SYSTEM/utils/tracker_manager.py", line 233, in update
    ] = reid_result["identity_id"]
TypeError: 'NoneType' object is not subscriptable
2026-05-25 14:45:17 | ERROR | ppe.stream_manager | process-webcam_075170a0 | Processing loop failed for webcam_075170a0: 'NoneType' object is not subscriptable
Traceback (most recent call last):
  File "/Users/macbook/Downloads/PPE-DETECTION-SYSTEM/utils/stream_manager.py", line 467, in _process_loop
    detections = self.tracker.update(
  File "/Users/macbook/Downloads/PPE-DETECTION-SYSTEM/utils/tracker_manager.py", line 233, in update
    ] = reid_result["identity_id"]
TypeError: 'NoneType' object is not subscriptable
2026-05-25 14:45:17 | ERROR | ppe.stream_manager | process-webcam_075170a0 | Processing loop failed for webcam_075170a0: 'NoneType' object is not subscriptable
Traceback (most recent call last):
  File "/Users/macbook/Downloads/PPE-DETECTION-SYSTEM/utils/stream_manager.py", line 467, in _process_loop
    detections = self.tracker.update(
  File "/Users/macbook/Downloads/PPE-DETECTION-SYSTEM/utils/tracker_manager.py", line 233, in update
    ] = reid_result["identity_id"]
TypeError: 'NoneType' object is not subscriptable
2026-05-25 14:45:17 | ERROR | ppe.stream_manager | process-webcam_075170a0 | Processing loop failed for webcam_075170a0: 'NoneType' object is not subscriptable
Traceback (most recent call last):
  File "/Users/macbook/Downloads/PPE-DETECTION-SYSTEM/utils/stream_manager.py", line 467, in _process_loop
    detections = self.tracker.update(
  File "/Users/macbook/Downloads/PPE-DETECTION-SYSTEM/utils/tracker_manager.py", line 233, in update
    ] = reid_result["identity_id"]
TypeError: 'NoneType' object is not subscriptable
2026-05-25 14:45:17 | ERROR | ppe.stream_manager | process-webcam_075170a0 | Processing loop failed for webcam_075170a0: 'NoneType' object is not subscriptable
Traceback (most recent call last):
  File "/Users/macbook/Downloads/PPE-DETECTION-SYSTEM/utils/stream_manager.py", line 467, in _process_loop
    detections = self.tracker.update(
  File "/Users/macbook/Downloads/PPE-DETECTION-SYSTEM/utils/tracker_manager.py", line 233, in update
    ] = reid_result["identity_id"]
TypeError: 'NoneType' object is not subscriptable
2026-05-25 14:45:17 | ERROR | ppe.stream_manager | process-webcam_075170a0 | Processing loop failed for webcam_075170a0: 'NoneType' object is not subscriptable
Traceback (most recent call last):
  File "/Users/macbook/Downloads/PPE-DETECTION-SYSTEM/utils/stream_manager.py", line 467, in _process_loop
    detections = self.tracker.update(
  File "/Users/macbook/Downloads/PPE-DETECTION-SYSTEM/utils/tracker_manager.py", line 233, in update
    ] = reid_result["identity_id"]
TypeError: 'NoneType' object is not subscriptable
2026-05-25 14:45:17 | ERROR | ppe.stream_manager | process-webcam_075170a0 | Processing loop failed for webcam_075170a0: 'NoneType' object is not subscriptable
Traceback (most recent call last):
  File "/Users/macbook/Downloads/PPE-DETECTION-SYSTEM/utils/stream_manager.py", line 467, in _process_loop
    detections = self.tracker.update(
  File "/Users/macbook/Downloads/PPE-DETECTION-SYSTEM/utils/tracker_manager.py", line 233, in update
    ] = reid_result["identity_id"]
TypeError: 'NoneType' object is not subscriptable
2026-05-25 14:45:17 | ERROR | ppe.stream_manager | process-webcam_075170a0 | Processing loop failed for webcam_075170a0: 'NoneType' object is not subscriptable
Traceback (most recent call last):
  File "/Users/macbook/Downloads/PPE-DETECTION-SYSTEM/utils/stream_manager.py", line 467, in _process_loop
    detections = self.tracker.update(
  File "/Users/macbook/Downloads/PPE-DETECTION-SYSTEM/utils/tracker_manager.py", line 233, in update
    ] = reid_result["identity_id"]
TypeError: 'NoneType' object is not subscriptable
2026-05-25 14:45:17 | ERROR | ppe.stream_manager | process-webcam_075170a0 | Processing loop failed for webcam_075170a0: 'NoneType' object is not subscriptable
Traceback (most recent call last):
  File "/Users/macbook/Downloads/PPE-DETECTION-SYSTEM/utils/stream_manager.py", line 467, in _process_loop
    detections = self.tracker.update(
  File "/Users/macbook/Downloads/PPE-DETECTION-SYSTEM/utils/tracker_manager.py", line 233, in update
    ] = reid_result["identity_id"]
TypeError: 'NoneType' object is not subscriptable
2026-05-25 14:45:17 | ERROR | ppe.stream_manager | process-webcam_075170a0 | Processing loop failed for webcam_075170a0: 'NoneType' object is not subscriptable
Traceback (most recent call last):
  File "/Users/macbook/Downloads/PPE-DETECTION-SYSTEM/utils/stream_manager.py", line 467, in _process_loop
    detections = self.tracker.update(
  File "/Users/macbook/Downloads/PPE-DETECTION-SYSTEM/utils/tracker_manager.py", line 233, in update
    ] = reid_result["identity_id"]
TypeError: 'NoneType' object is not subscriptable
2026-05-25 14:45:17 | ERROR | ppe.stream_manager | process-webcam_075170a0 | Processing loop failed for webcam_075170a0: 'NoneType' object is not subscriptable
Traceback (most recent call last):
  File "/Users/macbook/Downloads/PPE-DETECTION-SYSTEM/utils/stream_manager.py", line 467, in _process_loop
    detections = self.tracker.update(
  File "/Users/macbook/Downloads/PPE-DETECTION-SYSTEM/utils/tracker_manager.py", line 233, in update
    ] = reid_result["identity_id"]
TypeError: 'NoneType' object is not subscriptable
2026-05-25 14:45:18 | ERROR | ppe.stream_manager | process-webcam_075170a0 | Processing loop failed for webcam_075170a0: 'NoneType' object is not subscriptable
Traceback (most recent call last):
  File "/Users/macbook/Downloads/PPE-DETECTION-SYSTEM/utils/stream_manager.py", line 467, in _process_loop
    detections = self.tracker.update(
  File "/Users/macbook/Downloads/PPE-DETECTION-SYSTEM/utils/tracker_manager.py", line 233, in update
    ] = reid_result["identity_id"]
TypeError: 'NoneType' object is not subscriptable
2026-05-25 14:45:18 | ERROR | ppe.stream_manager | process-webcam_075170a0 | Processing loop failed for webcam_075170a0: 'NoneType' object is not subscriptable
Traceback (most recent call last):
  File "/Users/macbook/Downloads/PPE-DETECTION-SYSTEM/utils/stream_manager.py", line 467, in _process_loop
    detections = self.tracker.update(
  File "/Users/macbook/Downloads/PPE-DETECTION-SYSTEM/utils/tracker_manager.py", line 233, in update
    ] = reid_result["identity_id"]
TypeError: 'NoneType' object is not subscriptable
2026-05-25 14:45:18 | ERROR | ppe.stream_manager | process-webcam_075170a0 | Processing loop failed for webcam_075170a0: 'NoneType' object is not subscriptable
Traceback (most recent call last):
  File "/Users/macbook/Downloads/PPE-DETECTION-SYSTEM/utils/stream_manager.py", line 467, in _process_loop
    detections = self.tracker.update(
  File "/Users/macbook/Downloads/PPE-DETECTION-SYSTEM/utils/tracker_manager.py", line 233, in update
    ] = reid_result["identity_id"]
TypeError: 'NoneType' object is not subscriptable
2026-05-25 14:45:18 | ERROR | ppe.stream_manager | process-webcam_075170a0 | Processing loop failed for webcam_075170a0: 'NoneType' object is not subscriptable
Traceback (most recent call last):
  File "/Users/macbook/Downloads/PPE-DETECTION-SYSTEM/utils/stream_manager.py", line 467, in _process_loop
    detections = self.tracker.update(
  File "/Users/macbook/Downloads/PPE-DETECTION-SYSTEM/utils/tracker_manager.py", line 233, in update
    ] = reid_result["identity_id"]
TypeError: 'NoneType' object is not subscriptable
2026-05-25 14:45:18 | ERROR | ppe.stream_manager | process-webcam_075170a0 | Processing loop failed for webcam_075170a0: 'NoneType' object is not subscriptable
Traceback (most recent call last):
  File "/Users/macbook/Downloads/PPE-DETECTION-SYSTEM/utils/stream_manager.py", line 467, in _process_loop
    detections = self.tracker.update(
  File "/Users/macbook/Downloads/PPE-DETECTION-SYSTEM/utils/tracker_manager.py", line 233, in update
    ] = reid_result["identity_id"]
TypeError: 'NoneType' object is not subscriptable
2026-05-25 14:45:18 | ERROR | ppe.stream_manager | process-webcam_075170a0 | Processing loop failed for webcam_075170a0: 'NoneType' object is not subscriptable
Traceback (most recent call last):
  File "/Users/macbook/Downloads/PPE-DETECTION-SYSTEM/utils/stream_manager.py", line 467, in _process_loop
    detections = self.tracker.update(
  File "/Users/macbook/Downloads/PPE-DETECTION-SYSTEM/utils/tracker_manager.py", line 233, in update
    ] = reid_result["identity_id"]
TypeError: 'NoneType' object is not subscriptable
2026-05-25 14:45:18 | ERROR | ppe.stream_manager | process-webcam_075170a0 | Processing loop failed for webcam_075170a0: 'NoneType' object is not subscriptable
Traceback (most recent call last):
  File "/Users/macbook/Downloads/PPE-DETECTION-SYSTEM/utils/stream_manager.py", line 467, in _process_loop
    detections = self.tracker.update(
  File "/Users/macbook/Downloads/PPE-DETECTION-SYSTEM/utils/tracker_manager.py", line 233, in update
    ] = reid_result["identity_id"]
TypeError: 'NoneType' object is not subscriptable
2026-05-25 14:45:18 | ERROR | ppe.stream_manager | process-webcam_075170a0 | Processing loop failed for webcam_075170a0: 'NoneType' object is not subscriptable
Traceback (most recent call last):
  File "/Users/macbook/Downloads/PPE-DETECTION-SYSTEM/utils/stream_manager.py", line 467, in _process_loop
    detections = self.tracker.update(
  File "/Users/macbook/Downloads/PPE-DETECTION-SYSTEM/utils/tracker_manager.py", line 233, in update
    ] = reid_result["identity_id"]
TypeError: 'NoneType' object is not subscriptable
2026-05-25 14:45:18 | ERROR | ppe.stream_manager | process-webcam_075170a0 | Processing loop failed for webcam_075170a0: 'NoneType' object is not subscriptable
Traceback (most recent call last):
  File "/Users/macbook/Downloads/PPE-DETECTION-SYSTEM/utils/stream_manager.py", line 467, in _process_loop
    detections = self.tracker.update(
  File "/Users/macbook/Downloads/PPE-DETECTION-SYSTEM/utils/tracker_manager.py", line 233, in update
    ] = reid_result["identity_id"]
TypeError: 'NoneType' object is not subscriptable
2026-05-25 14:45:18 | ERROR | ppe.stream_manager | process-webcam_075170a0 | Processing loop failed for webcam_075170a0: 'NoneType' object is not subscriptable
Traceback (most recent call last):
  File "/Users/macbook/Downloads/PPE-DETECTION-SYSTEM/utils/stream_manager.py", line 467, in _process_loop
    detections = self.tracker.update(
  File "/Users/macbook/Downloads/PPE-DETECTION-SYSTEM/utils/tracker_manager.py", line 233, in update
    ] = reid_result["identity_id"]
TypeError: 'NoneType' object is not subscriptable
2026-05-25 14:45:18 | ERROR | ppe.stream_manager | process-webcam_075170a0 | Processing loop failed for webcam_075170a0: 'NoneType' object is not subscriptable
Traceback (most recent call last):
  File "/Users/macbook/Downloads/PPE-DETECTION-SYSTEM/utils/stream_manager.py", line 467, in _process_loop
    detections = self.tracker.update(
  File "/Users/macbook/Downloads/PPE-DETECTION-SYSTEM/utils/tracker_manager.py", line 233, in update
    ] = reid_result["identity_id"]
TypeError: 'NoneType' object is not subscriptable
2026-05-25 14:45:19 | ERROR | ppe.stream_manager | process-webcam_075170a0 | Processing loop failed for webcam_075170a0: 'NoneType' object is not subscriptable
Traceback (most recent call last):
  File "/Users/macbook/Downloads/PPE-DETECTION-SYSTEM/utils/stream_manager.py", line 467, in _process_loop
    detections = self.tracker.update(
  File "/Users/macbook/Downloads/PPE-DETECTION-SYSTEM/utils/tracker_manager.py", line 233, in update
    ] = reid_result["identity_id"]
TypeError: 'NoneType' object is not subscriptable
2026-05-25 14:45:27 | ERROR | ppe.app | Thread-78 | Unhandled error: 404 Not Found: The requested URL was not found on the server. If you entered the URL manually please check your spelling and try again.
Traceback (most recent call last):
  File "/Users/macbook/Downloads/PPE-DETECTION-SYSTEM/.venv/lib/python3.9/site-packages/flask/app.py", line 917, in full_dispatch_request
    rv = self.dispatch_request()
  File "/Users/macbook/Downloads/PPE-DETECTION-SYSTEM/.venv/lib/python3.9/site-packages/flask/app.py", line 891, in dispatch_request
    self.raise_routing_exception(req)
  File "/Users/macbook/Downloads/PPE-DETECTION-SYSTEM/.venv/lib/python3.9/site-packages/flask/app.py", line 500, in raise_routing_exception
    raise request.routing_exception  # type: ignore[misc]
  File "/Users/macbook/Downloads/PPE-DETECTION-SYSTEM/.venv/lib/python3.9/site-packages/flask/ctx.py", line 362, in match_request
    result = self.url_adapter.match(return_rule=True)  # type: ignore
  File "/Users/macbook/Downloads/PPE-DETECTION-SYSTEM/.venv/lib/python3.9/site-packages/werkzeug/routing/map.py", line 629, in match
    raise NotFound() from None
werkzeug.exceptions.NotFound: 404 Not Found: The requested URL was not found on the server. If you entered the URL manually please check your spelling and try again.
2026-05-25 14:54:57 | ERROR | ppe.app | Thread-27 | Unhandled error: 404 Not Found: The requested URL was not found on the server. If you entered the URL manually please check your spelling and try again.
Traceback (most recent call last):
  File "/Users/macbook/Downloads/PPE-DETECTION-SYSTEM/.venv/lib/python3.9/site-packages/flask/app.py", line 917, in full_dispatch_request
    rv = self.dispatch_request()
  File "/Users/macbook/Downloads/PPE-DETECTION-SYSTEM/.venv/lib/python3.9/site-packages/flask/app.py", line 891, in dispatch_request
    self.raise_routing_exception(req)
  File "/Users/macbook/Downloads/PPE-DETECTION-SYSTEM/.venv/lib/python3.9/site-packages/flask/app.py", line 500, in raise_routing_exception
    raise request.routing_exception  # type: ignore[misc]
  File "/Users/macbook/Downloads/PPE-DETECTION-SYSTEM/.venv/lib/python3.9/site-packages/flask/ctx.py", line 362, in match_request
    result = self.url_adapter.match(return_rule=True)  # type: ignore
  File "/Users/macbook/Downloads/PPE-DETECTION-SYSTEM/.venv/lib/python3.9/site-packages/werkzeug/routing/map.py", line 629, in match
    raise NotFound() from None
werkzeug.exceptions.NotFound: 404 Not Found: The requested URL was not found on the server. If you entered the URL manually please check your spelling and try again.
2026-05-25 14:55:10 | ERROR | ppe.app | Thread-42 | Unhandled error: 404 Not Found: The requested URL was not found on the server. If you entered the URL manually please check your spelling and try again.
Traceback (most recent call last):
  File "/Users/macbook/Downloads/PPE-DETECTION-SYSTEM/.venv/lib/python3.9/site-packages/flask/app.py", line 917, in full_dispatch_request
    rv = self.dispatch_request()
  File "/Users/macbook/Downloads/PPE-DETECTION-SYSTEM/.venv/lib/python3.9/site-packages/flask/app.py", line 891, in dispatch_request
    self.raise_routing_exception(req)
  File "/Users/macbook/Downloads/PPE-DETECTION-SYSTEM/.venv/lib/python3.9/site-packages/flask/app.py", line 500, in raise_routing_exception
    raise request.routing_exception  # type: ignore[misc]
  File "/Users/macbook/Downloads/PPE-DETECTION-SYSTEM/.venv/lib/python3.9/site-packages/flask/ctx.py", line 362, in match_request
    result = self.url_adapter.match(return_rule=True)  # type: ignore
  File "/Users/macbook/Downloads/PPE-DETECTION-SYSTEM/.venv/lib/python3.9/site-packages/werkzeug/routing/map.py", line 629, in match
    raise NotFound() from None
werkzeug.exceptions.NotFound: 404 Not Found: The requested URL was not found on the server. If you entered the URL manually please check your spelling and try again.
2026-05-25 14:55:56 | ERROR | ppe.app | Thread-76 | Unhandled error: 404 Not Found: The requested URL was not found on the server. If you entered the URL manually please check your spelling and try again.
Traceback (most recent call last):
  File "/Users/macbook/Downloads/PPE-DETECTION-SYSTEM/.venv/lib/python3.9/site-packages/flask/app.py", line 917, in full_dispatch_request
    rv = self.dispatch_request()
  File "/Users/macbook/Downloads/PPE-DETECTION-SYSTEM/.venv/lib/python3.9/site-packages/flask/app.py", line 891, in dispatch_request
    self.raise_routing_exception(req)
  File "/Users/macbook/Downloads/PPE-DETECTION-SYSTEM/.venv/lib/python3.9/site-packages/flask/app.py", line 500, in raise_routing_exception
    raise request.routing_exception  # type: ignore[misc]
  File "/Users/macbook/Downloads/PPE-DETECTION-SYSTEM/.venv/lib/python3.9/site-packages/flask/ctx.py", line 362, in match_request
    result = self.url_adapter.match(return_rule=True)  # type: ignore
  File "/Users/macbook/Downloads/PPE-DETECTION-SYSTEM/.venv/lib/python3.9/site-packages/werkzeug/routing/map.py", line 629, in match
    raise NotFound() from None
werkzeug.exceptions.NotFound: 404 Not Found: The requested URL was not found on the server. If you entered the URL manually please check your spelling and try again.
2026-05-25 15:00:45 | ERROR | ppe.app | Thread-18 | Unhandled error: 404 Not Found: The requested URL was not found on the server. If you entered the URL manually please check your spelling and try again.
Traceback (most recent call last):
  File "/Users/macbook/Downloads/PPE-DETECTION-SYSTEM/.venv/lib/python3.9/site-packages/flask/app.py", line 917, in full_dispatch_request
    rv = self.dispatch_request()
  File "/Users/macbook/Downloads/PPE-DETECTION-SYSTEM/.venv/lib/python3.9/site-packages/flask/app.py", line 891, in dispatch_request
    self.raise_routing_exception(req)
  File "/Users/macbook/Downloads/PPE-DETECTION-SYSTEM/.venv/lib/python3.9/site-packages/flask/app.py", line 500, in raise_routing_exception
    raise request.routing_exception  # type: ignore[misc]
  File "/Users/macbook/Downloads/PPE-DETECTION-SYSTEM/.venv/lib/python3.9/site-packages/flask/ctx.py", line 362, in match_request
    result = self.url_adapter.match(return_rule=True)  # type: ignore
  File "/Users/macbook/Downloads/PPE-DETECTION-SYSTEM/.venv/lib/python3.9/site-packages/werkzeug/routing/map.py", line 629, in match
    raise NotFound() from None
werkzeug.exceptions.NotFound: 404 Not Found: The requested URL was not found on the server. If you entered the URL manually please check your spelling and try again.
2026-05-25 15:00:55 | ERROR | ppe.app | Thread-33 | Unhandled error: 404 Not Found: The requested URL was not found on the server. If you entered the URL manually please check your spelling and try again.
Traceback (most recent call last):
  File "/Users/macbook/Downloads/PPE-DETECTION-SYSTEM/.venv/lib/python3.9/site-packages/flask/app.py", line 917, in full_dispatch_request
    rv = self.dispatch_request()
  File "/Users/macbook/Downloads/PPE-DETECTION-SYSTEM/.venv/lib/python3.9/site-packages/flask/app.py", line 891, in dispatch_request
    self.raise_routing_exception(req)
  File "/Users/macbook/Downloads/PPE-DETECTION-SYSTEM/.venv/lib/python3.9/site-packages/flask/app.py", line 500, in raise_routing_exception
    raise request.routing_exception  # type: ignore[misc]
  File "/Users/macbook/Downloads/PPE-DETECTION-SYSTEM/.venv/lib/python3.9/site-packages/flask/ctx.py", line 362, in match_request
    result = self.url_adapter.match(return_rule=True)  # type: ignore
  File "/Users/macbook/Downloads/PPE-DETECTION-SYSTEM/.venv/lib/python3.9/site-packages/werkzeug/routing/map.py", line 629, in match
    raise NotFound() from None
werkzeug.exceptions.NotFound: 404 Not Found: The requested URL was not found on the server. If you entered the URL manually please check your spelling and try again.
2026-05-25 15:00:57 | ERROR | ppe.app | Thread-47 | Unhandled error: 404 Not Found: The requested URL was not found on the server. If you entered the URL manually please check your spelling and try again.
Traceback (most recent call last):
  File "/Users/macbook/Downloads/PPE-DETECTION-SYSTEM/.venv/lib/python3.9/site-packages/flask/app.py", line 917, in full_dispatch_request
    rv = self.dispatch_request()
  File "/Users/macbook/Downloads/PPE-DETECTION-SYSTEM/.venv/lib/python3.9/site-packages/flask/app.py", line 891, in dispatch_request
    self.raise_routing_exception(req)
  File "/Users/macbook/Downloads/PPE-DETECTION-SYSTEM/.venv/lib/python3.9/site-packages/flask/app.py", line 500, in raise_routing_exception
    raise request.routing_exception  # type: ignore[misc]
  File "/Users/macbook/Downloads/PPE-DETECTION-SYSTEM/.venv/lib/python3.9/site-packages/flask/ctx.py", line 362, in match_request
    result = self.url_adapter.match(return_rule=True)  # type: ignore
  File "/Users/macbook/Downloads/PPE-DETECTION-SYSTEM/.venv/lib/python3.9/site-packages/werkzeug/routing/map.py", line 629, in match
    raise NotFound() from None
werkzeug.exceptions.NotFound: 404 Not Found: The requested URL was not found on the server. If you entered the URL manually please check your spelling and try again.
2026-05-25 15:01:00 | ERROR | ppe.app | Thread-62 | Unhandled error: 404 Not Found: The requested URL was not found on the server. If you entered the URL manually please check your spelling and try again.
Traceback (most recent call last):
  File "/Users/macbook/Downloads/PPE-DETECTION-SYSTEM/.venv/lib/python3.9/site-packages/flask/app.py", line 917, in full_dispatch_request
    rv = self.dispatch_request()
  File "/Users/macbook/Downloads/PPE-DETECTION-SYSTEM/.venv/lib/python3.9/site-packages/flask/app.py", line 891, in dispatch_request
    self.raise_routing_exception(req)
  File "/Users/macbook/Downloads/PPE-DETECTION-SYSTEM/.venv/lib/python3.9/site-packages/flask/app.py", line 500, in raise_routing_exception
    raise request.routing_exception  # type: ignore[misc]
  File "/Users/macbook/Downloads/PPE-DETECTION-SYSTEM/.venv/lib/python3.9/site-packages/flask/ctx.py", line 362, in match_request
    result = self.url_adapter.match(return_rule=True)  # type: ignore
  File "/Users/macbook/Downloads/PPE-DETECTION-SYSTEM/.venv/lib/python3.9/site-packages/werkzeug/routing/map.py", line 629, in match
    raise NotFound() from None
werkzeug.exceptions.NotFound: 404 Not Found: The requested URL was not found on the server. If you entered the URL manually please check your spelling and try again.
2026-05-25 15:01:11 | ERROR | ppe.app | Thread-77 | Unhandled error: 404 Not Found: The requested URL was not found on the server. If you entered the URL manually please check your spelling and try again.
Traceback (most recent call last):
  File "/Users/macbook/Downloads/PPE-DETECTION-SYSTEM/.venv/lib/python3.9/site-packages/flask/app.py", line 917, in full_dispatch_request
    rv = self.dispatch_request()
  File "/Users/macbook/Downloads/PPE-DETECTION-SYSTEM/.venv/lib/python3.9/site-packages/flask/app.py", line 891, in dispatch_request
    self.raise_routing_exception(req)
  File "/Users/macbook/Downloads/PPE-DETECTION-SYSTEM/.venv/lib/python3.9/site-packages/flask/app.py", line 500, in raise_routing_exception
    raise request.routing_exception  # type: ignore[misc]
  File "/Users/macbook/Downloads/PPE-DETECTION-SYSTEM/.venv/lib/python3.9/site-packages/flask/ctx.py", line 362, in match_request
    result = self.url_adapter.match(return_rule=True)  # type: ignore
  File "/Users/macbook/Downloads/PPE-DETECTION-SYSTEM/.venv/lib/python3.9/site-packages/werkzeug/routing/map.py", line 629, in match
    raise NotFound() from None
werkzeug.exceptions.NotFound: 404 Not Found: The requested URL was not found on the server. If you entered the URL manually please check your spelling and try again.
2026-05-25 15:02:30 | ERROR | ppe.app | Thread-127 | Unhandled error: 404 Not Found: The requested URL was not found on the server. If you entered the URL manually please check your spelling and try again.
Traceback (most recent call last):
  File "/Users/macbook/Downloads/PPE-DETECTION-SYSTEM/.venv/lib/python3.9/site-packages/flask/app.py", line 917, in full_dispatch_request
    rv = self.dispatch_request()
  File "/Users/macbook/Downloads/PPE-DETECTION-SYSTEM/.venv/lib/python3.9/site-packages/flask/app.py", line 891, in dispatch_request
    self.raise_routing_exception(req)
  File "/Users/macbook/Downloads/PPE-DETECTION-SYSTEM/.venv/lib/python3.9/site-packages/flask/app.py", line 500, in raise_routing_exception
    raise request.routing_exception  # type: ignore[misc]
  File "/Users/macbook/Downloads/PPE-DETECTION-SYSTEM/.venv/lib/python3.9/site-packages/flask/ctx.py", line 362, in match_request
    result = self.url_adapter.match(return_rule=True)  # type: ignore
  File "/Users/macbook/Downloads/PPE-DETECTION-SYSTEM/.venv/lib/python3.9/site-packages/werkzeug/routing/map.py", line 629, in match
    raise NotFound() from None
werkzeug.exceptions.NotFound: 404 Not Found: The requested URL was not found on the server. If you entered the URL manually please check your spelling and try again.
2026-05-25 15:15:40 | ERROR | ppe.app | Thread-18 | Unhandled error: 404 Not Found: The requested URL was not found on the server. If you entered the URL manually please check your spelling and try again.
Traceback (most recent call last):
  File "/Users/macbook/Downloads/PPE-DETECTION-SYSTEM/.venv/lib/python3.9/site-packages/flask/app.py", line 917, in full_dispatch_request
    rv = self.dispatch_request()
  File "/Users/macbook/Downloads/PPE-DETECTION-SYSTEM/.venv/lib/python3.9/site-packages/flask/app.py", line 891, in dispatch_request
    self.raise_routing_exception(req)
  File "/Users/macbook/Downloads/PPE-DETECTION-SYSTEM/.venv/lib/python3.9/site-packages/flask/app.py", line 500, in raise_routing_exception
    raise request.routing_exception  # type: ignore[misc]
  File "/Users/macbook/Downloads/PPE-DETECTION-SYSTEM/.venv/lib/python3.9/site-packages/flask/ctx.py", line 362, in match_request
    result = self.url_adapter.match(return_rule=True)  # type: ignore
  File "/Users/macbook/Downloads/PPE-DETECTION-SYSTEM/.venv/lib/python3.9/site-packages/werkzeug/routing/map.py", line 629, in match
    raise NotFound() from None
werkzeug.exceptions.NotFound: 404 Not Found: The requested URL was not found on the server. If you entered the URL manually please check your spelling and try again.
2026-05-25 15:15:42 | ERROR | ppe.app | Thread-33 | Unhandled error: 404 Not Found: The requested URL was not found on the server. If you entered the URL manually please check your spelling and try again.
Traceback (most recent call last):
  File "/Users/macbook/Downloads/PPE-DETECTION-SYSTEM/.venv/lib/python3.9/site-packages/flask/app.py", line 917, in full_dispatch_request
    rv = self.dispatch_request()
  File "/Users/macbook/Downloads/PPE-DETECTION-SYSTEM/.venv/lib/python3.9/site-packages/flask/app.py", line 891, in dispatch_request
    self.raise_routing_exception(req)
  File "/Users/macbook/Downloads/PPE-DETECTION-SYSTEM/.venv/lib/python3.9/site-packages/flask/app.py", line 500, in raise_routing_exception
    raise request.routing_exception  # type: ignore[misc]
  File "/Users/macbook/Downloads/PPE-DETECTION-SYSTEM/.venv/lib/python3.9/site-packages/flask/ctx.py", line 362, in match_request
    result = self.url_adapter.match(return_rule=True)  # type: ignore
  File "/Users/macbook/Downloads/PPE-DETECTION-SYSTEM/.venv/lib/python3.9/site-packages/werkzeug/routing/map.py", line 629, in match
    raise NotFound() from None
werkzeug.exceptions.NotFound: 404 Not Found: The requested URL was not found on the server. If you entered the URL manually please check your spelling and try again.
2026-05-25 15:15:48 | ERROR | ppe.app | Thread-46 | Unhandled error: 404 Not Found: The requested URL was not found on the server. If you entered the URL manually please check your spelling and try again.
Traceback (most recent call last):
  File "/Users/macbook/Downloads/PPE-DETECTION-SYSTEM/.venv/lib/python3.9/site-packages/flask/app.py", line 917, in full_dispatch_request
    rv = self.dispatch_request()
  File "/Users/macbook/Downloads/PPE-DETECTION-SYSTEM/.venv/lib/python3.9/site-packages/flask/app.py", line 891, in dispatch_request
    self.raise_routing_exception(req)
  File "/Users/macbook/Downloads/PPE-DETECTION-SYSTEM/.venv/lib/python3.9/site-packages/flask/app.py", line 500, in raise_routing_exception
    raise request.routing_exception  # type: ignore[misc]
  File "/Users/macbook/Downloads/PPE-DETECTION-SYSTEM/.venv/lib/python3.9/site-packages/flask/ctx.py", line 362, in match_request
    result = self.url_adapter.match(return_rule=True)  # type: ignore
  File "/Users/macbook/Downloads/PPE-DETECTION-SYSTEM/.venv/lib/python3.9/site-packages/werkzeug/routing/map.py", line 629, in match
    raise NotFound() from None
werkzeug.exceptions.NotFound: 404 Not Found: The requested URL was not found on the server. If you entered the URL manually please check your spelling and try again.
2026-05-25 15:15:57 | ERROR | ppe.app | Thread-64 | Unhandled error: 404 Not Found: The requested URL was not found on the server. If you entered the URL manually please check your spelling and try again.
Traceback (most recent call last):
  File "/Users/macbook/Downloads/PPE-DETECTION-SYSTEM/.venv/lib/python3.9/site-packages/flask/app.py", line 917, in full_dispatch_request
    rv = self.dispatch_request()
  File "/Users/macbook/Downloads/PPE-DETECTION-SYSTEM/.venv/lib/python3.9/site-packages/flask/app.py", line 891, in dispatch_request
    self.raise_routing_exception(req)
  File "/Users/macbook/Downloads/PPE-DETECTION-SYSTEM/.venv/lib/python3.9/site-packages/flask/app.py", line 500, in raise_routing_exception
    raise request.routing_exception  # type: ignore[misc]
  File "/Users/macbook/Downloads/PPE-DETECTION-SYSTEM/.venv/lib/python3.9/site-packages/flask/ctx.py", line 362, in match_request
    result = self.url_adapter.match(return_rule=True)  # type: ignore
  File "/Users/macbook/Downloads/PPE-DETECTION-SYSTEM/.venv/lib/python3.9/site-packages/werkzeug/routing/map.py", line 629, in match
    raise NotFound() from None
werkzeug.exceptions.NotFound: 404 Not Found: The requested URL was not found on the server. If you entered the URL manually please check your spelling and try again.
2026-05-25 15:16:31 | ERROR | ppe.app | Thread-97 | Unhandled error: 404 Not Found: The requested URL was not found on the server. If you entered the URL manually please check your spelling and try again.
Traceback (most recent call last):
  File "/Users/macbook/Downloads/PPE-DETECTION-SYSTEM/.venv/lib/python3.9/site-packages/flask/app.py", line 917, in full_dispatch_request
    rv = self.dispatch_request()
  File "/Users/macbook/Downloads/PPE-DETECTION-SYSTEM/.venv/lib/python3.9/site-packages/flask/app.py", line 891, in dispatch_request
    self.raise_routing_exception(req)
  File "/Users/macbook/Downloads/PPE-DETECTION-SYSTEM/.venv/lib/python3.9/site-packages/flask/app.py", line 500, in raise_routing_exception
    raise request.routing_exception  # type: ignore[misc]
  File "/Users/macbook/Downloads/PPE-DETECTION-SYSTEM/.venv/lib/python3.9/site-packages/flask/ctx.py", line 362, in match_request
    result = self.url_adapter.match(return_rule=True)  # type: ignore
  File "/Users/macbook/Downloads/PPE-DETECTION-SYSTEM/.venv/lib/python3.9/site-packages/werkzeug/routing/map.py", line 629, in match
    raise NotFound() from None
werkzeug.exceptions.NotFound: 404 Not Found: The requested URL was not found on the server. If you entered the URL manually please check your spelling and try again.
2026-05-25 15:17:11 | ERROR | ppe.app | Thread-124 | Unhandled error: 404 Not Found: The requested URL was not found on the server. If you entered the URL manually please check your spelling and try again.
Traceback (most recent call last):
  File "/Users/macbook/Downloads/PPE-DETECTION-SYSTEM/.venv/lib/python3.9/site-packages/flask/app.py", line 917, in full_dispatch_request
    rv = self.dispatch_request()
  File "/Users/macbook/Downloads/PPE-DETECTION-SYSTEM/.venv/lib/python3.9/site-packages/flask/app.py", line 891, in dispatch_request
    self.raise_routing_exception(req)
  File "/Users/macbook/Downloads/PPE-DETECTION-SYSTEM/.venv/lib/python3.9/site-packages/flask/app.py", line 500, in raise_routing_exception
    raise request.routing_exception  # type: ignore[misc]
  File "/Users/macbook/Downloads/PPE-DETECTION-SYSTEM/.venv/lib/python3.9/site-packages/flask/ctx.py", line 362, in match_request
    result = self.url_adapter.match(return_rule=True)  # type: ignore
  File "/Users/macbook/Downloads/PPE-DETECTION-SYSTEM/.venv/lib/python3.9/site-packages/werkzeug/routing/map.py", line 629, in match
    raise NotFound() from None
werkzeug.exceptions.NotFound: 404 Not Found: The requested URL was not found on the server. If you entered the URL manually please check your spelling and try again.
2026-05-25 15:17:47 | ERROR | ppe.app | Thread-155 | Unhandled error: 404 Not Found: The requested URL was not found on the server. If you entered the URL manually please check your spelling and try again.
Traceback (most recent call last):
  File "/Users/macbook/Downloads/PPE-DETECTION-SYSTEM/.venv/lib/python3.9/site-packages/flask/app.py", line 917, in full_dispatch_request
    rv = self.dispatch_request()
  File "/Users/macbook/Downloads/PPE-DETECTION-SYSTEM/.venv/lib/python3.9/site-packages/flask/app.py", line 891, in dispatch_request
    self.raise_routing_exception(req)
  File "/Users/macbook/Downloads/PPE-DETECTION-SYSTEM/.venv/lib/python3.9/site-packages/flask/app.py", line 500, in raise_routing_exception
    raise request.routing_exception  # type: ignore[misc]
  File "/Users/macbook/Downloads/PPE-DETECTION-SYSTEM/.venv/lib/python3.9/site-packages/flask/ctx.py", line 362, in match_request
    result = self.url_adapter.match(return_rule=True)  # type: ignore
  File "/Users/macbook/Downloads/PPE-DETECTION-SYSTEM/.venv/lib/python3.9/site-packages/werkzeug/routing/map.py", line 629, in match
    raise NotFound() from None
werkzeug.exceptions.NotFound: 404 Not Found: The requested URL was not found on the server. If you entered the URL manually please check your spelling and try again.
2026-05-25 15:28:46 | ERROR | ppe.app | Thread-18 | Unhandled error: 404 Not Found: The requested URL was not found on the server. If you entered the URL manually please check your spelling and try again.
Traceback (most recent call last):
  File "/Users/macbook/Downloads/PPE-DETECTION-SYSTEM/.venv/lib/python3.9/site-packages/flask/app.py", line 917, in full_dispatch_request
    rv = self.dispatch_request()
  File "/Users/macbook/Downloads/PPE-DETECTION-SYSTEM/.venv/lib/python3.9/site-packages/flask/app.py", line 891, in dispatch_request
    self.raise_routing_exception(req)
  File "/Users/macbook/Downloads/PPE-DETECTION-SYSTEM/.venv/lib/python3.9/site-packages/flask/app.py", line 500, in raise_routing_exception
    raise request.routing_exception  # type: ignore[misc]
  File "/Users/macbook/Downloads/PPE-DETECTION-SYSTEM/.venv/lib/python3.9/site-packages/flask/ctx.py", line 362, in match_request
    result = self.url_adapter.match(return_rule=True)  # type: ignore
  File "/Users/macbook/Downloads/PPE-DETECTION-SYSTEM/.venv/lib/python3.9/site-packages/werkzeug/routing/map.py", line 629, in match
    raise NotFound() from None
werkzeug.exceptions.NotFound: 404 Not Found: The requested URL was not found on the server. If you entered the URL manually please check your spelling and try again.
2026-05-25 15:28:48 | ERROR | ppe.app | Thread-35 | Unhandled error: 404 Not Found: The requested URL was not found on the server. If you entered the URL manually please check your spelling and try again.
Traceback (most recent call last):
  File "/Users/macbook/Downloads/PPE-DETECTION-SYSTEM/.venv/lib/python3.9/site-packages/flask/app.py", line 917, in full_dispatch_request
    rv = self.dispatch_request()
  File "/Users/macbook/Downloads/PPE-DETECTION-SYSTEM/.venv/lib/python3.9/site-packages/flask/app.py", line 891, in dispatch_request
    self.raise_routing_exception(req)
  File "/Users/macbook/Downloads/PPE-DETECTION-SYSTEM/.venv/lib/python3.9/site-packages/flask/app.py", line 500, in raise_routing_exception
    raise request.routing_exception  # type: ignore[misc]
  File "/Users/macbook/Downloads/PPE-DETECTION-SYSTEM/.venv/lib/python3.9/site-packages/flask/ctx.py", line 362, in match_request
    result = self.url_adapter.match(return_rule=True)  # type: ignore
  File "/Users/macbook/Downloads/PPE-DETECTION-SYSTEM/.venv/lib/python3.9/site-packages/werkzeug/routing/map.py", line 629, in match
    raise NotFound() from None
werkzeug.exceptions.NotFound: 404 Not Found: The requested URL was not found on the server. If you entered the URL manually please check your spelling and try again.
2026-05-25 15:28:50 | ERROR | ppe.app | Thread-44 | Unhandled error: 404 Not Found: The requested URL was not found on the server. If you entered the URL manually please check your spelling and try again.
Traceback (most recent call last):
  File "/Users/macbook/Downloads/PPE-DETECTION-SYSTEM/.venv/lib/python3.9/site-packages/flask/app.py", line 917, in full_dispatch_request
    rv = self.dispatch_request()
  File "/Users/macbook/Downloads/PPE-DETECTION-SYSTEM/.venv/lib/python3.9/site-packages/flask/app.py", line 891, in dispatch_request
    self.raise_routing_exception(req)
  File "/Users/macbook/Downloads/PPE-DETECTION-SYSTEM/.venv/lib/python3.9/site-packages/flask/app.py", line 500, in raise_routing_exception
    raise request.routing_exception  # type: ignore[misc]
  File "/Users/macbook/Downloads/PPE-DETECTION-SYSTEM/.venv/lib/python3.9/site-packages/flask/ctx.py", line 362, in match_request
    result = self.url_adapter.match(return_rule=True)  # type: ignore
  File "/Users/macbook/Downloads/PPE-DETECTION-SYSTEM/.venv/lib/python3.9/site-packages/werkzeug/routing/map.py", line 629, in match
    raise NotFound() from None
werkzeug.exceptions.NotFound: 404 Not Found: The requested URL was not found on the server. If you entered the URL manually please check your spelling and try again.
2026-05-25 15:29:57 | ERROR | ppe.app | Thread-69 | Unhandled error: 404 Not Found: The requested URL was not found on the server. If you entered the URL manually please check your spelling and try again.
Traceback (most recent call last):
  File "/Users/macbook/Downloads/PPE-DETECTION-SYSTEM/.venv/lib/python3.9/site-packages/flask/app.py", line 917, in full_dispatch_request
    rv = self.dispatch_request()
  File "/Users/macbook/Downloads/PPE-DETECTION-SYSTEM/.venv/lib/python3.9/site-packages/flask/app.py", line 891, in dispatch_request
    self.raise_routing_exception(req)
  File "/Users/macbook/Downloads/PPE-DETECTION-SYSTEM/.venv/lib/python3.9/site-packages/flask/app.py", line 500, in raise_routing_exception
    raise request.routing_exception  # type: ignore[misc]
  File "/Users/macbook/Downloads/PPE-DETECTION-SYSTEM/.venv/lib/python3.9/site-packages/flask/ctx.py", line 362, in match_request
    result = self.url_adapter.match(return_rule=True)  # type: ignore
  File "/Users/macbook/Downloads/PPE-DETECTION-SYSTEM/.venv/lib/python3.9/site-packages/werkzeug/routing/map.py", line 629, in match
    raise NotFound() from None
werkzeug.exceptions.NotFound: 404 Not Found: The requested URL was not found on the server. If you entered the URL manually please check your spelling and try again.
2026-05-25 15:30:12 | ERROR | ppe.app | Thread-85 | Unhandled error: 404 Not Found: The requested URL was not found on the server. If you entered the URL manually please check your spelling and try again.
Traceback (most recent call last):
  File "/Users/macbook/Downloads/PPE-DETECTION-SYSTEM/.venv/lib/python3.9/site-packages/flask/app.py", line 917, in full_dispatch_request
    rv = self.dispatch_request()
  File "/Users/macbook/Downloads/PPE-DETECTION-SYSTEM/.venv/lib/python3.9/site-packages/flask/app.py", line 891, in dispatch_request
    self.raise_routing_exception(req)
  File "/Users/macbook/Downloads/PPE-DETECTION-SYSTEM/.venv/lib/python3.9/site-packages/flask/app.py", line 500, in raise_routing_exception
    raise request.routing_exception  # type: ignore[misc]
  File "/Users/macbook/Downloads/PPE-DETECTION-SYSTEM/.venv/lib/python3.9/site-packages/flask/ctx.py", line 362, in match_request
    result = self.url_adapter.match(return_rule=True)  # type: ignore
  File "/Users/macbook/Downloads/PPE-DETECTION-SYSTEM/.venv/lib/python3.9/site-packages/werkzeug/routing/map.py", line 629, in match
    raise NotFound() from None
werkzeug.exceptions.NotFound: 404 Not Found: The requested URL was not found on the server. If you entered the URL manually please check your spelling and try again.
2026-05-25 15:31:57 | ERROR | ppe.app | Thread-145 | Unhandled error: 404 Not Found: The requested URL was not found on the server. If you entered the URL manually please check your spelling and try again.
Traceback (most recent call last):
  File "/Users/macbook/Downloads/PPE-DETECTION-SYSTEM/.venv/lib/python3.9/site-packages/flask/app.py", line 917, in full_dispatch_request
    rv = self.dispatch_request()
  File "/Users/macbook/Downloads/PPE-DETECTION-SYSTEM/.venv/lib/python3.9/site-packages/flask/app.py", line 891, in dispatch_request
    self.raise_routing_exception(req)
  File "/Users/macbook/Downloads/PPE-DETECTION-SYSTEM/.venv/lib/python3.9/site-packages/flask/app.py", line 500, in raise_routing_exception
    raise request.routing_exception  # type: ignore[misc]
  File "/Users/macbook/Downloads/PPE-DETECTION-SYSTEM/.venv/lib/python3.9/site-packages/flask/ctx.py", line 362, in match_request
    result = self.url_adapter.match(return_rule=True)  # type: ignore
  File "/Users/macbook/Downloads/PPE-DETECTION-SYSTEM/.venv/lib/python3.9/site-packages/werkzeug/routing/map.py", line 629, in match
    raise NotFound() from None
werkzeug.exceptions.NotFound: 404 Not Found: The requested URL was not found on the server. If you entered the URL manually please check your spelling and try again.
2026-05-25 15:31:58 | ERROR | ppe.app | Thread-160 | Unhandled error: 404 Not Found: The requested URL was not found on the server. If you entered the URL manually please check your spelling and try again.
Traceback (most recent call last):
  File "/Users/macbook/Downloads/PPE-DETECTION-SYSTEM/.venv/lib/python3.9/site-packages/flask/app.py", line 917, in full_dispatch_request
    rv = self.dispatch_request()
  File "/Users/macbook/Downloads/PPE-DETECTION-SYSTEM/.venv/lib/python3.9/site-packages/flask/app.py", line 891, in dispatch_request
    self.raise_routing_exception(req)
  File "/Users/macbook/Downloads/PPE-DETECTION-SYSTEM/.venv/lib/python3.9/site-packages/flask/app.py", line 500, in raise_routing_exception
    raise request.routing_exception  # type: ignore[misc]
  File "/Users/macbook/Downloads/PPE-DETECTION-SYSTEM/.venv/lib/python3.9/site-packages/flask/ctx.py", line 362, in match_request
    result = self.url_adapter.match(return_rule=True)  # type: ignore
  File "/Users/macbook/Downloads/PPE-DETECTION-SYSTEM/.venv/lib/python3.9/site-packages/werkzeug/routing/map.py", line 629, in match
    raise NotFound() from None
werkzeug.exceptions.NotFound: 404 Not Found: The requested URL was not found on the server. If you entered the URL manually please check your spelling and try again.
2026-05-25 15:31:58 | ERROR | ppe.app | Thread-170 | Unhandled error: 404 Not Found: The requested URL was not found on the server. If you entered the URL manually please check your spelling and try again.
Traceback (most recent call last):
  File "/Users/macbook/Downloads/PPE-DETECTION-SYSTEM/.venv/lib/python3.9/site-packages/flask/app.py", line 917, in full_dispatch_request
    rv = self.dispatch_request()
  File "/Users/macbook/Downloads/PPE-DETECTION-SYSTEM/.venv/lib/python3.9/site-packages/flask/app.py", line 891, in dispatch_request
    self.raise_routing_exception(req)
  File "/Users/macbook/Downloads/PPE-DETECTION-SYSTEM/.venv/lib/python3.9/site-packages/flask/app.py", line 500, in raise_routing_exception
    raise request.routing_exception  # type: ignore[misc]
  File "/Users/macbook/Downloads/PPE-DETECTION-SYSTEM/.venv/lib/python3.9/site-packages/flask/ctx.py", line 362, in match_request
    result = self.url_adapter.match(return_rule=True)  # type: ignore
  File "/Users/macbook/Downloads/PPE-DETECTION-SYSTEM/.venv/lib/python3.9/site-packages/werkzeug/routing/map.py", line 629, in match
    raise NotFound() from None
werkzeug.exceptions.NotFound: 404 Not Found: The requested URL was not found on the server. If you entered the URL manually please check your spelling and try again.
2026-05-25 15:32:01 | ERROR | ppe.app | Thread-194 | Unhandled error: 404 Not Found: The requested URL was not found on the server. If you entered the URL manually please check your spelling and try again.
Traceback (most recent call last):
  File "/Users/macbook/Downloads/PPE-DETECTION-SYSTEM/.venv/lib/python3.9/site-packages/flask/app.py", line 917, in full_dispatch_request
    rv = self.dispatch_request()
  File "/Users/macbook/Downloads/PPE-DETECTION-SYSTEM/.venv/lib/python3.9/site-packages/flask/app.py", line 891, in dispatch_request
    self.raise_routing_exception(req)
  File "/Users/macbook/Downloads/PPE-DETECTION-SYSTEM/.venv/lib/python3.9/site-packages/flask/app.py", line 500, in raise_routing_exception
    raise request.routing_exception  # type: ignore[misc]
  File "/Users/macbook/Downloads/PPE-DETECTION-SYSTEM/.venv/lib/python3.9/site-packages/flask/ctx.py", line 362, in match_request
    result = self.url_adapter.match(return_rule=True)  # type: ignore
  File "/Users/macbook/Downloads/PPE-DETECTION-SYSTEM/.venv/lib/python3.9/site-packages/werkzeug/routing/map.py", line 629, in match
    raise NotFound() from None
werkzeug.exceptions.NotFound: 404 Not Found: The requested URL was not found on the server. If you entered the URL manually please check your spelling and try again.
2026-05-25 15:48:02 | ERROR | ppe.app | Thread-27 | Unhandled error: 404 Not Found: The requested URL was not found on the server. If you entered the URL manually please check your spelling and try again.
Traceback (most recent call last):
  File "/Users/macbook/Downloads/PPE-DETECTION-SYSTEM/.venv/lib/python3.9/site-packages/flask/app.py", line 917, in full_dispatch_request
    rv = self.dispatch_request()
  File "/Users/macbook/Downloads/PPE-DETECTION-SYSTEM/.venv/lib/python3.9/site-packages/flask/app.py", line 891, in dispatch_request
    self.raise_routing_exception(req)
  File "/Users/macbook/Downloads/PPE-DETECTION-SYSTEM/.venv/lib/python3.9/site-packages/flask/app.py", line 500, in raise_routing_exception
    raise request.routing_exception  # type: ignore[misc]
  File "/Users/macbook/Downloads/PPE-DETECTION-SYSTEM/.venv/lib/python3.9/site-packages/flask/ctx.py", line 362, in match_request
    result = self.url_adapter.match(return_rule=True)  # type: ignore
  File "/Users/macbook/Downloads/PPE-DETECTION-SYSTEM/.venv/lib/python3.9/site-packages/werkzeug/routing/map.py", line 629, in match
    raise NotFound() from None
werkzeug.exceptions.NotFound: 404 Not Found: The requested URL was not found on the server. If you entered the URL manually please check your spelling and try again.
2026-05-25 15:48:06 | ERROR | ppe.app | Thread-40 | Unhandled error: 404 Not Found: The requested URL was not found on the server. If you entered the URL manually please check your spelling and try again.
Traceback (most recent call last):
  File "/Users/macbook/Downloads/PPE-DETECTION-SYSTEM/.venv/lib/python3.9/site-packages/flask/app.py", line 917, in full_dispatch_request
    rv = self.dispatch_request()
  File "/Users/macbook/Downloads/PPE-DETECTION-SYSTEM/.venv/lib/python3.9/site-packages/flask/app.py", line 891, in dispatch_request
    self.raise_routing_exception(req)
  File "/Users/macbook/Downloads/PPE-DETECTION-SYSTEM/.venv/lib/python3.9/site-packages/flask/app.py", line 500, in raise_routing_exception
    raise request.routing_exception  # type: ignore[misc]
  File "/Users/macbook/Downloads/PPE-DETECTION-SYSTEM/.venv/lib/python3.9/site-packages/flask/ctx.py", line 362, in match_request
    result = self.url_adapter.match(return_rule=True)  # type: ignore
  File "/Users/macbook/Downloads/PPE-DETECTION-SYSTEM/.venv/lib/python3.9/site-packages/werkzeug/routing/map.py", line 629, in match
    raise NotFound() from None
werkzeug.exceptions.NotFound: 404 Not Found: The requested URL was not found on the server. If you entered the URL manually please check your spelling and try again.
2026-05-25 15:48:18 | ERROR | ppe.app | Thread-49 | Unhandled error: 404 Not Found: The requested URL was not found on the server. If you entered the URL manually please check your spelling and try again.
Traceback (most recent call last):
  File "/Users/macbook/Downloads/PPE-DETECTION-SYSTEM/.venv/lib/python3.9/site-packages/flask/app.py", line 917, in full_dispatch_request
    rv = self.dispatch_request()
  File "/Users/macbook/Downloads/PPE-DETECTION-SYSTEM/.venv/lib/python3.9/site-packages/flask/app.py", line 891, in dispatch_request
    self.raise_routing_exception(req)
  File "/Users/macbook/Downloads/PPE-DETECTION-SYSTEM/.venv/lib/python3.9/site-packages/flask/app.py", line 500, in raise_routing_exception
    raise request.routing_exception  # type: ignore[misc]
  File "/Users/macbook/Downloads/PPE-DETECTION-SYSTEM/.venv/lib/python3.9/site-packages/flask/ctx.py", line 362, in match_request
    result = self.url_adapter.match(return_rule=True)  # type: ignore
  File "/Users/macbook/Downloads/PPE-DETECTION-SYSTEM/.venv/lib/python3.9/site-packages/werkzeug/routing/map.py", line 629, in match
    raise NotFound() from None
werkzeug.exceptions.NotFound: 404 Not Found: The requested URL was not found on the server. If you entered the URL manually please check your spelling and try again.
2026-05-25 15:48:21 | ERROR | ppe.app | Thread-70 | Unhandled error: 404 Not Found: The requested URL was not found on the server. If you entered the URL manually please check your spelling and try again.
Traceback (most recent call last):
  File "/Users/macbook/Downloads/PPE-DETECTION-SYSTEM/.venv/lib/python3.9/site-packages/flask/app.py", line 917, in full_dispatch_request
    rv = self.dispatch_request()
  File "/Users/macbook/Downloads/PPE-DETECTION-SYSTEM/.venv/lib/python3.9/site-packages/flask/app.py", line 891, in dispatch_request
    self.raise_routing_exception(req)
  File "/Users/macbook/Downloads/PPE-DETECTION-SYSTEM/.venv/lib/python3.9/site-packages/flask/app.py", line 500, in raise_routing_exception
    raise request.routing_exception  # type: ignore[misc]
  File "/Users/macbook/Downloads/PPE-DETECTION-SYSTEM/.venv/lib/python3.9/site-packages/flask/ctx.py", line 362, in match_request
    result = self.url_adapter.match(return_rule=True)  # type: ignore
  File "/Users/macbook/Downloads/PPE-DETECTION-SYSTEM/.venv/lib/python3.9/site-packages/werkzeug/routing/map.py", line 629, in match
    raise NotFound() from None
werkzeug.exceptions.NotFound: 404 Not Found: The requested URL was not found on the server. If you entered the URL manually please check your spelling and try again.
2026-05-25 17:19:37 | ERROR | ppe.app | Thread-34 | Unhandled error: 404 Not Found: The requested URL was not found on the server. If you entered the URL manually please check your spelling and try again.
Traceback (most recent call last):
  File "/Users/macbook/Downloads/PPE-DETECTION-SYSTEM/.venv/lib/python3.9/site-packages/flask/app.py", line 917, in full_dispatch_request
    rv = self.dispatch_request()
  File "/Users/macbook/Downloads/PPE-DETECTION-SYSTEM/.venv/lib/python3.9/site-packages/flask/app.py", line 902, in dispatch_request
    return self.ensure_sync(self.view_functions[rule.endpoint])(**view_args)  # type: ignore[no-any-return]
  File "/Users/macbook/Downloads/PPE-DETECTION-SYSTEM/.venv/lib/python3.9/site-packages/flask/app.py", line 278, in <lambda>
    view_func=lambda **kw: self_ref().send_static_file(**kw),  # type: ignore
  File "/Users/macbook/Downloads/PPE-DETECTION-SYSTEM/.venv/lib/python3.9/site-packages/flask/app.py", line 326, in send_static_file
    return send_from_directory(
  File "/Users/macbook/Downloads/PPE-DETECTION-SYSTEM/.venv/lib/python3.9/site-packages/flask/helpers.py", line 572, in send_from_directory
    return werkzeug.utils.send_from_directory(  # type: ignore[return-value]
  File "/Users/macbook/Downloads/PPE-DETECTION-SYSTEM/.venv/lib/python3.9/site-packages/werkzeug/utils.py", line 568, in send_from_directory
    raise NotFound()
werkzeug.exceptions.NotFound: 404 Not Found: The requested URL was not found on the server. If you entered the URL manually please check your spelling and try again.
2026-05-25 17:19:37 | ERROR | ppe.app | Thread-35 | Unhandled error: 404 Not Found: The requested URL was not found on the server. If you entered the URL manually please check your spelling and try again.
Traceback (most recent call last):
  File "/Users/macbook/Downloads/PPE-DETECTION-SYSTEM/.venv/lib/python3.9/site-packages/flask/app.py", line 917, in full_dispatch_request
    rv = self.dispatch_request()
  File "/Users/macbook/Downloads/PPE-DETECTION-SYSTEM/.venv/lib/python3.9/site-packages/flask/app.py", line 902, in dispatch_request
    return self.ensure_sync(self.view_functions[rule.endpoint])(**view_args)  # type: ignore[no-any-return]
  File "/Users/macbook/Downloads/PPE-DETECTION-SYSTEM/.venv/lib/python3.9/site-packages/flask/app.py", line 278, in <lambda>
    view_func=lambda **kw: self_ref().send_static_file(**kw),  # type: ignore
  File "/Users/macbook/Downloads/PPE-DETECTION-SYSTEM/.venv/lib/python3.9/site-packages/flask/app.py", line 326, in send_static_file
    return send_from_directory(
  File "/Users/macbook/Downloads/PPE-DETECTION-SYSTEM/.venv/lib/python3.9/site-packages/flask/helpers.py", line 572, in send_from_directory
    return werkzeug.utils.send_from_directory(  # type: ignore[return-value]
  File "/Users/macbook/Downloads/PPE-DETECTION-SYSTEM/.venv/lib/python3.9/site-packages/werkzeug/utils.py", line 568, in send_from_directory
    raise NotFound()
werkzeug.exceptions.NotFound: 404 Not Found: The requested URL was not found on the server. If you entered the URL manually please check your spelling and try again.
