2026-05-24 21:08:46 | INFO | ppe.database | MainThread | Database initialized at /Users/macbook/Downloads/PPE-DETECTION-SYSTEM/ppe.db
2026-05-24 21:14:46 | INFO | ppe.database | MainThread | Database initialized at /Users/macbook/Downloads/PPE-DETECTION-SYSTEM/ppe.db
2026-05-24 21:17:53 | INFO | ppe.database | MainThread | Database initialized at /Users/macbook/Downloads/PPE-DETECTION-SYSTEM/ppe.db
2026-05-24 21:18:07 | ERROR | ppe.app | Thread-13 | Unhandled error: 404 Not Found: The requested URL was not found on the server. If you entered the URL manually please check your spelling and try again.
Traceback (most recent call last):
  File "/Users/macbook/Downloads/PPE-DETECTION-SYSTEM/.venv/lib/python3.9/site-packages/flask/app.py", line 917, in full_dispatch_request
    rv = self.dispatch_request()
  File "/Users/macbook/Downloads/PPE-DETECTION-SYSTEM/.venv/lib/python3.9/site-packages/flask/app.py", line 891, in dispatch_request
    self.raise_routing_exception(req)
  File "/Users/macbook/Downloads/PPE-DETECTION-SYSTEM/.venv/lib/python3.9/site-packages/flask/app.py", line 500, in raise_routing_exception
    raise request.routing_exception  # type: ignore[misc]
  File "/Users/macbook/Downloads/PPE-DETECTION-SYSTEM/.venv/lib/python3.9/site-packages/flask/ctx.py", line 362, in match_request
    result = self.url_adapter.match(return_rule=True)  # type: ignore
  File "/Users/macbook/Downloads/PPE-DETECTION-SYSTEM/.venv/lib/python3.9/site-packages/werkzeug/routing/map.py", line 629, in match
    raise NotFound() from None
werkzeug.exceptions.NotFound: 404 Not Found: The requested URL was not found on the server. If you entered the URL manually please check your spelling and try again.
2026-05-24 21:18:16 | ERROR | ppe.app | Thread-25 | Unhandled error: 404 Not Found: The requested URL was not found on the server. If you entered the URL manually please check your spelling and try again.
Traceback (most recent call last):
  File "/Users/macbook/Downloads/PPE-DETECTION-SYSTEM/.venv/lib/python3.9/site-packages/flask/app.py", line 917, in full_dispatch_request
    rv = self.dispatch_request()
  File "/Users/macbook/Downloads/PPE-DETECTION-SYSTEM/.venv/lib/python3.9/site-packages/flask/app.py", line 891, in dispatch_request
    self.raise_routing_exception(req)
  File "/Users/macbook/Downloads/PPE-DETECTION-SYSTEM/.venv/lib/python3.9/site-packages/flask/app.py", line 500, in raise_routing_exception
    raise request.routing_exception  # type: ignore[misc]
  File "/Users/macbook/Downloads/PPE-DETECTION-SYSTEM/.venv/lib/python3.9/site-packages/flask/ctx.py", line 362, in match_request
    result = self.url_adapter.match(return_rule=True)  # type: ignore
  File "/Users/macbook/Downloads/PPE-DETECTION-SYSTEM/.venv/lib/python3.9/site-packages/werkzeug/routing/map.py", line 629, in match
    raise NotFound() from None
werkzeug.exceptions.NotFound: 404 Not Found: The requested URL was not found on the server. If you entered the URL manually please check your spelling and try again.
2026-05-24 21:18:18 | ERROR | ppe.app | Thread-38 | Unhandled error: 404 Not Found: The requested URL was not found on the server. If you entered the URL manually please check your spelling and try again.
Traceback (most recent call last):
  File "/Users/macbook/Downloads/PPE-DETECTION-SYSTEM/.venv/lib/python3.9/site-packages/flask/app.py", line 917, in full_dispatch_request
    rv = self.dispatch_request()
  File "/Users/macbook/Downloads/PPE-DETECTION-SYSTEM/.venv/lib/python3.9/site-packages/flask/app.py", line 891, in dispatch_request
    self.raise_routing_exception(req)
  File "/Users/macbook/Downloads/PPE-DETECTION-SYSTEM/.venv/lib/python3.9/site-packages/flask/app.py", line 500, in raise_routing_exception
    raise request.routing_exception  # type: ignore[misc]
  File "/Users/macbook/Downloads/PPE-DETECTION-SYSTEM/.venv/lib/python3.9/site-packages/flask/ctx.py", line 362, in match_request
    result = self.url_adapter.match(return_rule=True)  # type: ignore
  File "/Users/macbook/Downloads/PPE-DETECTION-SYSTEM/.venv/lib/python3.9/site-packages/werkzeug/routing/map.py", line 629, in match
    raise NotFound() from None
werkzeug.exceptions.NotFound: 404 Not Found: The requested URL was not found on the server. If you entered the URL manually please check your spelling and try again.
2026-05-24 21:18:23 | ERROR | ppe.app | Thread-46 | Unhandled error: 404 Not Found: The requested URL was not found on the server. If you entered the URL manually please check your spelling and try again.
Traceback (most recent call last):
  File "/Users/macbook/Downloads/PPE-DETECTION-SYSTEM/.venv/lib/python3.9/site-packages/flask/app.py", line 917, in full_dispatch_request
    rv = self.dispatch_request()
  File "/Users/macbook/Downloads/PPE-DETECTION-SYSTEM/.venv/lib/python3.9/site-packages/flask/app.py", line 891, in dispatch_request
    self.raise_routing_exception(req)
  File "/Users/macbook/Downloads/PPE-DETECTION-SYSTEM/.venv/lib/python3.9/site-packages/flask/app.py", line 500, in raise_routing_exception
    raise request.routing_exception  # type: ignore[misc]
  File "/Users/macbook/Downloads/PPE-DETECTION-SYSTEM/.venv/lib/python3.9/site-packages/flask/ctx.py", line 362, in match_request
    result = self.url_adapter.match(return_rule=True)  # type: ignore
  File "/Users/macbook/Downloads/PPE-DETECTION-SYSTEM/.venv/lib/python3.9/site-packages/werkzeug/routing/map.py", line 629, in match
    raise NotFound() from None
werkzeug.exceptions.NotFound: 404 Not Found: The requested URL was not found on the server. If you entered the URL manually please check your spelling and try again.
2026-05-24 21:18:23 | ERROR | ppe.app | Thread-58 | Unhandled error: 404 Not Found: The requested URL was not found on the server. If you entered the URL manually please check your spelling and try again.
Traceback (most recent call last):
  File "/Users/macbook/Downloads/PPE-DETECTION-SYSTEM/.venv/lib/python3.9/site-packages/flask/app.py", line 917, in full_dispatch_request
    rv = self.dispatch_request()
  File "/Users/macbook/Downloads/PPE-DETECTION-SYSTEM/.venv/lib/python3.9/site-packages/flask/app.py", line 891, in dispatch_request
    self.raise_routing_exception(req)
  File "/Users/macbook/Downloads/PPE-DETECTION-SYSTEM/.venv/lib/python3.9/site-packages/flask/app.py", line 500, in raise_routing_exception
    raise request.routing_exception  # type: ignore[misc]
  File "/Users/macbook/Downloads/PPE-DETECTION-SYSTEM/.venv/lib/python3.9/site-packages/flask/ctx.py", line 362, in match_request
    result = self.url_adapter.match(return_rule=True)  # type: ignore
  File "/Users/macbook/Downloads/PPE-DETECTION-SYSTEM/.venv/lib/python3.9/site-packages/werkzeug/routing/map.py", line 629, in match
    raise NotFound() from None
werkzeug.exceptions.NotFound: 404 Not Found: The requested URL was not found on the server. If you entered the URL manually please check your spelling and try again.
2026-05-24 21:18:24 | ERROR | ppe.app | Thread-74 | Unhandled error: 404 Not Found: The requested URL was not found on the server. If you entered the URL manually please check your spelling and try again.
Traceback (most recent call last):
  File "/Users/macbook/Downloads/PPE-DETECTION-SYSTEM/.venv/lib/python3.9/site-packages/flask/app.py", line 917, in full_dispatch_request
    rv = self.dispatch_request()
  File "/Users/macbook/Downloads/PPE-DETECTION-SYSTEM/.venv/lib/python3.9/site-packages/flask/app.py", line 891, in dispatch_request
    self.raise_routing_exception(req)
  File "/Users/macbook/Downloads/PPE-DETECTION-SYSTEM/.venv/lib/python3.9/site-packages/flask/app.py", line 500, in raise_routing_exception
    raise request.routing_exception  # type: ignore[misc]
  File "/Users/macbook/Downloads/PPE-DETECTION-SYSTEM/.venv/lib/python3.9/site-packages/flask/ctx.py", line 362, in match_request
    result = self.url_adapter.match(return_rule=True)  # type: ignore
  File "/Users/macbook/Downloads/PPE-DETECTION-SYSTEM/.venv/lib/python3.9/site-packages/werkzeug/routing/map.py", line 629, in match
    raise NotFound() from None
werkzeug.exceptions.NotFound: 404 Not Found: The requested URL was not found on the server. If you entered the URL manually please check your spelling and try again.
2026-05-24 21:18:25 | ERROR | ppe.app | Thread-86 | Unhandled error: 404 Not Found: The requested URL was not found on the server. If you entered the URL manually please check your spelling and try again.
Traceback (most recent call last):
  File "/Users/macbook/Downloads/PPE-DETECTION-SYSTEM/.venv/lib/python3.9/site-packages/flask/app.py", line 917, in full_dispatch_request
    rv = self.dispatch_request()
  File "/Users/macbook/Downloads/PPE-DETECTION-SYSTEM/.venv/lib/python3.9/site-packages/flask/app.py", line 891, in dispatch_request
    self.raise_routing_exception(req)
  File "/Users/macbook/Downloads/PPE-DETECTION-SYSTEM/.venv/lib/python3.9/site-packages/flask/app.py", line 500, in raise_routing_exception
    raise request.routing_exception  # type: ignore[misc]
  File "/Users/macbook/Downloads/PPE-DETECTION-SYSTEM/.venv/lib/python3.9/site-packages/flask/ctx.py", line 362, in match_request
    result = self.url_adapter.match(return_rule=True)  # type: ignore
  File "/Users/macbook/Downloads/PPE-DETECTION-SYSTEM/.venv/lib/python3.9/site-packages/werkzeug/routing/map.py", line 629, in match
    raise NotFound() from None
werkzeug.exceptions.NotFound: 404 Not Found: The requested URL was not found on the server. If you entered the URL manually please check your spelling and try again.
2026-05-24 21:18:26 | ERROR | ppe.app | Thread-98 | Unhandled error: 404 Not Found: The requested URL was not found on the server. If you entered the URL manually please check your spelling and try again.
Traceback (most recent call last):
  File "/Users/macbook/Downloads/PPE-DETECTION-SYSTEM/.venv/lib/python3.9/site-packages/flask/app.py", line 917, in full_dispatch_request
    rv = self.dispatch_request()
  File "/Users/macbook/Downloads/PPE-DETECTION-SYSTEM/.venv/lib/python3.9/site-packages/flask/app.py", line 891, in dispatch_request
    self.raise_routing_exception(req)
  File "/Users/macbook/Downloads/PPE-DETECTION-SYSTEM/.venv/lib/python3.9/site-packages/flask/app.py", line 500, in raise_routing_exception
    raise request.routing_exception  # type: ignore[misc]
  File "/Users/macbook/Downloads/PPE-DETECTION-SYSTEM/.venv/lib/python3.9/site-packages/flask/ctx.py", line 362, in match_request
    result = self.url_adapter.match(return_rule=True)  # type: ignore
  File "/Users/macbook/Downloads/PPE-DETECTION-SYSTEM/.venv/lib/python3.9/site-packages/werkzeug/routing/map.py", line 629, in match
    raise NotFound() from None
werkzeug.exceptions.NotFound: 404 Not Found: The requested URL was not found on the server. If you entered the URL manually please check your spelling and try again.
2026-05-24 21:18:35 | ERROR | ppe.app | Thread-106 | Unhandled error: 404 Not Found: The requested URL was not found on the server. If you entered the URL manually please check your spelling and try again.
Traceback (most recent call last):
  File "/Users/macbook/Downloads/PPE-DETECTION-SYSTEM/.venv/lib/python3.9/site-packages/flask/app.py", line 917, in full_dispatch_request
    rv = self.dispatch_request()
  File "/Users/macbook/Downloads/PPE-DETECTION-SYSTEM/.venv/lib/python3.9/site-packages/flask/app.py", line 891, in dispatch_request
    self.raise_routing_exception(req)
  File "/Users/macbook/Downloads/PPE-DETECTION-SYSTEM/.venv/lib/python3.9/site-packages/flask/app.py", line 500, in raise_routing_exception
    raise request.routing_exception  # type: ignore[misc]
  File "/Users/macbook/Downloads/PPE-DETECTION-SYSTEM/.venv/lib/python3.9/site-packages/flask/ctx.py", line 362, in match_request
    result = self.url_adapter.match(return_rule=True)  # type: ignore
  File "/Users/macbook/Downloads/PPE-DETECTION-SYSTEM/.venv/lib/python3.9/site-packages/werkzeug/routing/map.py", line 629, in match
    raise NotFound() from None
werkzeug.exceptions.NotFound: 404 Not Found: The requested URL was not found on the server. If you entered the URL manually please check your spelling and try again.
2026-05-24 21:18:36 | ERROR | ppe.app | Thread-122 | Unhandled error: 404 Not Found: The requested URL was not found on the server. If you entered the URL manually please check your spelling and try again.
Traceback (most recent call last):
  File "/Users/macbook/Downloads/PPE-DETECTION-SYSTEM/.venv/lib/python3.9/site-packages/flask/app.py", line 917, in full_dispatch_request
    rv = self.dispatch_request()
  File "/Users/macbook/Downloads/PPE-DETECTION-SYSTEM/.venv/lib/python3.9/site-packages/flask/app.py", line 891, in dispatch_request
    self.raise_routing_exception(req)
  File "/Users/macbook/Downloads/PPE-DETECTION-SYSTEM/.venv/lib/python3.9/site-packages/flask/app.py", line 500, in raise_routing_exception
    raise request.routing_exception  # type: ignore[misc]
  File "/Users/macbook/Downloads/PPE-DETECTION-SYSTEM/.venv/lib/python3.9/site-packages/flask/ctx.py", line 362, in match_request
    result = self.url_adapter.match(return_rule=True)  # type: ignore
  File "/Users/macbook/Downloads/PPE-DETECTION-SYSTEM/.venv/lib/python3.9/site-packages/werkzeug/routing/map.py", line 629, in match
    raise NotFound() from None
werkzeug.exceptions.NotFound: 404 Not Found: The requested URL was not found on the server. If you entered the URL manually please check your spelling and try again.
2026-05-24 21:19:01 | ERROR | ppe.app | Thread-135 | Unhandled error: 404 Not Found: The requested URL was not found on the server. If you entered the URL manually please check your spelling and try again.
Traceback (most recent call last):
  File "/Users/macbook/Downloads/PPE-DETECTION-SYSTEM/.venv/lib/python3.9/site-packages/flask/app.py", line 917, in full_dispatch_request
    rv = self.dispatch_request()
  File "/Users/macbook/Downloads/PPE-DETECTION-SYSTEM/.venv/lib/python3.9/site-packages/flask/app.py", line 891, in dispatch_request
    self.raise_routing_exception(req)
  File "/Users/macbook/Downloads/PPE-DETECTION-SYSTEM/.venv/lib/python3.9/site-packages/flask/app.py", line 500, in raise_routing_exception
    raise request.routing_exception  # type: ignore[misc]
  File "/Users/macbook/Downloads/PPE-DETECTION-SYSTEM/.venv/lib/python3.9/site-packages/flask/ctx.py", line 362, in match_request
    result = self.url_adapter.match(return_rule=True)  # type: ignore
  File "/Users/macbook/Downloads/PPE-DETECTION-SYSTEM/.venv/lib/python3.9/site-packages/werkzeug/routing/map.py", line 629, in match
    raise NotFound() from None
werkzeug.exceptions.NotFound: 404 Not Found: The requested URL was not found on the server. If you entered the URL manually please check your spelling and try again.
2026-05-24 21:19:08 | ERROR | ppe.app | Thread-152 | Unhandled error: 404 Not Found: The requested URL was not found on the server. If you entered the URL manually please check your spelling and try again.
Traceback (most recent call last):
  File "/Users/macbook/Downloads/PPE-DETECTION-SYSTEM/.venv/lib/python3.9/site-packages/flask/app.py", line 917, in full_dispatch_request
    rv = self.dispatch_request()
  File "/Users/macbook/Downloads/PPE-DETECTION-SYSTEM/.venv/lib/python3.9/site-packages/flask/app.py", line 891, in dispatch_request
    self.raise_routing_exception(req)
  File "/Users/macbook/Downloads/PPE-DETECTION-SYSTEM/.venv/lib/python3.9/site-packages/flask/app.py", line 500, in raise_routing_exception
    raise request.routing_exception  # type: ignore[misc]
  File "/Users/macbook/Downloads/PPE-DETECTION-SYSTEM/.venv/lib/python3.9/site-packages/flask/ctx.py", line 362, in match_request
    result = self.url_adapter.match(return_rule=True)  # type: ignore
  File "/Users/macbook/Downloads/PPE-DETECTION-SYSTEM/.venv/lib/python3.9/site-packages/werkzeug/routing/map.py", line 629, in match
    raise NotFound() from None
werkzeug.exceptions.NotFound: 404 Not Found: The requested URL was not found on the server. If you entered the URL manually please check your spelling and try again.
2026-05-24 21:19:13 | INFO | ppe.detector | Thread-138 | Loaded YOLO model from /Users/macbook/Downloads/PPE-DETECTION-SYSTEM/best.pt with classes: {0: 'helmet', 1: 'gloves', 2: 'vest', 3: 'boots', 4: 'goggles', 5: 'none', 6: 'Person', 7: 'no_helmet', 8: 'no_goggle', 9: 'no_gloves', 10: 'no_boots'}
2026-05-24 21:19:32 | INFO | ppe.event_manager | process-webcam_075170a0 | Created event evt_bafb0f22d2f749ba for ('webcam_075170a0', '2', 'missing_helmet')
2026-05-24 21:19:32 | INFO | ppe.event_manager | process-webcam_075170a0 | Created event evt_f2e20815cb474a3e for ('webcam_075170a0', '2', 'missing_vest')
2026-05-24 21:19:59 | ERROR | ppe.app | Thread-170 | Unhandled error: 404 Not Found: The requested URL was not found on the server. If you entered the URL manually please check your spelling and try again.
Traceback (most recent call last):
  File "/Users/macbook/Downloads/PPE-DETECTION-SYSTEM/.venv/lib/python3.9/site-packages/flask/app.py", line 917, in full_dispatch_request
    rv = self.dispatch_request()
  File "/Users/macbook/Downloads/PPE-DETECTION-SYSTEM/.venv/lib/python3.9/site-packages/flask/app.py", line 891, in dispatch_request
    self.raise_routing_exception(req)
  File "/Users/macbook/Downloads/PPE-DETECTION-SYSTEM/.venv/lib/python3.9/site-packages/flask/app.py", line 500, in raise_routing_exception
    raise request.routing_exception  # type: ignore[misc]
  File "/Users/macbook/Downloads/PPE-DETECTION-SYSTEM/.venv/lib/python3.9/site-packages/flask/ctx.py", line 362, in match_request
    result = self.url_adapter.match(return_rule=True)  # type: ignore
  File "/Users/macbook/Downloads/PPE-DETECTION-SYSTEM/.venv/lib/python3.9/site-packages/werkzeug/routing/map.py", line 629, in match
    raise NotFound() from None
werkzeug.exceptions.NotFound: 404 Not Found: The requested URL was not found on the server. If you entered the URL manually please check your spelling and try again.
2026-05-24 21:20:00 | ERROR | ppe.app | Thread-182 | Unhandled error: 404 Not Found: The requested URL was not found on the server. If you entered the URL manually please check your spelling and try again.
Traceback (most recent call last):
  File "/Users/macbook/Downloads/PPE-DETECTION-SYSTEM/.venv/lib/python3.9/site-packages/flask/app.py", line 917, in full_dispatch_request
    rv = self.dispatch_request()
  File "/Users/macbook/Downloads/PPE-DETECTION-SYSTEM/.venv/lib/python3.9/site-packages/flask/app.py", line 891, in dispatch_request
    self.raise_routing_exception(req)
  File "/Users/macbook/Downloads/PPE-DETECTION-SYSTEM/.venv/lib/python3.9/site-packages/flask/app.py", line 500, in raise_routing_exception
    raise request.routing_exception  # type: ignore[misc]
  File "/Users/macbook/Downloads/PPE-DETECTION-SYSTEM/.venv/lib/python3.9/site-packages/flask/ctx.py", line 362, in match_request
    result = self.url_adapter.match(return_rule=True)  # type: ignore
  File "/Users/macbook/Downloads/PPE-DETECTION-SYSTEM/.venv/lib/python3.9/site-packages/werkzeug/routing/map.py", line 629, in match
    raise NotFound() from None
werkzeug.exceptions.NotFound: 404 Not Found: The requested URL was not found on the server. If you entered the URL manually please check your spelling and try again.
2026-05-24 21:20:01 | ERROR | ppe.app | Thread-190 | Unhandled error: 404 Not Found: The requested URL was not found on the server. If you entered the URL manually please check your spelling and try again.
Traceback (most recent call last):
  File "/Users/macbook/Downloads/PPE-DETECTION-SYSTEM/.venv/lib/python3.9/site-packages/flask/app.py", line 917, in full_dispatch_request
    rv = self.dispatch_request()
  File "/Users/macbook/Downloads/PPE-DETECTION-SYSTEM/.venv/lib/python3.9/site-packages/flask/app.py", line 891, in dispatch_request
    self.raise_routing_exception(req)
  File "/Users/macbook/Downloads/PPE-DETECTION-SYSTEM/.venv/lib/python3.9/site-packages/flask/app.py", line 500, in raise_routing_exception
    raise request.routing_exception  # type: ignore[misc]
  File "/Users/macbook/Downloads/PPE-DETECTION-SYSTEM/.venv/lib/python3.9/site-packages/flask/ctx.py", line 362, in match_request
    result = self.url_adapter.match(return_rule=True)  # type: ignore
  File "/Users/macbook/Downloads/PPE-DETECTION-SYSTEM/.venv/lib/python3.9/site-packages/werkzeug/routing/map.py", line 629, in match
    raise NotFound() from None
werkzeug.exceptions.NotFound: 404 Not Found: The requested URL was not found on the server. If you entered the URL manually please check your spelling and try again.
2026-05-24 21:20:02 | ERROR | ppe.app | Thread-205 | Unhandled error: 404 Not Found: The requested URL was not found on the server. If you entered the URL manually please check your spelling and try again.
Traceback (most recent call last):
  File "/Users/macbook/Downloads/PPE-DETECTION-SYSTEM/.venv/lib/python3.9/site-packages/flask/app.py", line 917, in full_dispatch_request
    rv = self.dispatch_request()
  File "/Users/macbook/Downloads/PPE-DETECTION-SYSTEM/.venv/lib/python3.9/site-packages/flask/app.py", line 891, in dispatch_request
    self.raise_routing_exception(req)
  File "/Users/macbook/Downloads/PPE-DETECTION-SYSTEM/.venv/lib/python3.9/site-packages/flask/app.py", line 500, in raise_routing_exception
    raise request.routing_exception  # type: ignore[misc]
  File "/Users/macbook/Downloads/PPE-DETECTION-SYSTEM/.venv/lib/python3.9/site-packages/flask/ctx.py", line 362, in match_request
    result = self.url_adapter.match(return_rule=True)  # type: ignore
  File "/Users/macbook/Downloads/PPE-DETECTION-SYSTEM/.venv/lib/python3.9/site-packages/werkzeug/routing/map.py", line 629, in match
    raise NotFound() from None
werkzeug.exceptions.NotFound: 404 Not Found: The requested URL was not found on the server. If you entered the URL manually please check your spelling and try again.
2026-05-24 21:20:04 | ERROR | ppe.app | Thread-217 | Unhandled error: 404 Not Found: The requested URL was not found on the server. If you entered the URL manually please check your spelling and try again.
Traceback (most recent call last):
  File "/Users/macbook/Downloads/PPE-DETECTION-SYSTEM/.venv/lib/python3.9/site-packages/flask/app.py", line 917, in full_dispatch_request
    rv = self.dispatch_request()
  File "/Users/macbook/Downloads/PPE-DETECTION-SYSTEM/.venv/lib/python3.9/site-packages/flask/app.py", line 891, in dispatch_request
    self.raise_routing_exception(req)
  File "/Users/macbook/Downloads/PPE-DETECTION-SYSTEM/.venv/lib/python3.9/site-packages/flask/app.py", line 500, in raise_routing_exception
    raise request.routing_exception  # type: ignore[misc]
  File "/Users/macbook/Downloads/PPE-DETECTION-SYSTEM/.venv/lib/python3.9/site-packages/flask/ctx.py", line 362, in match_request
    result = self.url_adapter.match(return_rule=True)  # type: ignore
  File "/Users/macbook/Downloads/PPE-DETECTION-SYSTEM/.venv/lib/python3.9/site-packages/werkzeug/routing/map.py", line 629, in match
    raise NotFound() from None
werkzeug.exceptions.NotFound: 404 Not Found: The requested URL was not found on the server. If you entered the URL manually please check your spelling and try again.
2026-05-24 21:20:05 | ERROR | ppe.app | Thread-230 | Unhandled error: 404 Not Found: The requested URL was not found on the server. If you entered the URL manually please check your spelling and try again.
Traceback (most recent call last):
  File "/Users/macbook/Downloads/PPE-DETECTION-SYSTEM/.venv/lib/python3.9/site-packages/flask/app.py", line 917, in full_dispatch_request
    rv = self.dispatch_request()
  File "/Users/macbook/Downloads/PPE-DETECTION-SYSTEM/.venv/lib/python3.9/site-packages/flask/app.py", line 891, in dispatch_request
    self.raise_routing_exception(req)
  File "/Users/macbook/Downloads/PPE-DETECTION-SYSTEM/.venv/lib/python3.9/site-packages/flask/app.py", line 500, in raise_routing_exception
    raise request.routing_exception  # type: ignore[misc]
  File "/Users/macbook/Downloads/PPE-DETECTION-SYSTEM/.venv/lib/python3.9/site-packages/flask/ctx.py", line 362, in match_request
    result = self.url_adapter.match(return_rule=True)  # type: ignore
  File "/Users/macbook/Downloads/PPE-DETECTION-SYSTEM/.venv/lib/python3.9/site-packages/werkzeug/routing/map.py", line 629, in match
    raise NotFound() from None
werkzeug.exceptions.NotFound: 404 Not Found: The requested URL was not found on the server. If you entered the URL manually please check your spelling and try again.
2026-05-24 21:20:07 | ERROR | ppe.app | Thread-234 | Unhandled error: 404 Not Found: The requested URL was not found on the server. If you entered the URL manually please check your spelling and try again.
Traceback (most recent call last):
  File "/Users/macbook/Downloads/PPE-DETECTION-SYSTEM/.venv/lib/python3.9/site-packages/flask/app.py", line 917, in full_dispatch_request
    rv = self.dispatch_request()
  File "/Users/macbook/Downloads/PPE-DETECTION-SYSTEM/.venv/lib/python3.9/site-packages/flask/app.py", line 891, in dispatch_request
    self.raise_routing_exception(req)
  File "/Users/macbook/Downloads/PPE-DETECTION-SYSTEM/.venv/lib/python3.9/site-packages/flask/app.py", line 500, in raise_routing_exception
    raise request.routing_exception  # type: ignore[misc]
  File "/Users/macbook/Downloads/PPE-DETECTION-SYSTEM/.venv/lib/python3.9/site-packages/flask/ctx.py", line 362, in match_request
    result = self.url_adapter.match(return_rule=True)  # type: ignore
  File "/Users/macbook/Downloads/PPE-DETECTION-SYSTEM/.venv/lib/python3.9/site-packages/werkzeug/routing/map.py", line 629, in match
    raise NotFound() from None
werkzeug.exceptions.NotFound: 404 Not Found: The requested URL was not found on the server. If you entered the URL manually please check your spelling and try again.
2026-05-24 21:20:15 | ERROR | ppe.app | Thread-236 | Unhandled error: 404 Not Found: The requested URL was not found on the server. If you entered the URL manually please check your spelling and try again.
Traceback (most recent call last):
  File "/Users/macbook/Downloads/PPE-DETECTION-SYSTEM/.venv/lib/python3.9/site-packages/flask/app.py", line 917, in full_dispatch_request
    rv = self.dispatch_request()
  File "/Users/macbook/Downloads/PPE-DETECTION-SYSTEM/.venv/lib/python3.9/site-packages/flask/app.py", line 891, in dispatch_request
    self.raise_routing_exception(req)
  File "/Users/macbook/Downloads/PPE-DETECTION-SYSTEM/.venv/lib/python3.9/site-packages/flask/app.py", line 500, in raise_routing_exception
    raise request.routing_exception  # type: ignore[misc]
  File "/Users/macbook/Downloads/PPE-DETECTION-SYSTEM/.venv/lib/python3.9/site-packages/flask/ctx.py", line 362, in match_request
    result = self.url_adapter.match(return_rule=True)  # type: ignore
  File "/Users/macbook/Downloads/PPE-DETECTION-SYSTEM/.venv/lib/python3.9/site-packages/werkzeug/routing/map.py", line 629, in match
    raise NotFound() from None
werkzeug.exceptions.NotFound: 404 Not Found: The requested URL was not found on the server. If you entered the URL manually please check your spelling and try again.
2026-05-24 21:20:33 | ERROR | ppe.app | Thread-247 | Unhandled error: 404 Not Found: The requested URL was not found on the server. If you entered the URL manually please check your spelling and try again.
Traceback (most recent call last):
  File "/Users/macbook/Downloads/PPE-DETECTION-SYSTEM/.venv/lib/python3.9/site-packages/flask/app.py", line 917, in full_dispatch_request
    rv = self.dispatch_request()
  File "/Users/macbook/Downloads/PPE-DETECTION-SYSTEM/.venv/lib/python3.9/site-packages/flask/app.py", line 891, in dispatch_request
    self.raise_routing_exception(req)
  File "/Users/macbook/Downloads/PPE-DETECTION-SYSTEM/.venv/lib/python3.9/site-packages/flask/app.py", line 500, in raise_routing_exception
    raise request.routing_exception  # type: ignore[misc]
  File "/Users/macbook/Downloads/PPE-DETECTION-SYSTEM/.venv/lib/python3.9/site-packages/flask/ctx.py", line 362, in match_request
    result = self.url_adapter.match(return_rule=True)  # type: ignore
  File "/Users/macbook/Downloads/PPE-DETECTION-SYSTEM/.venv/lib/python3.9/site-packages/werkzeug/routing/map.py", line 629, in match
    raise NotFound() from None
werkzeug.exceptions.NotFound: 404 Not Found: The requested URL was not found on the server. If you entered the URL manually please check your spelling and try again.
2026-05-24 21:23:11 | INFO | ppe.database | MainThread | Database initialized at /Users/macbook/Downloads/PPE-DETECTION-SYSTEM/ppe.db
2026-05-24 21:23:26 | ERROR | ppe.app | Thread-23 | Unhandled error: 404 Not Found: The requested URL was not found on the server. If you entered the URL manually please check your spelling and try again.
Traceback (most recent call last):
  File "/Users/macbook/Downloads/PPE-DETECTION-SYSTEM/.venv/lib/python3.9/site-packages/flask/app.py", line 917, in full_dispatch_request
    rv = self.dispatch_request()
  File "/Users/macbook/Downloads/PPE-DETECTION-SYSTEM/.venv/lib/python3.9/site-packages/flask/app.py", line 891, in dispatch_request
    self.raise_routing_exception(req)
  File "/Users/macbook/Downloads/PPE-DETECTION-SYSTEM/.venv/lib/python3.9/site-packages/flask/app.py", line 500, in raise_routing_exception
    raise request.routing_exception  # type: ignore[misc]
  File "/Users/macbook/Downloads/PPE-DETECTION-SYSTEM/.venv/lib/python3.9/site-packages/flask/ctx.py", line 362, in match_request
    result = self.url_adapter.match(return_rule=True)  # type: ignore
  File "/Users/macbook/Downloads/PPE-DETECTION-SYSTEM/.venv/lib/python3.9/site-packages/werkzeug/routing/map.py", line 629, in match
    raise NotFound() from None
werkzeug.exceptions.NotFound: 404 Not Found: The requested URL was not found on the server. If you entered the URL manually please check your spelling and try again.
2026-05-24 21:23:35 | ERROR | ppe.app | Thread-36 | Unhandled error: 404 Not Found: The requested URL was not found on the server. If you entered the URL manually please check your spelling and try again.
Traceback (most recent call last):
  File "/Users/macbook/Downloads/PPE-DETECTION-SYSTEM/.venv/lib/python3.9/site-packages/flask/app.py", line 917, in full_dispatch_request
    rv = self.dispatch_request()
  File "/Users/macbook/Downloads/PPE-DETECTION-SYSTEM/.venv/lib/python3.9/site-packages/flask/app.py", line 891, in dispatch_request
    self.raise_routing_exception(req)
  File "/Users/macbook/Downloads/PPE-DETECTION-SYSTEM/.venv/lib/python3.9/site-packages/flask/app.py", line 500, in raise_routing_exception
    raise request.routing_exception  # type: ignore[misc]
  File "/Users/macbook/Downloads/PPE-DETECTION-SYSTEM/.venv/lib/python3.9/site-packages/flask/ctx.py", line 362, in match_request
    result = self.url_adapter.match(return_rule=True)  # type: ignore
  File "/Users/macbook/Downloads/PPE-DETECTION-SYSTEM/.venv/lib/python3.9/site-packages/werkzeug/routing/map.py", line 629, in match
    raise NotFound() from None
werkzeug.exceptions.NotFound: 404 Not Found: The requested URL was not found on the server. If you entered the URL manually please check your spelling and try again.
2026-05-24 21:23:40 | INFO | ppe.detector | Thread-37 | Loaded YOLO model from /Users/macbook/Downloads/PPE-DETECTION-SYSTEM/best.pt with classes: {0: 'helmet', 1: 'gloves', 2: 'vest', 3: 'boots', 4: 'goggles', 5: 'none', 6: 'Person', 7: 'no_helmet', 8: 'no_goggle', 9: 'no_gloves', 10: 'no_boots'}
2026-05-24 21:23:42 | INFO | ppe.event_manager | process-webcam_075170a0 | Created event evt_4af528fe87274738 for ('webcam_075170a0', '1000001', 'missing_helmet')
2026-05-24 21:23:42 | INFO | ppe.event_manager | process-webcam_075170a0 | Created event evt_01ce9fe205ee43a2 for ('webcam_075170a0', '1000001', 'missing_vest')
2026-05-24 21:23:44 | INFO | ppe.event_manager | process-webcam_075170a0 | Created event evt_24142093ae4d4f0b for ('webcam_075170a0', '1', 'missing_helmet')
2026-05-24 21:23:44 | INFO | ppe.event_manager | process-webcam_075170a0 | Created event evt_3a23302bc3014a7d for ('webcam_075170a0', '1', 'missing_vest')
2026-05-24 21:23:52 | INFO | ppe.event_manager | process-webcam_075170a0 | Created event evt_4a7195623e614258 for ('webcam_075170a0', '7', 'missing_helmet')
2026-05-24 21:23:52 | INFO | ppe.event_manager | process-webcam_075170a0 | Created event evt_0982203af3f54790 for ('webcam_075170a0', '7', 'missing_vest')
2026-05-24 21:23:58 | INFO | ppe.event_manager | process-webcam_075170a0 | Created event evt_2c30029938e8418f for ('webcam_075170a0', '10', 'missing_helmet')
2026-05-24 21:23:59 | INFO | ppe.event_manager | process-webcam_075170a0 | Created event evt_26dd63626f274f10 for ('webcam_075170a0', '10', 'missing_vest')
2026-05-24 21:24:15 | ERROR | ppe.app | Thread-50 | Unhandled error: 404 Not Found: The requested URL was not found on the server. If you entered the URL manually please check your spelling and try again.
Traceback (most recent call last):
  File "/Users/macbook/Downloads/PPE-DETECTION-SYSTEM/.venv/lib/python3.9/site-packages/flask/app.py", line 917, in full_dispatch_request
    rv = self.dispatch_request()
  File "/Users/macbook/Downloads/PPE-DETECTION-SYSTEM/.venv/lib/python3.9/site-packages/flask/app.py", line 891, in dispatch_request
    self.raise_routing_exception(req)
  File "/Users/macbook/Downloads/PPE-DETECTION-SYSTEM/.venv/lib/python3.9/site-packages/flask/app.py", line 500, in raise_routing_exception
    raise request.routing_exception  # type: ignore[misc]
  File "/Users/macbook/Downloads/PPE-DETECTION-SYSTEM/.venv/lib/python3.9/site-packages/flask/ctx.py", line 362, in match_request
    result = self.url_adapter.match(return_rule=True)  # type: ignore
  File "/Users/macbook/Downloads/PPE-DETECTION-SYSTEM/.venv/lib/python3.9/site-packages/werkzeug/routing/map.py", line 629, in match
    raise NotFound() from None
werkzeug.exceptions.NotFound: 404 Not Found: The requested URL was not found on the server. If you entered the URL manually please check your spelling and try again.
2026-05-24 21:24:23 | ERROR | ppe.app | Thread-62 | Unhandled error: 404 Not Found: The requested URL was not found on the server. If you entered the URL manually please check your spelling and try again.
Traceback (most recent call last):
  File "/Users/macbook/Downloads/PPE-DETECTION-SYSTEM/.venv/lib/python3.9/site-packages/flask/app.py", line 917, in full_dispatch_request
    rv = self.dispatch_request()
  File "/Users/macbook/Downloads/PPE-DETECTION-SYSTEM/.venv/lib/python3.9/site-packages/flask/app.py", line 891, in dispatch_request
    self.raise_routing_exception(req)
  File "/Users/macbook/Downloads/PPE-DETECTION-SYSTEM/.venv/lib/python3.9/site-packages/flask/app.py", line 500, in raise_routing_exception
    raise request.routing_exception  # type: ignore[misc]
  File "/Users/macbook/Downloads/PPE-DETECTION-SYSTEM/.venv/lib/python3.9/site-packages/flask/ctx.py", line 362, in match_request
    result = self.url_adapter.match(return_rule=True)  # type: ignore
  File "/Users/macbook/Downloads/PPE-DETECTION-SYSTEM/.venv/lib/python3.9/site-packages/werkzeug/routing/map.py", line 629, in match
    raise NotFound() from None
werkzeug.exceptions.NotFound: 404 Not Found: The requested URL was not found on the server. If you entered the URL manually please check your spelling and try again.
2026-05-24 21:24:31 | ERROR | ppe.app | Thread-74 | Unhandled error: 404 Not Found: The requested URL was not found on the server. If you entered the URL manually please check your spelling and try again.
Traceback (most recent call last):
  File "/Users/macbook/Downloads/PPE-DETECTION-SYSTEM/.venv/lib/python3.9/site-packages/flask/app.py", line 917, in full_dispatch_request
    rv = self.dispatch_request()
  File "/Users/macbook/Downloads/PPE-DETECTION-SYSTEM/.venv/lib/python3.9/site-packages/flask/app.py", line 891, in dispatch_request
    self.raise_routing_exception(req)
  File "/Users/macbook/Downloads/PPE-DETECTION-SYSTEM/.venv/lib/python3.9/site-packages/flask/app.py", line 500, in raise_routing_exception
    raise request.routing_exception  # type: ignore[misc]
  File "/Users/macbook/Downloads/PPE-DETECTION-SYSTEM/.venv/lib/python3.9/site-packages/flask/ctx.py", line 362, in match_request
    result = self.url_adapter.match(return_rule=True)  # type: ignore
  File "/Users/macbook/Downloads/PPE-DETECTION-SYSTEM/.venv/lib/python3.9/site-packages/werkzeug/routing/map.py", line 629, in match
    raise NotFound() from None
werkzeug.exceptions.NotFound: 404 Not Found: The requested URL was not found on the server. If you entered the URL manually please check your spelling and try again.
2026-05-24 21:24:35 | ERROR | ppe.app | Thread-86 | Unhandled error: 404 Not Found: The requested URL was not found on the server. If you entered the URL manually please check your spelling and try again.
Traceback (most recent call last):
  File "/Users/macbook/Downloads/PPE-DETECTION-SYSTEM/.venv/lib/python3.9/site-packages/flask/app.py", line 917, in full_dispatch_request
    rv = self.dispatch_request()
  File "/Users/macbook/Downloads/PPE-DETECTION-SYSTEM/.venv/lib/python3.9/site-packages/flask/app.py", line 891, in dispatch_request
    self.raise_routing_exception(req)
  File "/Users/macbook/Downloads/PPE-DETECTION-SYSTEM/.venv/lib/python3.9/site-packages/flask/app.py", line 500, in raise_routing_exception
    raise request.routing_exception  # type: ignore[misc]
  File "/Users/macbook/Downloads/PPE-DETECTION-SYSTEM/.venv/lib/python3.9/site-packages/flask/ctx.py", line 362, in match_request
    result = self.url_adapter.match(return_rule=True)  # type: ignore
  File "/Users/macbook/Downloads/PPE-DETECTION-SYSTEM/.venv/lib/python3.9/site-packages/werkzeug/routing/map.py", line 629, in match
    raise NotFound() from None
werkzeug.exceptions.NotFound: 404 Not Found: The requested URL was not found on the server. If you entered the URL manually please check your spelling and try again.
2026-05-24 21:24:46 | ERROR | ppe.app | Thread-95 | Unhandled error: 404 Not Found: The requested URL was not found on the server. If you entered the URL manually please check your spelling and try again.
Traceback (most recent call last):
  File "/Users/macbook/Downloads/PPE-DETECTION-SYSTEM/.venv/lib/python3.9/site-packages/flask/app.py", line 917, in full_dispatch_request
    rv = self.dispatch_request()
  File "/Users/macbook/Downloads/PPE-DETECTION-SYSTEM/.venv/lib/python3.9/site-packages/flask/app.py", line 891, in dispatch_request
    self.raise_routing_exception(req)
  File "/Users/macbook/Downloads/PPE-DETECTION-SYSTEM/.venv/lib/python3.9/site-packages/flask/app.py", line 500, in raise_routing_exception
    raise request.routing_exception  # type: ignore[misc]
  File "/Users/macbook/Downloads/PPE-DETECTION-SYSTEM/.venv/lib/python3.9/site-packages/flask/ctx.py", line 362, in match_request
    result = self.url_adapter.match(return_rule=True)  # type: ignore
  File "/Users/macbook/Downloads/PPE-DETECTION-SYSTEM/.venv/lib/python3.9/site-packages/werkzeug/routing/map.py", line 629, in match
    raise NotFound() from None
werkzeug.exceptions.NotFound: 404 Not Found: The requested URL was not found on the server. If you entered the URL manually please check your spelling and try again.
2026-05-24 21:25:32 | INFO | ppe.detector | Thread-103 | Loaded YOLO model from /Users/macbook/Downloads/PPE-DETECTION-SYSTEM/best.pt with classes: {0: 'helmet', 1: 'gloves', 2: 'vest', 3: 'boots', 4: 'goggles', 5: 'none', 6: 'Person', 7: 'no_helmet', 8: 'no_goggle', 9: 'no_gloves', 10: 'no_boots'}
2026-05-24 21:25:33 | ERROR | ppe.app | Thread-111 | Unhandled error: 404 Not Found: The requested URL was not found on the server. If you entered the URL manually please check your spelling and try again.
Traceback (most recent call last):
  File "/Users/macbook/Downloads/PPE-DETECTION-SYSTEM/.venv/lib/python3.9/site-packages/flask/app.py", line 917, in full_dispatch_request
    rv = self.dispatch_request()
  File "/Users/macbook/Downloads/PPE-DETECTION-SYSTEM/.venv/lib/python3.9/site-packages/flask/app.py", line 891, in dispatch_request
    self.raise_routing_exception(req)
  File "/Users/macbook/Downloads/PPE-DETECTION-SYSTEM/.venv/lib/python3.9/site-packages/flask/app.py", line 500, in raise_routing_exception
    raise request.routing_exception  # type: ignore[misc]
  File "/Users/macbook/Downloads/PPE-DETECTION-SYSTEM/.venv/lib/python3.9/site-packages/flask/ctx.py", line 362, in match_request
    result = self.url_adapter.match(return_rule=True)  # type: ignore
  File "/Users/macbook/Downloads/PPE-DETECTION-SYSTEM/.venv/lib/python3.9/site-packages/werkzeug/routing/map.py", line 629, in match
    raise NotFound() from None
werkzeug.exceptions.NotFound: 404 Not Found: The requested URL was not found on the server. If you entered the URL manually please check your spelling and try again.
2026-05-24 21:29:46 | INFO | ppe.database | MainThread | Database initialized at /Users/macbook/Downloads/PPE-DETECTION-SYSTEM/ppe.db
2026-05-24 21:29:56 | ERROR | ppe.app | Thread-18 | Unhandled error: 404 Not Found: The requested URL was not found on the server. If you entered the URL manually please check your spelling and try again.
Traceback (most recent call last):
  File "/Users/macbook/Downloads/PPE-DETECTION-SYSTEM/.venv/lib/python3.9/site-packages/flask/app.py", line 917, in full_dispatch_request
    rv = self.dispatch_request()
  File "/Users/macbook/Downloads/PPE-DETECTION-SYSTEM/.venv/lib/python3.9/site-packages/flask/app.py", line 891, in dispatch_request
    self.raise_routing_exception(req)
  File "/Users/macbook/Downloads/PPE-DETECTION-SYSTEM/.venv/lib/python3.9/site-packages/flask/app.py", line 500, in raise_routing_exception
    raise request.routing_exception  # type: ignore[misc]
  File "/Users/macbook/Downloads/PPE-DETECTION-SYSTEM/.venv/lib/python3.9/site-packages/flask/ctx.py", line 362, in match_request
    result = self.url_adapter.match(return_rule=True)  # type: ignore
  File "/Users/macbook/Downloads/PPE-DETECTION-SYSTEM/.venv/lib/python3.9/site-packages/werkzeug/routing/map.py", line 629, in match
    raise NotFound() from None
werkzeug.exceptions.NotFound: 404 Not Found: The requested URL was not found on the server. If you entered the URL manually please check your spelling and try again.
2026-05-24 21:30:00 | ERROR | ppe.app | Thread-25 | Unhandled error: 404 Not Found: The requested URL was not found on the server. If you entered the URL manually please check your spelling and try again.
Traceback (most recent call last):
  File "/Users/macbook/Downloads/PPE-DETECTION-SYSTEM/.venv/lib/python3.9/site-packages/flask/app.py", line 917, in full_dispatch_request
    rv = self.dispatch_request()
  File "/Users/macbook/Downloads/PPE-DETECTION-SYSTEM/.venv/lib/python3.9/site-packages/flask/app.py", line 891, in dispatch_request
    self.raise_routing_exception(req)
  File "/Users/macbook/Downloads/PPE-DETECTION-SYSTEM/.venv/lib/python3.9/site-packages/flask/app.py", line 500, in raise_routing_exception
    raise request.routing_exception  # type: ignore[misc]
  File "/Users/macbook/Downloads/PPE-DETECTION-SYSTEM/.venv/lib/python3.9/site-packages/flask/ctx.py", line 362, in match_request
    result = self.url_adapter.match(return_rule=True)  # type: ignore
  File "/Users/macbook/Downloads/PPE-DETECTION-SYSTEM/.venv/lib/python3.9/site-packages/werkzeug/routing/map.py", line 629, in match
    raise NotFound() from None
werkzeug.exceptions.NotFound: 404 Not Found: The requested URL was not found on the server. If you entered the URL manually please check your spelling and try again.
2026-05-24 21:30:02 | ERROR | ppe.app | Thread-33 | Unhandled error: 404 Not Found: The requested URL was not found on the server. If you entered the URL manually please check your spelling and try again.
Traceback (most recent call last):
  File "/Users/macbook/Downloads/PPE-DETECTION-SYSTEM/.venv/lib/python3.9/site-packages/flask/app.py", line 917, in full_dispatch_request
    rv = self.dispatch_request()
  File "/Users/macbook/Downloads/PPE-DETECTION-SYSTEM/.venv/lib/python3.9/site-packages/flask/app.py", line 891, in dispatch_request
    self.raise_routing_exception(req)
  File "/Users/macbook/Downloads/PPE-DETECTION-SYSTEM/.venv/lib/python3.9/site-packages/flask/app.py", line 500, in raise_routing_exception
    raise request.routing_exception  # type: ignore[misc]
  File "/Users/macbook/Downloads/PPE-DETECTION-SYSTEM/.venv/lib/python3.9/site-packages/flask/ctx.py", line 362, in match_request
    result = self.url_adapter.match(return_rule=True)  # type: ignore
  File "/Users/macbook/Downloads/PPE-DETECTION-SYSTEM/.venv/lib/python3.9/site-packages/werkzeug/routing/map.py", line 629, in match
    raise NotFound() from None
werkzeug.exceptions.NotFound: 404 Not Found: The requested URL was not found on the server. If you entered the URL manually please check your spelling and try again.
2026-05-24 21:30:23 | ERROR | ppe.app | Thread-39 | Unhandled error: 404 Not Found: The requested URL was not found on the server. If you entered the URL manually please check your spelling and try again.
Traceback (most recent call last):
  File "/Users/macbook/Downloads/PPE-DETECTION-SYSTEM/.venv/lib/python3.9/site-packages/flask/app.py", line 917, in full_dispatch_request
    rv = self.dispatch_request()
  File "/Users/macbook/Downloads/PPE-DETECTION-SYSTEM/.venv/lib/python3.9/site-packages/flask/app.py", line 891, in dispatch_request
    self.raise_routing_exception(req)
  File "/Users/macbook/Downloads/PPE-DETECTION-SYSTEM/.venv/lib/python3.9/site-packages/flask/app.py", line 500, in raise_routing_exception
    raise request.routing_exception  # type: ignore[misc]
  File "/Users/macbook/Downloads/PPE-DETECTION-SYSTEM/.venv/lib/python3.9/site-packages/flask/ctx.py", line 362, in match_request
    result = self.url_adapter.match(return_rule=True)  # type: ignore
  File "/Users/macbook/Downloads/PPE-DETECTION-SYSTEM/.venv/lib/python3.9/site-packages/werkzeug/routing/map.py", line 629, in match
    raise NotFound() from None
werkzeug.exceptions.NotFound: 404 Not Found: The requested URL was not found on the server. If you entered the URL manually please check your spelling and try again.
2026-05-24 21:30:32 | INFO | ppe.detector | Thread-46 | Loaded YOLO model from /Users/macbook/Downloads/PPE-DETECTION-SYSTEM/best.pt with classes: {0: 'helmet', 1: 'gloves', 2: 'vest', 3: 'boots', 4: 'goggles', 5: 'none', 6: 'Person', 7: 'no_helmet', 8: 'no_goggle', 9: 'no_gloves', 10: 'no_boots'}
2026-05-24 21:30:32 | ERROR | ppe.app | Thread-58 | Unhandled error: 404 Not Found: The requested URL was not found on the server. If you entered the URL manually please check your spelling and try again.
Traceback (most recent call last):
  File "/Users/macbook/Downloads/PPE-DETECTION-SYSTEM/.venv/lib/python3.9/site-packages/flask/app.py", line 917, in full_dispatch_request
    rv = self.dispatch_request()
  File "/Users/macbook/Downloads/PPE-DETECTION-SYSTEM/.venv/lib/python3.9/site-packages/flask/app.py", line 891, in dispatch_request
    self.raise_routing_exception(req)
  File "/Users/macbook/Downloads/PPE-DETECTION-SYSTEM/.venv/lib/python3.9/site-packages/flask/app.py", line 500, in raise_routing_exception
    raise request.routing_exception  # type: ignore[misc]
  File "/Users/macbook/Downloads/PPE-DETECTION-SYSTEM/.venv/lib/python3.9/site-packages/flask/ctx.py", line 362, in match_request
    result = self.url_adapter.match(return_rule=True)  # type: ignore
  File "/Users/macbook/Downloads/PPE-DETECTION-SYSTEM/.venv/lib/python3.9/site-packages/werkzeug/routing/map.py", line 629, in match
    raise NotFound() from None
werkzeug.exceptions.NotFound: 404 Not Found: The requested URL was not found on the server. If you entered the URL manually please check your spelling and try again.
2026-05-24 21:48:35 | INFO | ppe.database | MainThread | Database initialized at /Users/macbook/Downloads/PPE-DETECTION-SYSTEM/ppe.db
2026-05-24 21:48:43 | ERROR | ppe.app | Thread-18 | Unhandled error: 404 Not Found: The requested URL was not found on the server. If you entered the URL manually please check your spelling and try again.
Traceback (most recent call last):
  File "/Users/macbook/Downloads/PPE-DETECTION-SYSTEM/.venv/lib/python3.9/site-packages/flask/app.py", line 917, in full_dispatch_request
    rv = self.dispatch_request()
  File "/Users/macbook/Downloads/PPE-DETECTION-SYSTEM/.venv/lib/python3.9/site-packages/flask/app.py", line 891, in dispatch_request
    self.raise_routing_exception(req)
  File "/Users/macbook/Downloads/PPE-DETECTION-SYSTEM/.venv/lib/python3.9/site-packages/flask/app.py", line 500, in raise_routing_exception
    raise request.routing_exception  # type: ignore[misc]
  File "/Users/macbook/Downloads/PPE-DETECTION-SYSTEM/.venv/lib/python3.9/site-packages/flask/ctx.py", line 362, in match_request
    result = self.url_adapter.match(return_rule=True)  # type: ignore
  File "/Users/macbook/Downloads/PPE-DETECTION-SYSTEM/.venv/lib/python3.9/site-packages/werkzeug/routing/map.py", line 629, in match
    raise NotFound() from None
werkzeug.exceptions.NotFound: 404 Not Found: The requested URL was not found on the server. If you entered the URL manually please check your spelling and try again.
2026-05-24 21:48:48 | ERROR | ppe.app | Thread-25 | Unhandled error: 404 Not Found: The requested URL was not found on the server. If you entered the URL manually please check your spelling and try again.
Traceback (most recent call last):
  File "/Users/macbook/Downloads/PPE-DETECTION-SYSTEM/.venv/lib/python3.9/site-packages/flask/app.py", line 917, in full_dispatch_request
    rv = self.dispatch_request()
  File "/Users/macbook/Downloads/PPE-DETECTION-SYSTEM/.venv/lib/python3.9/site-packages/flask/app.py", line 891, in dispatch_request
    self.raise_routing_exception(req)
  File "/Users/macbook/Downloads/PPE-DETECTION-SYSTEM/.venv/lib/python3.9/site-packages/flask/app.py", line 500, in raise_routing_exception
    raise request.routing_exception  # type: ignore[misc]
  File "/Users/macbook/Downloads/PPE-DETECTION-SYSTEM/.venv/lib/python3.9/site-packages/flask/ctx.py", line 362, in match_request
    result = self.url_adapter.match(return_rule=True)  # type: ignore
  File "/Users/macbook/Downloads/PPE-DETECTION-SYSTEM/.venv/lib/python3.9/site-packages/werkzeug/routing/map.py", line 629, in match
    raise NotFound() from None
werkzeug.exceptions.NotFound: 404 Not Found: The requested URL was not found on the server. If you entered the URL manually please check your spelling and try again.
2026-05-24 21:48:56 | INFO | ppe.detector | Thread-33 | Loaded YOLO model from /Users/macbook/Downloads/PPE-DETECTION-SYSTEM/best.pt with classes: {0: 'helmet', 1: 'gloves', 2: 'vest', 3: 'boots', 4: 'goggles', 5: 'none', 6: 'Person', 7: 'no_helmet', 8: 'no_goggle', 9: 'no_gloves', 10: 'no_boots'}
2026-05-24 21:48:56 | ERROR | ppe.app | Thread-33 | Unhandled error: 'builtin_function_or_method object' has no attribute 'items'
Traceback (most recent call last):
  File "/Users/macbook/Downloads/PPE-DETECTION-SYSTEM/.venv/lib/python3.9/site-packages/flask/app.py", line 917, in full_dispatch_request
    rv = self.dispatch_request()
  File "/Users/macbook/Downloads/PPE-DETECTION-SYSTEM/.venv/lib/python3.9/site-packages/flask/app.py", line 902, in dispatch_request
    return self.ensure_sync(self.view_functions[rule.endpoint])(**view_args)  # type: ignore[no-any-return]
  File "/Users/macbook/Downloads/PPE-DETECTION-SYSTEM/app.py", line 164, in image_page
    return render_template(
  File "/Users/macbook/Downloads/PPE-DETECTION-SYSTEM/.venv/lib/python3.9/site-packages/flask/templating.py", line 151, in render_template
    return _render(app, template, context)
  File "/Users/macbook/Downloads/PPE-DETECTION-SYSTEM/.venv/lib/python3.9/site-packages/flask/templating.py", line 132, in _render
    rv = template.render(context)
  File "/Users/macbook/Downloads/PPE-DETECTION-SYSTEM/.venv/lib/python3.9/site-packages/jinja2/environment.py", line 1295, in render
    self.environment.handle_exception()
  File "/Users/macbook/Downloads/PPE-DETECTION-SYSTEM/.venv/lib/python3.9/site-packages/jinja2/environment.py", line 942, in handle_exception
    raise rewrite_traceback_stack(source=source)
  File "/Users/macbook/Downloads/PPE-DETECTION-SYSTEM/templates/result.html", line 1, in top-level template code
    {% extends 'base.html' %}
  File "/Users/macbook/Downloads/PPE-DETECTION-SYSTEM/templates/base.html", line 59, in top-level template code
    {% block content %}{% endblock %}
  File "/Users/macbook/Downloads/PPE-DETECTION-SYSTEM/templates/result.html", line 269, in block 'content'
    {% for item, status in person.items.items() %}
  File "/Users/macbook/Downloads/PPE-DETECTION-SYSTEM/.venv/lib/python3.9/site-packages/jinja2/utils.py", line 92, in from_obj
    if hasattr(obj, "jinja_pass_arg"):
jinja2.exceptions.UndefinedError: 'builtin_function_or_method object' has no attribute 'items'
2026-05-24 21:48:56 | ERROR | ppe.app | Thread-43 | Unhandled error: 404 Not Found: The requested URL was not found on the server. If you entered the URL manually please check your spelling and try again.
Traceback (most recent call last):
  File "/Users/macbook/Downloads/PPE-DETECTION-SYSTEM/.venv/lib/python3.9/site-packages/flask/app.py", line 917, in full_dispatch_request
    rv = self.dispatch_request()
  File "/Users/macbook/Downloads/PPE-DETECTION-SYSTEM/.venv/lib/python3.9/site-packages/flask/app.py", line 891, in dispatch_request
    self.raise_routing_exception(req)
  File "/Users/macbook/Downloads/PPE-DETECTION-SYSTEM/.venv/lib/python3.9/site-packages/flask/app.py", line 500, in raise_routing_exception
    raise request.routing_exception  # type: ignore[misc]
  File "/Users/macbook/Downloads/PPE-DETECTION-SYSTEM/.venv/lib/python3.9/site-packages/flask/ctx.py", line 362, in match_request
    result = self.url_adapter.match(return_rule=True)  # type: ignore
  File "/Users/macbook/Downloads/PPE-DETECTION-SYSTEM/.venv/lib/python3.9/site-packages/werkzeug/routing/map.py", line 629, in match
    raise NotFound() from None
werkzeug.exceptions.NotFound: 404 Not Found: The requested URL was not found on the server. If you entered the URL manually please check your spelling and try again.
2026-05-24 21:49:26 | ERROR | ppe.app | Thread-53 | Unhandled error: 404 Not Found: The requested URL was not found on the server. If you entered the URL manually please check your spelling and try again.
Traceback (most recent call last):
  File "/Users/macbook/Downloads/PPE-DETECTION-SYSTEM/.venv/lib/python3.9/site-packages/flask/app.py", line 917, in full_dispatch_request
    rv = self.dispatch_request()
  File "/Users/macbook/Downloads/PPE-DETECTION-SYSTEM/.venv/lib/python3.9/site-packages/flask/app.py", line 891, in dispatch_request
    self.raise_routing_exception(req)
  File "/Users/macbook/Downloads/PPE-DETECTION-SYSTEM/.venv/lib/python3.9/site-packages/flask/app.py", line 500, in raise_routing_exception
    raise request.routing_exception  # type: ignore[misc]
  File "/Users/macbook/Downloads/PPE-DETECTION-SYSTEM/.venv/lib/python3.9/site-packages/flask/ctx.py", line 362, in match_request
    result = self.url_adapter.match(return_rule=True)  # type: ignore
  File "/Users/macbook/Downloads/PPE-DETECTION-SYSTEM/.venv/lib/python3.9/site-packages/werkzeug/routing/map.py", line 629, in match
    raise NotFound() from None
werkzeug.exceptions.NotFound: 404 Not Found: The requested URL was not found on the server. If you entered the URL manually please check your spelling and try again.
2026-05-24 21:49:33 | INFO | ppe.detector | Thread-56 | Loaded YOLO model from /Users/macbook/Downloads/PPE-DETECTION-SYSTEM/best.pt with classes: {0: 'helmet', 1: 'gloves', 2: 'vest', 3: 'boots', 4: 'goggles', 5: 'none', 6: 'Person', 7: 'no_helmet', 8: 'no_goggle', 9: 'no_gloves', 10: 'no_boots'}
2026-05-24 21:49:33 | ERROR | ppe.app | Thread-56 | Unhandled error: 'builtin_function_or_method object' has no attribute 'items'
Traceback (most recent call last):
  File "/Users/macbook/Downloads/PPE-DETECTION-SYSTEM/.venv/lib/python3.9/site-packages/flask/app.py", line 917, in full_dispatch_request
    rv = self.dispatch_request()
  File "/Users/macbook/Downloads/PPE-DETECTION-SYSTEM/.venv/lib/python3.9/site-packages/flask/app.py", line 902, in dispatch_request
    return self.ensure_sync(self.view_functions[rule.endpoint])(**view_args)  # type: ignore[no-any-return]
  File "/Users/macbook/Downloads/PPE-DETECTION-SYSTEM/app.py", line 164, in image_page
    return render_template(
  File "/Users/macbook/Downloads/PPE-DETECTION-SYSTEM/.venv/lib/python3.9/site-packages/flask/templating.py", line 151, in render_template
    return _render(app, template, context)
  File "/Users/macbook/Downloads/PPE-DETECTION-SYSTEM/.venv/lib/python3.9/site-packages/flask/templating.py", line 132, in _render
    rv = template.render(context)
  File "/Users/macbook/Downloads/PPE-DETECTION-SYSTEM/.venv/lib/python3.9/site-packages/jinja2/environment.py", line 1295, in render
    self.environment.handle_exception()
  File "/Users/macbook/Downloads/PPE-DETECTION-SYSTEM/.venv/lib/python3.9/site-packages/jinja2/environment.py", line 942, in handle_exception
    raise rewrite_traceback_stack(source=source)
  File "/Users/macbook/Downloads/PPE-DETECTION-SYSTEM/templates/result.html", line 1, in top-level template code
    {% extends 'base.html' %}
  File "/Users/macbook/Downloads/PPE-DETECTION-SYSTEM/templates/base.html", line 59, in top-level template code
    {% block content %}{% endblock %}
  File "/Users/macbook/Downloads/PPE-DETECTION-SYSTEM/templates/result.html", line 269, in block 'content'
    {% for item, status in person.items.items() %}
  File "/Users/macbook/Downloads/PPE-DETECTION-SYSTEM/.venv/lib/python3.9/site-packages/jinja2/utils.py", line 92, in from_obj
    if hasattr(obj, "jinja_pass_arg"):
jinja2.exceptions.UndefinedError: 'builtin_function_or_method object' has no attribute 'items'
2026-05-24 21:49:33 | ERROR | ppe.app | Thread-66 | Unhandled error: 404 Not Found: The requested URL was not found on the server. If you entered the URL manually please check your spelling and try again.
Traceback (most recent call last):
  File "/Users/macbook/Downloads/PPE-DETECTION-SYSTEM/.venv/lib/python3.9/site-packages/flask/app.py", line 917, in full_dispatch_request
    rv = self.dispatch_request()
  File "/Users/macbook/Downloads/PPE-DETECTION-SYSTEM/.venv/lib/python3.9/site-packages/flask/app.py", line 891, in dispatch_request
    self.raise_routing_exception(req)
  File "/Users/macbook/Downloads/PPE-DETECTION-SYSTEM/.venv/lib/python3.9/site-packages/flask/app.py", line 500, in raise_routing_exception
    raise request.routing_exception  # type: ignore[misc]
  File "/Users/macbook/Downloads/PPE-DETECTION-SYSTEM/.venv/lib/python3.9/site-packages/flask/ctx.py", line 362, in match_request
    result = self.url_adapter.match(return_rule=True)  # type: ignore
  File "/Users/macbook/Downloads/PPE-DETECTION-SYSTEM/.venv/lib/python3.9/site-packages/werkzeug/routing/map.py", line 629, in match
    raise NotFound() from None
werkzeug.exceptions.NotFound: 404 Not Found: The requested URL was not found on the server. If you entered the URL manually please check your spelling and try again.
2026-05-24 21:53:18 | INFO | ppe.database | MainThread | Database initialized at /Users/macbook/Downloads/PPE-DETECTION-SYSTEM/ppe.db
2026-05-24 21:53:25 | ERROR | ppe.app | Thread-26 | Unhandled error: 404 Not Found: The requested URL was not found on the server. If you entered the URL manually please check your spelling and try again.
Traceback (most recent call last):
  File "/Users/macbook/Downloads/PPE-DETECTION-SYSTEM/.venv/lib/python3.9/site-packages/flask/app.py", line 917, in full_dispatch_request
    rv = self.dispatch_request()
  File "/Users/macbook/Downloads/PPE-DETECTION-SYSTEM/.venv/lib/python3.9/site-packages/flask/app.py", line 891, in dispatch_request
    self.raise_routing_exception(req)
  File "/Users/macbook/Downloads/PPE-DETECTION-SYSTEM/.venv/lib/python3.9/site-packages/flask/app.py", line 500, in raise_routing_exception
    raise request.routing_exception  # type: ignore[misc]
  File "/Users/macbook/Downloads/PPE-DETECTION-SYSTEM/.venv/lib/python3.9/site-packages/flask/ctx.py", line 362, in match_request
    result = self.url_adapter.match(return_rule=True)  # type: ignore
  File "/Users/macbook/Downloads/PPE-DETECTION-SYSTEM/.venv/lib/python3.9/site-packages/werkzeug/routing/map.py", line 629, in match
    raise NotFound() from None
werkzeug.exceptions.NotFound: 404 Not Found: The requested URL was not found on the server. If you entered the URL manually please check your spelling and try again.
2026-05-24 21:53:27 | ERROR | ppe.app | Thread-37 | Unhandled error: 404 Not Found: The requested URL was not found on the server. If you entered the URL manually please check your spelling and try again.
Traceback (most recent call last):
  File "/Users/macbook/Downloads/PPE-DETECTION-SYSTEM/.venv/lib/python3.9/site-packages/flask/app.py", line 917, in full_dispatch_request
    rv = self.dispatch_request()
  File "/Users/macbook/Downloads/PPE-DETECTION-SYSTEM/.venv/lib/python3.9/site-packages/flask/app.py", line 891, in dispatch_request
    self.raise_routing_exception(req)
  File "/Users/macbook/Downloads/PPE-DETECTION-SYSTEM/.venv/lib/python3.9/site-packages/flask/app.py", line 500, in raise_routing_exception
    raise request.routing_exception  # type: ignore[misc]
  File "/Users/macbook/Downloads/PPE-DETECTION-SYSTEM/.venv/lib/python3.9/site-packages/flask/ctx.py", line 362, in match_request
    result = self.url_adapter.match(return_rule=True)  # type: ignore
  File "/Users/macbook/Downloads/PPE-DETECTION-SYSTEM/.venv/lib/python3.9/site-packages/werkzeug/routing/map.py", line 629, in match
    raise NotFound() from None
werkzeug.exceptions.NotFound: 404 Not Found: The requested URL was not found on the server. If you entered the URL manually please check your spelling and try again.
2026-05-24 21:53:39 | INFO | ppe.detector | Thread-40 | Loaded YOLO model from /Users/macbook/Downloads/PPE-DETECTION-SYSTEM/best.pt with classes: {0: 'helmet', 1: 'gloves', 2: 'vest', 3: 'boots', 4: 'goggles', 5: 'none', 6: 'Person', 7: 'no_helmet', 8: 'no_goggle', 9: 'no_gloves', 10: 'no_boots'}
2026-05-24 21:53:39 | ERROR | ppe.app | Thread-53 | Unhandled error: 404 Not Found: The requested URL was not found on the server. If you entered the URL manually please check your spelling and try again.
Traceback (most recent call last):
  File "/Users/macbook/Downloads/PPE-DETECTION-SYSTEM/.venv/lib/python3.9/site-packages/flask/app.py", line 917, in full_dispatch_request
    rv = self.dispatch_request()
  File "/Users/macbook/Downloads/PPE-DETECTION-SYSTEM/.venv/lib/python3.9/site-packages/flask/app.py", line 891, in dispatch_request
    self.raise_routing_exception(req)
  File "/Users/macbook/Downloads/PPE-DETECTION-SYSTEM/.venv/lib/python3.9/site-packages/flask/app.py", line 500, in raise_routing_exception
    raise request.routing_exception  # type: ignore[misc]
  File "/Users/macbook/Downloads/PPE-DETECTION-SYSTEM/.venv/lib/python3.9/site-packages/flask/ctx.py", line 362, in match_request
    result = self.url_adapter.match(return_rule=True)  # type: ignore
  File "/Users/macbook/Downloads/PPE-DETECTION-SYSTEM/.venv/lib/python3.9/site-packages/werkzeug/routing/map.py", line 629, in match
    raise NotFound() from None
werkzeug.exceptions.NotFound: 404 Not Found: The requested URL was not found on the server. If you entered the URL manually please check your spelling and try again.
2026-05-24 21:54:54 | ERROR | ppe.app | Thread-66 | Unhandled error: 404 Not Found: The requested URL was not found on the server. If you entered the URL manually please check your spelling and try again.
Traceback (most recent call last):
  File "/Users/macbook/Downloads/PPE-DETECTION-SYSTEM/.venv/lib/python3.9/site-packages/flask/app.py", line 917, in full_dispatch_request
    rv = self.dispatch_request()
  File "/Users/macbook/Downloads/PPE-DETECTION-SYSTEM/.venv/lib/python3.9/site-packages/flask/app.py", line 891, in dispatch_request
    self.raise_routing_exception(req)
  File "/Users/macbook/Downloads/PPE-DETECTION-SYSTEM/.venv/lib/python3.9/site-packages/flask/app.py", line 500, in raise_routing_exception
    raise request.routing_exception  # type: ignore[misc]
  File "/Users/macbook/Downloads/PPE-DETECTION-SYSTEM/.venv/lib/python3.9/site-packages/flask/ctx.py", line 362, in match_request
    result = self.url_adapter.match(return_rule=True)  # type: ignore
  File "/Users/macbook/Downloads/PPE-DETECTION-SYSTEM/.venv/lib/python3.9/site-packages/werkzeug/routing/map.py", line 629, in match
    raise NotFound() from None
werkzeug.exceptions.NotFound: 404 Not Found: The requested URL was not found on the server. If you entered the URL manually please check your spelling and try again.
2026-05-24 21:54:59 | INFO | ppe.detector | Thread-69 | Loaded YOLO model from /Users/macbook/Downloads/PPE-DETECTION-SYSTEM/best.pt with classes: {0: 'helmet', 1: 'gloves', 2: 'vest', 3: 'boots', 4: 'goggles', 5: 'none', 6: 'Person', 7: 'no_helmet', 8: 'no_goggle', 9: 'no_gloves', 10: 'no_boots'}
2026-05-24 21:54:59 | ERROR | ppe.app | Thread-77 | Unhandled error: 404 Not Found: The requested URL was not found on the server. If you entered the URL manually please check your spelling and try again.
Traceback (most recent call last):
  File "/Users/macbook/Downloads/PPE-DETECTION-SYSTEM/.venv/lib/python3.9/site-packages/flask/app.py", line 917, in full_dispatch_request
    rv = self.dispatch_request()
  File "/Users/macbook/Downloads/PPE-DETECTION-SYSTEM/.venv/lib/python3.9/site-packages/flask/app.py", line 891, in dispatch_request
    self.raise_routing_exception(req)
  File "/Users/macbook/Downloads/PPE-DETECTION-SYSTEM/.venv/lib/python3.9/site-packages/flask/app.py", line 500, in raise_routing_exception
    raise request.routing_exception  # type: ignore[misc]
  File "/Users/macbook/Downloads/PPE-DETECTION-SYSTEM/.venv/lib/python3.9/site-packages/flask/ctx.py", line 362, in match_request
    result = self.url_adapter.match(return_rule=True)  # type: ignore
  File "/Users/macbook/Downloads/PPE-DETECTION-SYSTEM/.venv/lib/python3.9/site-packages/werkzeug/routing/map.py", line 629, in match
    raise NotFound() from None
werkzeug.exceptions.NotFound: 404 Not Found: The requested URL was not found on the server. If you entered the URL manually please check your spelling and try again.
2026-05-24 21:55:20 | ERROR | ppe.app | Thread-91 | Unhandled error: 404 Not Found: The requested URL was not found on the server. If you entered the URL manually please check your spelling and try again.
Traceback (most recent call last):
  File "/Users/macbook/Downloads/PPE-DETECTION-SYSTEM/.venv/lib/python3.9/site-packages/flask/app.py", line 917, in full_dispatch_request
    rv = self.dispatch_request()
  File "/Users/macbook/Downloads/PPE-DETECTION-SYSTEM/.venv/lib/python3.9/site-packages/flask/app.py", line 891, in dispatch_request
    self.raise_routing_exception(req)
  File "/Users/macbook/Downloads/PPE-DETECTION-SYSTEM/.venv/lib/python3.9/site-packages/flask/app.py", line 500, in raise_routing_exception
    raise request.routing_exception  # type: ignore[misc]
  File "/Users/macbook/Downloads/PPE-DETECTION-SYSTEM/.venv/lib/python3.9/site-packages/flask/ctx.py", line 362, in match_request
    result = self.url_adapter.match(return_rule=True)  # type: ignore
  File "/Users/macbook/Downloads/PPE-DETECTION-SYSTEM/.venv/lib/python3.9/site-packages/werkzeug/routing/map.py", line 629, in match
    raise NotFound() from None
werkzeug.exceptions.NotFound: 404 Not Found: The requested URL was not found on the server. If you entered the URL manually please check your spelling and try again.
2026-05-24 21:57:51 | INFO | ppe.database | MainThread | Database initialized at /Users/macbook/Downloads/PPE-DETECTION-SYSTEM/ppe.db
2026-05-24 21:57:58 | ERROR | ppe.app | Thread-26 | Unhandled error: 404 Not Found: The requested URL was not found on the server. If you entered the URL manually please check your spelling and try again.
Traceback (most recent call last):
  File "/Users/macbook/Downloads/PPE-DETECTION-SYSTEM/.venv/lib/python3.9/site-packages/flask/app.py", line 917, in full_dispatch_request
    rv = self.dispatch_request()
  File "/Users/macbook/Downloads/PPE-DETECTION-SYSTEM/.venv/lib/python3.9/site-packages/flask/app.py", line 891, in dispatch_request
    self.raise_routing_exception(req)
  File "/Users/macbook/Downloads/PPE-DETECTION-SYSTEM/.venv/lib/python3.9/site-packages/flask/app.py", line 500, in raise_routing_exception
    raise request.routing_exception  # type: ignore[misc]
  File "/Users/macbook/Downloads/PPE-DETECTION-SYSTEM/.venv/lib/python3.9/site-packages/flask/ctx.py", line 362, in match_request
    result = self.url_adapter.match(return_rule=True)  # type: ignore
  File "/Users/macbook/Downloads/PPE-DETECTION-SYSTEM/.venv/lib/python3.9/site-packages/werkzeug/routing/map.py", line 629, in match
    raise NotFound() from None
werkzeug.exceptions.NotFound: 404 Not Found: The requested URL was not found on the server. If you entered the URL manually please check your spelling and try again.
2026-05-24 21:57:59 | ERROR | ppe.app | Thread-37 | Unhandled error: 404 Not Found: The requested URL was not found on the server. If you entered the URL manually please check your spelling and try again.
Traceback (most recent call last):
  File "/Users/macbook/Downloads/PPE-DETECTION-SYSTEM/.venv/lib/python3.9/site-packages/flask/app.py", line 917, in full_dispatch_request
    rv = self.dispatch_request()
  File "/Users/macbook/Downloads/PPE-DETECTION-SYSTEM/.venv/lib/python3.9/site-packages/flask/app.py", line 891, in dispatch_request
    self.raise_routing_exception(req)
  File "/Users/macbook/Downloads/PPE-DETECTION-SYSTEM/.venv/lib/python3.9/site-packages/flask/app.py", line 500, in raise_routing_exception
    raise request.routing_exception  # type: ignore[misc]
  File "/Users/macbook/Downloads/PPE-DETECTION-SYSTEM/.venv/lib/python3.9/site-packages/flask/ctx.py", line 362, in match_request
    result = self.url_adapter.match(return_rule=True)  # type: ignore
  File "/Users/macbook/Downloads/PPE-DETECTION-SYSTEM/.venv/lib/python3.9/site-packages/werkzeug/routing/map.py", line 629, in match
    raise NotFound() from None
werkzeug.exceptions.NotFound: 404 Not Found: The requested URL was not found on the server. If you entered the URL manually please check your spelling and try again.
2026-05-24 21:58:07 | INFO | ppe.detector | Thread-40 | Loaded YOLO model from /Users/macbook/Downloads/PPE-DETECTION-SYSTEM/best.pt with classes: {0: 'helmet', 1: 'gloves', 2: 'vest', 3: 'boots', 4: 'goggles', 5: 'none', 6: 'Person', 7: 'no_helmet', 8: 'no_goggle', 9: 'no_gloves', 10: 'no_boots'}
2026-05-24 21:58:08 | ERROR | ppe.app | Thread-52 | Unhandled error: 404 Not Found: The requested URL was not found on the server. If you entered the URL manually please check your spelling and try again.
Traceback (most recent call last):
  File "/Users/macbook/Downloads/PPE-DETECTION-SYSTEM/.venv/lib/python3.9/site-packages/flask/app.py", line 917, in full_dispatch_request
    rv = self.dispatch_request()
  File "/Users/macbook/Downloads/PPE-DETECTION-SYSTEM/.venv/lib/python3.9/site-packages/flask/app.py", line 891, in dispatch_request
    self.raise_routing_exception(req)
  File "/Users/macbook/Downloads/PPE-DETECTION-SYSTEM/.venv/lib/python3.9/site-packages/flask/app.py", line 500, in raise_routing_exception
    raise request.routing_exception  # type: ignore[misc]
  File "/Users/macbook/Downloads/PPE-DETECTION-SYSTEM/.venv/lib/python3.9/site-packages/flask/ctx.py", line 362, in match_request
    result = self.url_adapter.match(return_rule=True)  # type: ignore
  File "/Users/macbook/Downloads/PPE-DETECTION-SYSTEM/.venv/lib/python3.9/site-packages/werkzeug/routing/map.py", line 629, in match
    raise NotFound() from None
werkzeug.exceptions.NotFound: 404 Not Found: The requested URL was not found on the server. If you entered the URL manually please check your spelling and try again.
2026-05-24 21:58:15 | ERROR | ppe.app | Thread-62 | Unhandled error: 404 Not Found: The requested URL was not found on the server. If you entered the URL manually please check your spelling and try again.
Traceback (most recent call last):
  File "/Users/macbook/Downloads/PPE-DETECTION-SYSTEM/.venv/lib/python3.9/site-packages/flask/app.py", line 917, in full_dispatch_request
    rv = self.dispatch_request()
  File "/Users/macbook/Downloads/PPE-DETECTION-SYSTEM/.venv/lib/python3.9/site-packages/flask/app.py", line 891, in dispatch_request
    self.raise_routing_exception(req)
  File "/Users/macbook/Downloads/PPE-DETECTION-SYSTEM/.venv/lib/python3.9/site-packages/flask/app.py", line 500, in raise_routing_exception
    raise request.routing_exception  # type: ignore[misc]
  File "/Users/macbook/Downloads/PPE-DETECTION-SYSTEM/.venv/lib/python3.9/site-packages/flask/ctx.py", line 362, in match_request
    result = self.url_adapter.match(return_rule=True)  # type: ignore
  File "/Users/macbook/Downloads/PPE-DETECTION-SYSTEM/.venv/lib/python3.9/site-packages/werkzeug/routing/map.py", line 629, in match
    raise NotFound() from None
werkzeug.exceptions.NotFound: 404 Not Found: The requested URL was not found on the server. If you entered the URL manually please check your spelling and try again.
2026-05-24 21:58:19 | INFO | ppe.detector | Thread-65 | Loaded YOLO model from /Users/macbook/Downloads/PPE-DETECTION-SYSTEM/best.pt with classes: {0: 'helmet', 1: 'gloves', 2: 'vest', 3: 'boots', 4: 'goggles', 5: 'none', 6: 'Person', 7: 'no_helmet', 8: 'no_goggle', 9: 'no_gloves', 10: 'no_boots'}
2026-05-24 21:58:19 | ERROR | ppe.app | Thread-76 | Unhandled error: 404 Not Found: The requested URL was not found on the server. If you entered the URL manually please check your spelling and try again.
Traceback (most recent call last):
  File "/Users/macbook/Downloads/PPE-DETECTION-SYSTEM/.venv/lib/python3.9/site-packages/flask/app.py", line 917, in full_dispatch_request
    rv = self.dispatch_request()
  File "/Users/macbook/Downloads/PPE-DETECTION-SYSTEM/.venv/lib/python3.9/site-packages/flask/app.py", line 891, in dispatch_request
    self.raise_routing_exception(req)
  File "/Users/macbook/Downloads/PPE-DETECTION-SYSTEM/.venv/lib/python3.9/site-packages/flask/app.py", line 500, in raise_routing_exception
    raise request.routing_exception  # type: ignore[misc]
  File "/Users/macbook/Downloads/PPE-DETECTION-SYSTEM/.venv/lib/python3.9/site-packages/flask/ctx.py", line 362, in match_request
    result = self.url_adapter.match(return_rule=True)  # type: ignore
  File "/Users/macbook/Downloads/PPE-DETECTION-SYSTEM/.venv/lib/python3.9/site-packages/werkzeug/routing/map.py", line 629, in match
    raise NotFound() from None
werkzeug.exceptions.NotFound: 404 Not Found: The requested URL was not found on the server. If you entered the URL manually please check your spelling and try again.
2026-05-24 21:58:31 | ERROR | ppe.app | Thread-82 | Unhandled error: 404 Not Found: The requested URL was not found on the server. If you entered the URL manually please check your spelling and try again.
Traceback (most recent call last):
  File "/Users/macbook/Downloads/PPE-DETECTION-SYSTEM/.venv/lib/python3.9/site-packages/flask/app.py", line 917, in full_dispatch_request
    rv = self.dispatch_request()
  File "/Users/macbook/Downloads/PPE-DETECTION-SYSTEM/.venv/lib/python3.9/site-packages/flask/app.py", line 891, in dispatch_request
    self.raise_routing_exception(req)
  File "/Users/macbook/Downloads/PPE-DETECTION-SYSTEM/.venv/lib/python3.9/site-packages/flask/app.py", line 500, in raise_routing_exception
    raise request.routing_exception  # type: ignore[misc]
  File "/Users/macbook/Downloads/PPE-DETECTION-SYSTEM/.venv/lib/python3.9/site-packages/flask/ctx.py", line 362, in match_request
    result = self.url_adapter.match(return_rule=True)  # type: ignore
  File "/Users/macbook/Downloads/PPE-DETECTION-SYSTEM/.venv/lib/python3.9/site-packages/werkzeug/routing/map.py", line 629, in match
    raise NotFound() from None
werkzeug.exceptions.NotFound: 404 Not Found: The requested URL was not found on the server. If you entered the URL manually please check your spelling and try again.
2026-05-24 21:59:13 | ERROR | ppe.app | Thread-99 | Unhandled error: 404 Not Found: The requested URL was not found on the server. If you entered the URL manually please check your spelling and try again.
Traceback (most recent call last):
  File "/Users/macbook/Downloads/PPE-DETECTION-SYSTEM/.venv/lib/python3.9/site-packages/flask/app.py", line 917, in full_dispatch_request
    rv = self.dispatch_request()
  File "/Users/macbook/Downloads/PPE-DETECTION-SYSTEM/.venv/lib/python3.9/site-packages/flask/app.py", line 891, in dispatch_request
    self.raise_routing_exception(req)
  File "/Users/macbook/Downloads/PPE-DETECTION-SYSTEM/.venv/lib/python3.9/site-packages/flask/app.py", line 500, in raise_routing_exception
    raise request.routing_exception  # type: ignore[misc]
  File "/Users/macbook/Downloads/PPE-DETECTION-SYSTEM/.venv/lib/python3.9/site-packages/flask/ctx.py", line 362, in match_request
    result = self.url_adapter.match(return_rule=True)  # type: ignore
  File "/Users/macbook/Downloads/PPE-DETECTION-SYSTEM/.venv/lib/python3.9/site-packages/werkzeug/routing/map.py", line 629, in match
    raise NotFound() from None
werkzeug.exceptions.NotFound: 404 Not Found: The requested URL was not found on the server. If you entered the URL manually please check your spelling and try again.
2026-05-24 21:59:15 | ERROR | ppe.app | Thread-109 | Unhandled error: 404 Not Found: The requested URL was not found on the server. If you entered the URL manually please check your spelling and try again.
Traceback (most recent call last):
  File "/Users/macbook/Downloads/PPE-DETECTION-SYSTEM/.venv/lib/python3.9/site-packages/flask/app.py", line 917, in full_dispatch_request
    rv = self.dispatch_request()
  File "/Users/macbook/Downloads/PPE-DETECTION-SYSTEM/.venv/lib/python3.9/site-packages/flask/app.py", line 891, in dispatch_request
    self.raise_routing_exception(req)
  File "/Users/macbook/Downloads/PPE-DETECTION-SYSTEM/.venv/lib/python3.9/site-packages/flask/app.py", line 500, in raise_routing_exception
    raise request.routing_exception  # type: ignore[misc]
  File "/Users/macbook/Downloads/PPE-DETECTION-SYSTEM/.venv/lib/python3.9/site-packages/flask/ctx.py", line 362, in match_request
    result = self.url_adapter.match(return_rule=True)  # type: ignore
  File "/Users/macbook/Downloads/PPE-DETECTION-SYSTEM/.venv/lib/python3.9/site-packages/werkzeug/routing/map.py", line 629, in match
    raise NotFound() from None
werkzeug.exceptions.NotFound: 404 Not Found: The requested URL was not found on the server. If you entered the URL manually please check your spelling and try again.
2026-05-24 21:59:20 | INFO | ppe.detector | Thread-112 | Loaded YOLO model from /Users/macbook/Downloads/PPE-DETECTION-SYSTEM/best.pt with classes: {0: 'helmet', 1: 'gloves', 2: 'vest', 3: 'boots', 4: 'goggles', 5: 'none', 6: 'Person', 7: 'no_helmet', 8: 'no_goggle', 9: 'no_gloves', 10: 'no_boots'}
2026-05-24 21:59:20 | ERROR | ppe.app | Thread-124 | Unhandled error: 404 Not Found: The requested URL was not found on the server. If you entered the URL manually please check your spelling and try again.
Traceback (most recent call last):
  File "/Users/macbook/Downloads/PPE-DETECTION-SYSTEM/.venv/lib/python3.9/site-packages/flask/app.py", line 917, in full_dispatch_request
    rv = self.dispatch_request()
  File "/Users/macbook/Downloads/PPE-DETECTION-SYSTEM/.venv/lib/python3.9/site-packages/flask/app.py", line 891, in dispatch_request
    self.raise_routing_exception(req)
  File "/Users/macbook/Downloads/PPE-DETECTION-SYSTEM/.venv/lib/python3.9/site-packages/flask/app.py", line 500, in raise_routing_exception
    raise request.routing_exception  # type: ignore[misc]
  File "/Users/macbook/Downloads/PPE-DETECTION-SYSTEM/.venv/lib/python3.9/site-packages/flask/ctx.py", line 362, in match_request
    result = self.url_adapter.match(return_rule=True)  # type: ignore
  File "/Users/macbook/Downloads/PPE-DETECTION-SYSTEM/.venv/lib/python3.9/site-packages/werkzeug/routing/map.py", line 629, in match
    raise NotFound() from None
werkzeug.exceptions.NotFound: 404 Not Found: The requested URL was not found on the server. If you entered the URL manually please check your spelling and try again.
2026-05-24 21:59:30 | ERROR | ppe.app | Thread-139 | Unhandled error: 404 Not Found: The requested URL was not found on the server. If you entered the URL manually please check your spelling and try again.
Traceback (most recent call last):
  File "/Users/macbook/Downloads/PPE-DETECTION-SYSTEM/.venv/lib/python3.9/site-packages/flask/app.py", line 917, in full_dispatch_request
    rv = self.dispatch_request()
  File "/Users/macbook/Downloads/PPE-DETECTION-SYSTEM/.venv/lib/python3.9/site-packages/flask/app.py", line 891, in dispatch_request
    self.raise_routing_exception(req)
  File "/Users/macbook/Downloads/PPE-DETECTION-SYSTEM/.venv/lib/python3.9/site-packages/flask/app.py", line 500, in raise_routing_exception
    raise request.routing_exception  # type: ignore[misc]
  File "/Users/macbook/Downloads/PPE-DETECTION-SYSTEM/.venv/lib/python3.9/site-packages/flask/ctx.py", line 362, in match_request
    result = self.url_adapter.match(return_rule=True)  # type: ignore
  File "/Users/macbook/Downloads/PPE-DETECTION-SYSTEM/.venv/lib/python3.9/site-packages/werkzeug/routing/map.py", line 629, in match
    raise NotFound() from None
werkzeug.exceptions.NotFound: 404 Not Found: The requested URL was not found on the server. If you entered the URL manually please check your spelling and try again.
2026-05-24 21:59:33 | INFO | ppe.detector | Thread-140 | Loaded YOLO model from /Users/macbook/Downloads/PPE-DETECTION-SYSTEM/best.pt with classes: {0: 'helmet', 1: 'gloves', 2: 'vest', 3: 'boots', 4: 'goggles', 5: 'none', 6: 'Person', 7: 'no_helmet', 8: 'no_goggle', 9: 'no_gloves', 10: 'no_boots'}
2026-05-24 22:00:13 | ERROR | ppe.app | Thread-152 | Unhandled error: 404 Not Found: The requested URL was not found on the server. If you entered the URL manually please check your spelling and try again.
Traceback (most recent call last):
  File "/Users/macbook/Downloads/PPE-DETECTION-SYSTEM/.venv/lib/python3.9/site-packages/flask/app.py", line 917, in full_dispatch_request
    rv = self.dispatch_request()
  File "/Users/macbook/Downloads/PPE-DETECTION-SYSTEM/.venv/lib/python3.9/site-packages/flask/app.py", line 891, in dispatch_request
    self.raise_routing_exception(req)
  File "/Users/macbook/Downloads/PPE-DETECTION-SYSTEM/.venv/lib/python3.9/site-packages/flask/app.py", line 500, in raise_routing_exception
    raise request.routing_exception  # type: ignore[misc]
  File "/Users/macbook/Downloads/PPE-DETECTION-SYSTEM/.venv/lib/python3.9/site-packages/flask/ctx.py", line 362, in match_request
    result = self.url_adapter.match(return_rule=True)  # type: ignore
  File "/Users/macbook/Downloads/PPE-DETECTION-SYSTEM/.venv/lib/python3.9/site-packages/werkzeug/routing/map.py", line 629, in match
    raise NotFound() from None
werkzeug.exceptions.NotFound: 404 Not Found: The requested URL was not found on the server. If you entered the URL manually please check your spelling and try again.
2026-05-24 22:00:14 | ERROR | ppe.app | Thread-164 | Unhandled error: 404 Not Found: The requested URL was not found on the server. If you entered the URL manually please check your spelling and try again.
Traceback (most recent call last):
  File "/Users/macbook/Downloads/PPE-DETECTION-SYSTEM/.venv/lib/python3.9/site-packages/flask/app.py", line 917, in full_dispatch_request
    rv = self.dispatch_request()
  File "/Users/macbook/Downloads/PPE-DETECTION-SYSTEM/.venv/lib/python3.9/site-packages/flask/app.py", line 891, in dispatch_request
    self.raise_routing_exception(req)
  File "/Users/macbook/Downloads/PPE-DETECTION-SYSTEM/.venv/lib/python3.9/site-packages/flask/app.py", line 500, in raise_routing_exception
    raise request.routing_exception  # type: ignore[misc]
  File "/Users/macbook/Downloads/PPE-DETECTION-SYSTEM/.venv/lib/python3.9/site-packages/flask/ctx.py", line 362, in match_request
    result = self.url_adapter.match(return_rule=True)  # type: ignore
  File "/Users/macbook/Downloads/PPE-DETECTION-SYSTEM/.venv/lib/python3.9/site-packages/werkzeug/routing/map.py", line 629, in match
    raise NotFound() from None
werkzeug.exceptions.NotFound: 404 Not Found: The requested URL was not found on the server. If you entered the URL manually please check your spelling and try again.
2026-05-24 22:00:16 | ERROR | ppe.app | Thread-176 | Unhandled error: 404 Not Found: The requested URL was not found on the server. If you entered the URL manually please check your spelling and try again.
Traceback (most recent call last):
  File "/Users/macbook/Downloads/PPE-DETECTION-SYSTEM/.venv/lib/python3.9/site-packages/flask/app.py", line 917, in full_dispatch_request
    rv = self.dispatch_request()
  File "/Users/macbook/Downloads/PPE-DETECTION-SYSTEM/.venv/lib/python3.9/site-packages/flask/app.py", line 891, in dispatch_request
    self.raise_routing_exception(req)
  File "/Users/macbook/Downloads/PPE-DETECTION-SYSTEM/.venv/lib/python3.9/site-packages/flask/app.py", line 500, in raise_routing_exception
    raise request.routing_exception  # type: ignore[misc]
  File "/Users/macbook/Downloads/PPE-DETECTION-SYSTEM/.venv/lib/python3.9/site-packages/flask/ctx.py", line 362, in match_request
    result = self.url_adapter.match(return_rule=True)  # type: ignore
  File "/Users/macbook/Downloads/PPE-DETECTION-SYSTEM/.venv/lib/python3.9/site-packages/werkzeug/routing/map.py", line 629, in match
    raise NotFound() from None
werkzeug.exceptions.NotFound: 404 Not Found: The requested URL was not found on the server. If you entered the URL manually please check your spelling and try again.
2026-05-24 22:02:20 | ERROR | ppe.app | Thread-194 | Unhandled error: 404 Not Found: The requested URL was not found on the server. If you entered the URL manually please check your spelling and try again.
Traceback (most recent call last):
  File "/Users/macbook/Downloads/PPE-DETECTION-SYSTEM/.venv/lib/python3.9/site-packages/flask/app.py", line 917, in full_dispatch_request
    rv = self.dispatch_request()
  File "/Users/macbook/Downloads/PPE-DETECTION-SYSTEM/.venv/lib/python3.9/site-packages/flask/app.py", line 891, in dispatch_request
    self.raise_routing_exception(req)
  File "/Users/macbook/Downloads/PPE-DETECTION-SYSTEM/.venv/lib/python3.9/site-packages/flask/app.py", line 500, in raise_routing_exception
    raise request.routing_exception  # type: ignore[misc]
  File "/Users/macbook/Downloads/PPE-DETECTION-SYSTEM/.venv/lib/python3.9/site-packages/flask/ctx.py", line 362, in match_request
    result = self.url_adapter.match(return_rule=True)  # type: ignore
  File "/Users/macbook/Downloads/PPE-DETECTION-SYSTEM/.venv/lib/python3.9/site-packages/werkzeug/routing/map.py", line 629, in match
    raise NotFound() from None
werkzeug.exceptions.NotFound: 404 Not Found: The requested URL was not found on the server. If you entered the URL manually please check your spelling and try again.
2026-05-24 22:02:23 | ERROR | ppe.app | Thread-207 | Unhandled error: 404 Not Found: The requested URL was not found on the server. If you entered the URL manually please check your spelling and try again.
Traceback (most recent call last):
  File "/Users/macbook/Downloads/PPE-DETECTION-SYSTEM/.venv/lib/python3.9/site-packages/flask/app.py", line 917, in full_dispatch_request
    rv = self.dispatch_request()
  File "/Users/macbook/Downloads/PPE-DETECTION-SYSTEM/.venv/lib/python3.9/site-packages/flask/app.py", line 891, in dispatch_request
    self.raise_routing_exception(req)
  File "/Users/macbook/Downloads/PPE-DETECTION-SYSTEM/.venv/lib/python3.9/site-packages/flask/app.py", line 500, in raise_routing_exception
    raise request.routing_exception  # type: ignore[misc]
  File "/Users/macbook/Downloads/PPE-DETECTION-SYSTEM/.venv/lib/python3.9/site-packages/flask/ctx.py", line 362, in match_request
    result = self.url_adapter.match(return_rule=True)  # type: ignore
  File "/Users/macbook/Downloads/PPE-DETECTION-SYSTEM/.venv/lib/python3.9/site-packages/werkzeug/routing/map.py", line 629, in match
    raise NotFound() from None
werkzeug.exceptions.NotFound: 404 Not Found: The requested URL was not found on the server. If you entered the URL manually please check your spelling and try again.
2026-05-24 22:02:25 | ERROR | ppe.app | Thread-223 | Unhandled error: 404 Not Found: The requested URL was not found on the server. If you entered the URL manually please check your spelling and try again.
Traceback (most recent call last):
  File "/Users/macbook/Downloads/PPE-DETECTION-SYSTEM/.venv/lib/python3.9/site-packages/flask/app.py", line 917, in full_dispatch_request
    rv = self.dispatch_request()
  File "/Users/macbook/Downloads/PPE-DETECTION-SYSTEM/.venv/lib/python3.9/site-packages/flask/app.py", line 891, in dispatch_request
    self.raise_routing_exception(req)
  File "/Users/macbook/Downloads/PPE-DETECTION-SYSTEM/.venv/lib/python3.9/site-packages/flask/app.py", line 500, in raise_routing_exception
    raise request.routing_exception  # type: ignore[misc]
  File "/Users/macbook/Downloads/PPE-DETECTION-SYSTEM/.venv/lib/python3.9/site-packages/flask/ctx.py", line 362, in match_request
    result = self.url_adapter.match(return_rule=True)  # type: ignore
  File "/Users/macbook/Downloads/PPE-DETECTION-SYSTEM/.venv/lib/python3.9/site-packages/werkzeug/routing/map.py", line 629, in match
    raise NotFound() from None
werkzeug.exceptions.NotFound: 404 Not Found: The requested URL was not found on the server. If you entered the URL manually please check your spelling and try again.
2026-05-24 22:02:28 | INFO | ppe.detector | Thread-224 | Loaded YOLO model from /Users/macbook/Downloads/PPE-DETECTION-SYSTEM/best.pt with classes: {0: 'helmet', 1: 'gloves', 2: 'vest', 3: 'boots', 4: 'goggles', 5: 'none', 6: 'Person', 7: 'no_helmet', 8: 'no_goggle', 9: 'no_gloves', 10: 'no_boots'}
2026-05-24 22:02:53 | ERROR | ppe.app | Thread-236 | Unhandled error: 404 Not Found: The requested URL was not found on the server. If you entered the URL manually please check your spelling and try again.
Traceback (most recent call last):
  File "/Users/macbook/Downloads/PPE-DETECTION-SYSTEM/.venv/lib/python3.9/site-packages/flask/app.py", line 917, in full_dispatch_request
    rv = self.dispatch_request()
  File "/Users/macbook/Downloads/PPE-DETECTION-SYSTEM/.venv/lib/python3.9/site-packages/flask/app.py", line 891, in dispatch_request
    self.raise_routing_exception(req)
  File "/Users/macbook/Downloads/PPE-DETECTION-SYSTEM/.venv/lib/python3.9/site-packages/flask/app.py", line 500, in raise_routing_exception
    raise request.routing_exception  # type: ignore[misc]
  File "/Users/macbook/Downloads/PPE-DETECTION-SYSTEM/.venv/lib/python3.9/site-packages/flask/ctx.py", line 362, in match_request
    result = self.url_adapter.match(return_rule=True)  # type: ignore
  File "/Users/macbook/Downloads/PPE-DETECTION-SYSTEM/.venv/lib/python3.9/site-packages/werkzeug/routing/map.py", line 629, in match
    raise NotFound() from None
werkzeug.exceptions.NotFound: 404 Not Found: The requested URL was not found on the server. If you entered the URL manually please check your spelling and try again.
2026-05-24 22:03:12 | ERROR | ppe.app | Thread-249 | Unhandled error: 404 Not Found: The requested URL was not found on the server. If you entered the URL manually please check your spelling and try again.
Traceback (most recent call last):
  File "/Users/macbook/Downloads/PPE-DETECTION-SYSTEM/.venv/lib/python3.9/site-packages/flask/app.py", line 917, in full_dispatch_request
    rv = self.dispatch_request()
  File "/Users/macbook/Downloads/PPE-DETECTION-SYSTEM/.venv/lib/python3.9/site-packages/flask/app.py", line 891, in dispatch_request
    self.raise_routing_exception(req)
  File "/Users/macbook/Downloads/PPE-DETECTION-SYSTEM/.venv/lib/python3.9/site-packages/flask/app.py", line 500, in raise_routing_exception
    raise request.routing_exception  # type: ignore[misc]
  File "/Users/macbook/Downloads/PPE-DETECTION-SYSTEM/.venv/lib/python3.9/site-packages/flask/ctx.py", line 362, in match_request
    result = self.url_adapter.match(return_rule=True)  # type: ignore
  File "/Users/macbook/Downloads/PPE-DETECTION-SYSTEM/.venv/lib/python3.9/site-packages/werkzeug/routing/map.py", line 629, in match
    raise NotFound() from None
werkzeug.exceptions.NotFound: 404 Not Found: The requested URL was not found on the server. If you entered the URL manually please check your spelling and try again.
2026-05-24 22:03:18 | ERROR | ppe.app | Thread-264 | Unhandled error: 404 Not Found: The requested URL was not found on the server. If you entered the URL manually please check your spelling and try again.
Traceback (most recent call last):
  File "/Users/macbook/Downloads/PPE-DETECTION-SYSTEM/.venv/lib/python3.9/site-packages/flask/app.py", line 917, in full_dispatch_request
    rv = self.dispatch_request()
  File "/Users/macbook/Downloads/PPE-DETECTION-SYSTEM/.venv/lib/python3.9/site-packages/flask/app.py", line 891, in dispatch_request
    self.raise_routing_exception(req)
  File "/Users/macbook/Downloads/PPE-DETECTION-SYSTEM/.venv/lib/python3.9/site-packages/flask/app.py", line 500, in raise_routing_exception
    raise request.routing_exception  # type: ignore[misc]
  File "/Users/macbook/Downloads/PPE-DETECTION-SYSTEM/.venv/lib/python3.9/site-packages/flask/ctx.py", line 362, in match_request
    result = self.url_adapter.match(return_rule=True)  # type: ignore
  File "/Users/macbook/Downloads/PPE-DETECTION-SYSTEM/.venv/lib/python3.9/site-packages/werkzeug/routing/map.py", line 629, in match
    raise NotFound() from None
werkzeug.exceptions.NotFound: 404 Not Found: The requested URL was not found on the server. If you entered the URL manually please check your spelling and try again.
2026-05-24 22:03:18 | ERROR | ppe.app | Thread-278 | Unhandled error: 404 Not Found: The requested URL was not found on the server. If you entered the URL manually please check your spelling and try again.
Traceback (most recent call last):
  File "/Users/macbook/Downloads/PPE-DETECTION-SYSTEM/.venv/lib/python3.9/site-packages/flask/app.py", line 917, in full_dispatch_request
    rv = self.dispatch_request()
  File "/Users/macbook/Downloads/PPE-DETECTION-SYSTEM/.venv/lib/python3.9/site-packages/flask/app.py", line 891, in dispatch_request
    self.raise_routing_exception(req)
  File "/Users/macbook/Downloads/PPE-DETECTION-SYSTEM/.venv/lib/python3.9/site-packages/flask/app.py", line 500, in raise_routing_exception
    raise request.routing_exception  # type: ignore[misc]
  File "/Users/macbook/Downloads/PPE-DETECTION-SYSTEM/.venv/lib/python3.9/site-packages/flask/ctx.py", line 362, in match_request
    result = self.url_adapter.match(return_rule=True)  # type: ignore
  File "/Users/macbook/Downloads/PPE-DETECTION-SYSTEM/.venv/lib/python3.9/site-packages/werkzeug/routing/map.py", line 629, in match
    raise NotFound() from None
werkzeug.exceptions.NotFound: 404 Not Found: The requested URL was not found on the server. If you entered the URL manually please check your spelling and try again.
2026-05-24 22:03:24 | INFO | ppe.detector | Thread-279 | Loaded YOLO model from /Users/macbook/Downloads/PPE-DETECTION-SYSTEM/best.pt with classes: {0: 'helmet', 1: 'gloves', 2: 'vest', 3: 'boots', 4: 'goggles', 5: 'none', 6: 'Person', 7: 'no_helmet', 8: 'no_goggle', 9: 'no_gloves', 10: 'no_boots'}
2026-05-24 22:04:48 | ERROR | ppe.app | Thread-294 | Unhandled error: 404 Not Found: The requested URL was not found on the server. If you entered the URL manually please check your spelling and try again.
Traceback (most recent call last):
  File "/Users/macbook/Downloads/PPE-DETECTION-SYSTEM/.venv/lib/python3.9/site-packages/flask/app.py", line 917, in full_dispatch_request
    rv = self.dispatch_request()
  File "/Users/macbook/Downloads/PPE-DETECTION-SYSTEM/.venv/lib/python3.9/site-packages/flask/app.py", line 891, in dispatch_request
    self.raise_routing_exception(req)
  File "/Users/macbook/Downloads/PPE-DETECTION-SYSTEM/.venv/lib/python3.9/site-packages/flask/app.py", line 500, in raise_routing_exception
    raise request.routing_exception  # type: ignore[misc]
  File "/Users/macbook/Downloads/PPE-DETECTION-SYSTEM/.venv/lib/python3.9/site-packages/flask/ctx.py", line 362, in match_request
    result = self.url_adapter.match(return_rule=True)  # type: ignore
  File "/Users/macbook/Downloads/PPE-DETECTION-SYSTEM/.venv/lib/python3.9/site-packages/werkzeug/routing/map.py", line 629, in match
    raise NotFound() from None
werkzeug.exceptions.NotFound: 404 Not Found: The requested URL was not found on the server. If you entered the URL manually please check your spelling and try again.
2026-05-24 22:04:56 | ERROR | ppe.app | Thread-307 | Unhandled error: 404 Not Found: The requested URL was not found on the server. If you entered the URL manually please check your spelling and try again.
Traceback (most recent call last):
  File "/Users/macbook/Downloads/PPE-DETECTION-SYSTEM/.venv/lib/python3.9/site-packages/flask/app.py", line 917, in full_dispatch_request
    rv = self.dispatch_request()
  File "/Users/macbook/Downloads/PPE-DETECTION-SYSTEM/.venv/lib/python3.9/site-packages/flask/app.py", line 891, in dispatch_request
    self.raise_routing_exception(req)
  File "/Users/macbook/Downloads/PPE-DETECTION-SYSTEM/.venv/lib/python3.9/site-packages/flask/app.py", line 500, in raise_routing_exception
    raise request.routing_exception  # type: ignore[misc]
  File "/Users/macbook/Downloads/PPE-DETECTION-SYSTEM/.venv/lib/python3.9/site-packages/flask/ctx.py", line 362, in match_request
    result = self.url_adapter.match(return_rule=True)  # type: ignore
  File "/Users/macbook/Downloads/PPE-DETECTION-SYSTEM/.venv/lib/python3.9/site-packages/werkzeug/routing/map.py", line 629, in match
    raise NotFound() from None
werkzeug.exceptions.NotFound: 404 Not Found: The requested URL was not found on the server. If you entered the URL manually please check your spelling and try again.
2026-05-24 22:04:59 | INFO | ppe.detector | Thread-310 | Loaded YOLO model from /Users/macbook/Downloads/PPE-DETECTION-SYSTEM/best.pt with classes: {0: 'helmet', 1: 'gloves', 2: 'vest', 3: 'boots', 4: 'goggles', 5: 'none', 6: 'Person', 7: 'no_helmet', 8: 'no_goggle', 9: 'no_gloves', 10: 'no_boots'}
2026-05-24 22:05:08 | ERROR | ppe.app | Thread-324 | Unhandled error: 404 Not Found: The requested URL was not found on the server. If you entered the URL manually please check your spelling and try again.
Traceback (most recent call last):
  File "/Users/macbook/Downloads/PPE-DETECTION-SYSTEM/.venv/lib/python3.9/site-packages/flask/app.py", line 917, in full_dispatch_request
    rv = self.dispatch_request()
  File "/Users/macbook/Downloads/PPE-DETECTION-SYSTEM/.venv/lib/python3.9/site-packages/flask/app.py", line 891, in dispatch_request
    self.raise_routing_exception(req)
  File "/Users/macbook/Downloads/PPE-DETECTION-SYSTEM/.venv/lib/python3.9/site-packages/flask/app.py", line 500, in raise_routing_exception
    raise request.routing_exception  # type: ignore[misc]
  File "/Users/macbook/Downloads/PPE-DETECTION-SYSTEM/.venv/lib/python3.9/site-packages/flask/ctx.py", line 362, in match_request
    result = self.url_adapter.match(return_rule=True)  # type: ignore
  File "/Users/macbook/Downloads/PPE-DETECTION-SYSTEM/.venv/lib/python3.9/site-packages/werkzeug/routing/map.py", line 629, in match
    raise NotFound() from None
werkzeug.exceptions.NotFound: 404 Not Found: The requested URL was not found on the server. If you entered the URL manually please check your spelling and try again.
2026-05-24 22:05:11 | ERROR | ppe.app | Thread-339 | Unhandled error: 404 Not Found: The requested URL was not found on the server. If you entered the URL manually please check your spelling and try again.
Traceback (most recent call last):
  File "/Users/macbook/Downloads/PPE-DETECTION-SYSTEM/.venv/lib/python3.9/site-packages/flask/app.py", line 917, in full_dispatch_request
    rv = self.dispatch_request()
  File "/Users/macbook/Downloads/PPE-DETECTION-SYSTEM/.venv/lib/python3.9/site-packages/flask/app.py", line 891, in dispatch_request
    self.raise_routing_exception(req)
  File "/Users/macbook/Downloads/PPE-DETECTION-SYSTEM/.venv/lib/python3.9/site-packages/flask/app.py", line 500, in raise_routing_exception
    raise request.routing_exception  # type: ignore[misc]
  File "/Users/macbook/Downloads/PPE-DETECTION-SYSTEM/.venv/lib/python3.9/site-packages/flask/ctx.py", line 362, in match_request
    result = self.url_adapter.match(return_rule=True)  # type: ignore
  File "/Users/macbook/Downloads/PPE-DETECTION-SYSTEM/.venv/lib/python3.9/site-packages/werkzeug/routing/map.py", line 629, in match
    raise NotFound() from None
werkzeug.exceptions.NotFound: 404 Not Found: The requested URL was not found on the server. If you entered the URL manually please check your spelling and try again.
2026-05-24 22:05:30 | INFO | ppe.event_manager | process-rtsp_02c76089 | Created event evt_1498efdfcb464a5f for ('rtsp_02c76089', '11', 'missing_helmet')
2026-05-24 22:05:30 | INFO | ppe.event_manager | process-rtsp_02c76089 | Created event evt_d69e0e67907141f5 for ('rtsp_02c76089', '11', 'missing_vest')
2026-05-24 22:05:36 | INFO | ppe.event_manager | process-rtsp_02c76089 | Created event evt_01dee30e631d40b1 for ('rtsp_02c76089', '14', 'missing_helmet')
2026-05-24 22:05:36 | INFO | ppe.event_manager | process-rtsp_02c76089 | Created event evt_28251874d67347da for ('rtsp_02c76089', '14', 'missing_vest')
2026-05-24 22:05:40 | ERROR | ppe.app | Thread-351 | Unhandled error: 404 Not Found: The requested URL was not found on the server. If you entered the URL manually please check your spelling and try again.
Traceback (most recent call last):
  File "/Users/macbook/Downloads/PPE-DETECTION-SYSTEM/.venv/lib/python3.9/site-packages/flask/app.py", line 917, in full_dispatch_request
    rv = self.dispatch_request()
  File "/Users/macbook/Downloads/PPE-DETECTION-SYSTEM/.venv/lib/python3.9/site-packages/flask/app.py", line 891, in dispatch_request
    self.raise_routing_exception(req)
  File "/Users/macbook/Downloads/PPE-DETECTION-SYSTEM/.venv/lib/python3.9/site-packages/flask/app.py", line 500, in raise_routing_exception
    raise request.routing_exception  # type: ignore[misc]
  File "/Users/macbook/Downloads/PPE-DETECTION-SYSTEM/.venv/lib/python3.9/site-packages/flask/ctx.py", line 362, in match_request
    result = self.url_adapter.match(return_rule=True)  # type: ignore
  File "/Users/macbook/Downloads/PPE-DETECTION-SYSTEM/.venv/lib/python3.9/site-packages/werkzeug/routing/map.py", line 629, in match
    raise NotFound() from None
werkzeug.exceptions.NotFound: 404 Not Found: The requested URL was not found on the server. If you entered the URL manually please check your spelling and try again.
2026-05-24 22:09:32 | INFO | ppe.database | MainThread | Database initialized at /Users/macbook/Downloads/PPE-DETECTION-SYSTEM/ppe.db
2026-05-24 22:09:37 | ERROR | ppe.app | Thread-18 | Unhandled error: 404 Not Found: The requested URL was not found on the server. If you entered the URL manually please check your spelling and try again.
Traceback (most recent call last):
  File "/Users/macbook/Downloads/PPE-DETECTION-SYSTEM/.venv/lib/python3.9/site-packages/flask/app.py", line 917, in full_dispatch_request
    rv = self.dispatch_request()
  File "/Users/macbook/Downloads/PPE-DETECTION-SYSTEM/.venv/lib/python3.9/site-packages/flask/app.py", line 891, in dispatch_request
    self.raise_routing_exception(req)
  File "/Users/macbook/Downloads/PPE-DETECTION-SYSTEM/.venv/lib/python3.9/site-packages/flask/app.py", line 500, in raise_routing_exception
    raise request.routing_exception  # type: ignore[misc]
  File "/Users/macbook/Downloads/PPE-DETECTION-SYSTEM/.venv/lib/python3.9/site-packages/flask/ctx.py", line 362, in match_request
    result = self.url_adapter.match(return_rule=True)  # type: ignore
  File "/Users/macbook/Downloads/PPE-DETECTION-SYSTEM/.venv/lib/python3.9/site-packages/werkzeug/routing/map.py", line 629, in match
    raise NotFound() from None
werkzeug.exceptions.NotFound: 404 Not Found: The requested URL was not found on the server. If you entered the URL manually please check your spelling and try again.
2026-05-24 22:09:40 | ERROR | ppe.app | Thread-28 | Unhandled error: 404 Not Found: The requested URL was not found on the server. If you entered the URL manually please check your spelling and try again.
Traceback (most recent call last):
  File "/Users/macbook/Downloads/PPE-DETECTION-SYSTEM/.venv/lib/python3.9/site-packages/flask/app.py", line 917, in full_dispatch_request
    rv = self.dispatch_request()
  File "/Users/macbook/Downloads/PPE-DETECTION-SYSTEM/.venv/lib/python3.9/site-packages/flask/app.py", line 891, in dispatch_request
    self.raise_routing_exception(req)
  File "/Users/macbook/Downloads/PPE-DETECTION-SYSTEM/.venv/lib/python3.9/site-packages/flask/app.py", line 500, in raise_routing_exception
    raise request.routing_exception  # type: ignore[misc]
  File "/Users/macbook/Downloads/PPE-DETECTION-SYSTEM/.venv/lib/python3.9/site-packages/flask/ctx.py", line 362, in match_request
    result = self.url_adapter.match(return_rule=True)  # type: ignore
  File "/Users/macbook/Downloads/PPE-DETECTION-SYSTEM/.venv/lib/python3.9/site-packages/werkzeug/routing/map.py", line 629, in match
    raise NotFound() from None
werkzeug.exceptions.NotFound: 404 Not Found: The requested URL was not found on the server. If you entered the URL manually please check your spelling and try again.
2026-05-24 22:09:46 | ERROR | ppe.app | Thread-40 | Unhandled error: 404 Not Found: The requested URL was not found on the server. If you entered the URL manually please check your spelling and try again.
Traceback (most recent call last):
  File "/Users/macbook/Downloads/PPE-DETECTION-SYSTEM/.venv/lib/python3.9/site-packages/flask/app.py", line 917, in full_dispatch_request
    rv = self.dispatch_request()
  File "/Users/macbook/Downloads/PPE-DETECTION-SYSTEM/.venv/lib/python3.9/site-packages/flask/app.py", line 891, in dispatch_request
    self.raise_routing_exception(req)
  File "/Users/macbook/Downloads/PPE-DETECTION-SYSTEM/.venv/lib/python3.9/site-packages/flask/app.py", line 500, in raise_routing_exception
    raise request.routing_exception  # type: ignore[misc]
  File "/Users/macbook/Downloads/PPE-DETECTION-SYSTEM/.venv/lib/python3.9/site-packages/flask/ctx.py", line 362, in match_request
    result = self.url_adapter.match(return_rule=True)  # type: ignore
  File "/Users/macbook/Downloads/PPE-DETECTION-SYSTEM/.venv/lib/python3.9/site-packages/werkzeug/routing/map.py", line 629, in match
    raise NotFound() from None
werkzeug.exceptions.NotFound: 404 Not Found: The requested URL was not found on the server. If you entered the URL manually please check your spelling and try again.
2026-05-24 22:09:50 | ERROR | ppe.app | Thread-53 | Unhandled error: 404 Not Found: The requested URL was not found on the server. If you entered the URL manually please check your spelling and try again.
Traceback (most recent call last):
  File "/Users/macbook/Downloads/PPE-DETECTION-SYSTEM/.venv/lib/python3.9/site-packages/flask/app.py", line 917, in full_dispatch_request
    rv = self.dispatch_request()
  File "/Users/macbook/Downloads/PPE-DETECTION-SYSTEM/.venv/lib/python3.9/site-packages/flask/app.py", line 891, in dispatch_request
    self.raise_routing_exception(req)
  File "/Users/macbook/Downloads/PPE-DETECTION-SYSTEM/.venv/lib/python3.9/site-packages/flask/app.py", line 500, in raise_routing_exception
    raise request.routing_exception  # type: ignore[misc]
  File "/Users/macbook/Downloads/PPE-DETECTION-SYSTEM/.venv/lib/python3.9/site-packages/flask/ctx.py", line 362, in match_request
    result = self.url_adapter.match(return_rule=True)  # type: ignore
  File "/Users/macbook/Downloads/PPE-DETECTION-SYSTEM/.venv/lib/python3.9/site-packages/werkzeug/routing/map.py", line 629, in match
    raise NotFound() from None
werkzeug.exceptions.NotFound: 404 Not Found: The requested URL was not found on the server. If you entered the URL manually please check your spelling and try again.
2026-05-24 22:09:58 | ERROR | ppe.app | Thread-66 | Unhandled error: 404 Not Found: The requested URL was not found on the server. If you entered the URL manually please check your spelling and try again.
Traceback (most recent call last):
  File "/Users/macbook/Downloads/PPE-DETECTION-SYSTEM/.venv/lib/python3.9/site-packages/flask/app.py", line 917, in full_dispatch_request
    rv = self.dispatch_request()
  File "/Users/macbook/Downloads/PPE-DETECTION-SYSTEM/.venv/lib/python3.9/site-packages/flask/app.py", line 891, in dispatch_request
    self.raise_routing_exception(req)
  File "/Users/macbook/Downloads/PPE-DETECTION-SYSTEM/.venv/lib/python3.9/site-packages/flask/app.py", line 500, in raise_routing_exception
    raise request.routing_exception  # type: ignore[misc]
  File "/Users/macbook/Downloads/PPE-DETECTION-SYSTEM/.venv/lib/python3.9/site-packages/flask/ctx.py", line 362, in match_request
    result = self.url_adapter.match(return_rule=True)  # type: ignore
  File "/Users/macbook/Downloads/PPE-DETECTION-SYSTEM/.venv/lib/python3.9/site-packages/werkzeug/routing/map.py", line 629, in match
    raise NotFound() from None
werkzeug.exceptions.NotFound: 404 Not Found: The requested URL was not found on the server. If you entered the URL manually please check your spelling and try again.
2026-05-24 22:10:06 | ERROR | ppe.app | Thread-81 | Unhandled error: 404 Not Found: The requested URL was not found on the server. If you entered the URL manually please check your spelling and try again.
Traceback (most recent call last):
  File "/Users/macbook/Downloads/PPE-DETECTION-SYSTEM/.venv/lib/python3.9/site-packages/flask/app.py", line 917, in full_dispatch_request
    rv = self.dispatch_request()
  File "/Users/macbook/Downloads/PPE-DETECTION-SYSTEM/.venv/lib/python3.9/site-packages/flask/app.py", line 891, in dispatch_request
    self.raise_routing_exception(req)
  File "/Users/macbook/Downloads/PPE-DETECTION-SYSTEM/.venv/lib/python3.9/site-packages/flask/app.py", line 500, in raise_routing_exception
    raise request.routing_exception  # type: ignore[misc]
  File "/Users/macbook/Downloads/PPE-DETECTION-SYSTEM/.venv/lib/python3.9/site-packages/flask/ctx.py", line 362, in match_request
    result = self.url_adapter.match(return_rule=True)  # type: ignore
  File "/Users/macbook/Downloads/PPE-DETECTION-SYSTEM/.venv/lib/python3.9/site-packages/werkzeug/routing/map.py", line 629, in match
    raise NotFound() from None
werkzeug.exceptions.NotFound: 404 Not Found: The requested URL was not found on the server. If you entered the URL manually please check your spelling and try again.
2026-05-24 22:10:07 | ERROR | ppe.app | Thread-94 | Unhandled error: 404 Not Found: The requested URL was not found on the server. If you entered the URL manually please check your spelling and try again.
Traceback (most recent call last):
  File "/Users/macbook/Downloads/PPE-DETECTION-SYSTEM/.venv/lib/python3.9/site-packages/flask/app.py", line 917, in full_dispatch_request
    rv = self.dispatch_request()
  File "/Users/macbook/Downloads/PPE-DETECTION-SYSTEM/.venv/lib/python3.9/site-packages/flask/app.py", line 891, in dispatch_request
    self.raise_routing_exception(req)
  File "/Users/macbook/Downloads/PPE-DETECTION-SYSTEM/.venv/lib/python3.9/site-packages/flask/app.py", line 500, in raise_routing_exception
    raise request.routing_exception  # type: ignore[misc]
  File "/Users/macbook/Downloads/PPE-DETECTION-SYSTEM/.venv/lib/python3.9/site-packages/flask/ctx.py", line 362, in match_request
    result = self.url_adapter.match(return_rule=True)  # type: ignore
  File "/Users/macbook/Downloads/PPE-DETECTION-SYSTEM/.venv/lib/python3.9/site-packages/werkzeug/routing/map.py", line 629, in match
    raise NotFound() from None
werkzeug.exceptions.NotFound: 404 Not Found: The requested URL was not found on the server. If you entered the URL manually please check your spelling and try again.
2026-05-24 22:10:08 | ERROR | ppe.app | Thread-104 | Unhandled error: 404 Not Found: The requested URL was not found on the server. If you entered the URL manually please check your spelling and try again.
Traceback (most recent call last):
  File "/Users/macbook/Downloads/PPE-DETECTION-SYSTEM/.venv/lib/python3.9/site-packages/flask/app.py", line 917, in full_dispatch_request
    rv = self.dispatch_request()
  File "/Users/macbook/Downloads/PPE-DETECTION-SYSTEM/.venv/lib/python3.9/site-packages/flask/app.py", line 891, in dispatch_request
    self.raise_routing_exception(req)
  File "/Users/macbook/Downloads/PPE-DETECTION-SYSTEM/.venv/lib/python3.9/site-packages/flask/app.py", line 500, in raise_routing_exception
    raise request.routing_exception  # type: ignore[misc]
  File "/Users/macbook/Downloads/PPE-DETECTION-SYSTEM/.venv/lib/python3.9/site-packages/flask/ctx.py", line 362, in match_request
    result = self.url_adapter.match(return_rule=True)  # type: ignore
  File "/Users/macbook/Downloads/PPE-DETECTION-SYSTEM/.venv/lib/python3.9/site-packages/werkzeug/routing/map.py", line 629, in match
    raise NotFound() from None
werkzeug.exceptions.NotFound: 404 Not Found: The requested URL was not found on the server. If you entered the URL manually please check your spelling and try again.
2026-05-24 22:11:10 | ERROR | ppe.app | Thread-118 | Unhandled error: 404 Not Found: The requested URL was not found on the server. If you entered the URL manually please check your spelling and try again.
Traceback (most recent call last):
  File "/Users/macbook/Downloads/PPE-DETECTION-SYSTEM/.venv/lib/python3.9/site-packages/flask/app.py", line 917, in full_dispatch_request
    rv = self.dispatch_request()
  File "/Users/macbook/Downloads/PPE-DETECTION-SYSTEM/.venv/lib/python3.9/site-packages/flask/app.py", line 891, in dispatch_request
    self.raise_routing_exception(req)
  File "/Users/macbook/Downloads/PPE-DETECTION-SYSTEM/.venv/lib/python3.9/site-packages/flask/app.py", line 500, in raise_routing_exception
    raise request.routing_exception  # type: ignore[misc]
  File "/Users/macbook/Downloads/PPE-DETECTION-SYSTEM/.venv/lib/python3.9/site-packages/flask/ctx.py", line 362, in match_request
    result = self.url_adapter.match(return_rule=True)  # type: ignore
  File "/Users/macbook/Downloads/PPE-DETECTION-SYSTEM/.venv/lib/python3.9/site-packages/werkzeug/routing/map.py", line 629, in match
    raise NotFound() from None
werkzeug.exceptions.NotFound: 404 Not Found: The requested URL was not found on the server. If you entered the URL manually please check your spelling and try again.
2026-05-24 22:11:13 | ERROR | ppe.app | Thread-130 | Unhandled error: 404 Not Found: The requested URL was not found on the server. If you entered the URL manually please check your spelling and try again.
Traceback (most recent call last):
  File "/Users/macbook/Downloads/PPE-DETECTION-SYSTEM/.venv/lib/python3.9/site-packages/flask/app.py", line 917, in full_dispatch_request
    rv = self.dispatch_request()
  File "/Users/macbook/Downloads/PPE-DETECTION-SYSTEM/.venv/lib/python3.9/site-packages/flask/app.py", line 891, in dispatch_request
    self.raise_routing_exception(req)
  File "/Users/macbook/Downloads/PPE-DETECTION-SYSTEM/.venv/lib/python3.9/site-packages/flask/app.py", line 500, in raise_routing_exception
    raise request.routing_exception  # type: ignore[misc]
  File "/Users/macbook/Downloads/PPE-DETECTION-SYSTEM/.venv/lib/python3.9/site-packages/flask/ctx.py", line 362, in match_request
    result = self.url_adapter.match(return_rule=True)  # type: ignore
  File "/Users/macbook/Downloads/PPE-DETECTION-SYSTEM/.venv/lib/python3.9/site-packages/werkzeug/routing/map.py", line 629, in match
    raise NotFound() from None
werkzeug.exceptions.NotFound: 404 Not Found: The requested URL was not found on the server. If you entered the URL manually please check your spelling and try again.
2026-05-24 22:11:18 | ERROR | ppe.app | Thread-142 | Unhandled error: 404 Not Found: The requested URL was not found on the server. If you entered the URL manually please check your spelling and try again.
Traceback (most recent call last):
  File "/Users/macbook/Downloads/PPE-DETECTION-SYSTEM/.venv/lib/python3.9/site-packages/flask/app.py", line 917, in full_dispatch_request
    rv = self.dispatch_request()
  File "/Users/macbook/Downloads/PPE-DETECTION-SYSTEM/.venv/lib/python3.9/site-packages/flask/app.py", line 891, in dispatch_request
    self.raise_routing_exception(req)
  File "/Users/macbook/Downloads/PPE-DETECTION-SYSTEM/.venv/lib/python3.9/site-packages/flask/app.py", line 500, in raise_routing_exception
    raise request.routing_exception  # type: ignore[misc]
  File "/Users/macbook/Downloads/PPE-DETECTION-SYSTEM/.venv/lib/python3.9/site-packages/flask/ctx.py", line 362, in match_request
    result = self.url_adapter.match(return_rule=True)  # type: ignore
  File "/Users/macbook/Downloads/PPE-DETECTION-SYSTEM/.venv/lib/python3.9/site-packages/werkzeug/routing/map.py", line 629, in match
    raise NotFound() from None
werkzeug.exceptions.NotFound: 404 Not Found: The requested URL was not found on the server. If you entered the URL manually please check your spelling and try again.
2026-05-24 22:11:29 | ERROR | ppe.app | Thread-146 | Unhandled error: 404 Not Found: The requested URL was not found on the server. If you entered the URL manually please check your spelling and try again.
Traceback (most recent call last):
  File "/Users/macbook/Downloads/PPE-DETECTION-SYSTEM/.venv/lib/python3.9/site-packages/flask/app.py", line 917, in full_dispatch_request
    rv = self.dispatch_request()
  File "/Users/macbook/Downloads/PPE-DETECTION-SYSTEM/.venv/lib/python3.9/site-packages/flask/app.py", line 891, in dispatch_request
    self.raise_routing_exception(req)
  File "/Users/macbook/Downloads/PPE-DETECTION-SYSTEM/.venv/lib/python3.9/site-packages/flask/app.py", line 500, in raise_routing_exception
    raise request.routing_exception  # type: ignore[misc]
  File "/Users/macbook/Downloads/PPE-DETECTION-SYSTEM/.venv/lib/python3.9/site-packages/flask/ctx.py", line 362, in match_request
    result = self.url_adapter.match(return_rule=True)  # type: ignore
  File "/Users/macbook/Downloads/PPE-DETECTION-SYSTEM/.venv/lib/python3.9/site-packages/werkzeug/routing/map.py", line 629, in match
    raise NotFound() from None
werkzeug.exceptions.NotFound: 404 Not Found: The requested URL was not found on the server. If you entered the URL manually please check your spelling and try again.
2026-05-24 22:17:44 | INFO | ppe.database | MainThread | Database initialized at /Users/macbook/Downloads/PPE-DETECTION-SYSTEM/ppe.db
2026-05-24 22:17:50 | ERROR | ppe.app | Thread-28 | Unhandled error: 404 Not Found: The requested URL was not found on the server. If you entered the URL manually please check your spelling and try again.
Traceback (most recent call last):
  File "/Users/macbook/Downloads/PPE-DETECTION-SYSTEM/.venv/lib/python3.9/site-packages/flask/app.py", line 917, in full_dispatch_request
    rv = self.dispatch_request()
  File "/Users/macbook/Downloads/PPE-DETECTION-SYSTEM/.venv/lib/python3.9/site-packages/flask/app.py", line 891, in dispatch_request
    self.raise_routing_exception(req)
  File "/Users/macbook/Downloads/PPE-DETECTION-SYSTEM/.venv/lib/python3.9/site-packages/flask/app.py", line 500, in raise_routing_exception
    raise request.routing_exception  # type: ignore[misc]
  File "/Users/macbook/Downloads/PPE-DETECTION-SYSTEM/.venv/lib/python3.9/site-packages/flask/ctx.py", line 362, in match_request
    result = self.url_adapter.match(return_rule=True)  # type: ignore
  File "/Users/macbook/Downloads/PPE-DETECTION-SYSTEM/.venv/lib/python3.9/site-packages/werkzeug/routing/map.py", line 629, in match
    raise NotFound() from None
werkzeug.exceptions.NotFound: 404 Not Found: The requested URL was not found on the server. If you entered the URL manually please check your spelling and try again.
2026-05-24 22:18:01 | ERROR | ppe.app | Thread-36 | Unhandled error: 404 Not Found: The requested URL was not found on the server. If you entered the URL manually please check your spelling and try again.
Traceback (most recent call last):
  File "/Users/macbook/Downloads/PPE-DETECTION-SYSTEM/.venv/lib/python3.9/site-packages/flask/app.py", line 917, in full_dispatch_request
    rv = self.dispatch_request()
  File "/Users/macbook/Downloads/PPE-DETECTION-SYSTEM/.venv/lib/python3.9/site-packages/flask/app.py", line 891, in dispatch_request
    self.raise_routing_exception(req)
  File "/Users/macbook/Downloads/PPE-DETECTION-SYSTEM/.venv/lib/python3.9/site-packages/flask/app.py", line 500, in raise_routing_exception
    raise request.routing_exception  # type: ignore[misc]
  File "/Users/macbook/Downloads/PPE-DETECTION-SYSTEM/.venv/lib/python3.9/site-packages/flask/ctx.py", line 362, in match_request
    result = self.url_adapter.match(return_rule=True)  # type: ignore
  File "/Users/macbook/Downloads/PPE-DETECTION-SYSTEM/.venv/lib/python3.9/site-packages/werkzeug/routing/map.py", line 629, in match
    raise NotFound() from None
werkzeug.exceptions.NotFound: 404 Not Found: The requested URL was not found on the server. If you entered the URL manually please check your spelling and try again.
2026-05-24 22:18:15 | ERROR | ppe.app | Thread-60 | Unhandled error: 404 Not Found: The requested URL was not found on the server. If you entered the URL manually please check your spelling and try again.
Traceback (most recent call last):
  File "/Users/macbook/Downloads/PPE-DETECTION-SYSTEM/.venv/lib/python3.9/site-packages/flask/app.py", line 917, in full_dispatch_request
    rv = self.dispatch_request()
  File "/Users/macbook/Downloads/PPE-DETECTION-SYSTEM/.venv/lib/python3.9/site-packages/flask/app.py", line 891, in dispatch_request
    self.raise_routing_exception(req)
  File "/Users/macbook/Downloads/PPE-DETECTION-SYSTEM/.venv/lib/python3.9/site-packages/flask/app.py", line 500, in raise_routing_exception
    raise request.routing_exception  # type: ignore[misc]
  File "/Users/macbook/Downloads/PPE-DETECTION-SYSTEM/.venv/lib/python3.9/site-packages/flask/ctx.py", line 362, in match_request
    result = self.url_adapter.match(return_rule=True)  # type: ignore
  File "/Users/macbook/Downloads/PPE-DETECTION-SYSTEM/.venv/lib/python3.9/site-packages/werkzeug/routing/map.py", line 629, in match
    raise NotFound() from None
werkzeug.exceptions.NotFound: 404 Not Found: The requested URL was not found on the server. If you entered the URL manually please check your spelling and try again.
2026-05-24 22:19:25 | ERROR | ppe.app | Thread-100 | Unhandled error: 404 Not Found: The requested URL was not found on the server. If you entered the URL manually please check your spelling and try again.
Traceback (most recent call last):
  File "/Users/macbook/Downloads/PPE-DETECTION-SYSTEM/.venv/lib/python3.9/site-packages/flask/app.py", line 917, in full_dispatch_request
    rv = self.dispatch_request()
  File "/Users/macbook/Downloads/PPE-DETECTION-SYSTEM/.venv/lib/python3.9/site-packages/flask/app.py", line 891, in dispatch_request
    self.raise_routing_exception(req)
  File "/Users/macbook/Downloads/PPE-DETECTION-SYSTEM/.venv/lib/python3.9/site-packages/flask/app.py", line 500, in raise_routing_exception
    raise request.routing_exception  # type: ignore[misc]
  File "/Users/macbook/Downloads/PPE-DETECTION-SYSTEM/.venv/lib/python3.9/site-packages/flask/ctx.py", line 362, in match_request
    result = self.url_adapter.match(return_rule=True)  # type: ignore
  File "/Users/macbook/Downloads/PPE-DETECTION-SYSTEM/.venv/lib/python3.9/site-packages/werkzeug/routing/map.py", line 629, in match
    raise NotFound() from None
werkzeug.exceptions.NotFound: 404 Not Found: The requested URL was not found on the server. If you entered the URL manually please check your spelling and try again.
2026-05-24 22:19:35 | ERROR | ppe.app | Thread-110 | Unhandled error: 404 Not Found: The requested URL was not found on the server. If you entered the URL manually please check your spelling and try again.
Traceback (most recent call last):
  File "/Users/macbook/Downloads/PPE-DETECTION-SYSTEM/.venv/lib/python3.9/site-packages/flask/app.py", line 917, in full_dispatch_request
    rv = self.dispatch_request()
  File "/Users/macbook/Downloads/PPE-DETECTION-SYSTEM/.venv/lib/python3.9/site-packages/flask/app.py", line 891, in dispatch_request
    self.raise_routing_exception(req)
  File "/Users/macbook/Downloads/PPE-DETECTION-SYSTEM/.venv/lib/python3.9/site-packages/flask/app.py", line 500, in raise_routing_exception
    raise request.routing_exception  # type: ignore[misc]
  File "/Users/macbook/Downloads/PPE-DETECTION-SYSTEM/.venv/lib/python3.9/site-packages/flask/ctx.py", line 362, in match_request
    result = self.url_adapter.match(return_rule=True)  # type: ignore
  File "/Users/macbook/Downloads/PPE-DETECTION-SYSTEM/.venv/lib/python3.9/site-packages/werkzeug/routing/map.py", line 629, in match
    raise NotFound() from None
werkzeug.exceptions.NotFound: 404 Not Found: The requested URL was not found on the server. If you entered the URL manually please check your spelling and try again.
2026-05-24 22:19:35 | ERROR | ppe.app | Thread-122 | Unhandled error: 404 Not Found: The requested URL was not found on the server. If you entered the URL manually please check your spelling and try again.
Traceback (most recent call last):
  File "/Users/macbook/Downloads/PPE-DETECTION-SYSTEM/.venv/lib/python3.9/site-packages/flask/app.py", line 917, in full_dispatch_request
    rv = self.dispatch_request()
  File "/Users/macbook/Downloads/PPE-DETECTION-SYSTEM/.venv/lib/python3.9/site-packages/flask/app.py", line 891, in dispatch_request
    self.raise_routing_exception(req)
  File "/Users/macbook/Downloads/PPE-DETECTION-SYSTEM/.venv/lib/python3.9/site-packages/flask/app.py", line 500, in raise_routing_exception
    raise request.routing_exception  # type: ignore[misc]
  File "/Users/macbook/Downloads/PPE-DETECTION-SYSTEM/.venv/lib/python3.9/site-packages/flask/ctx.py", line 362, in match_request
    result = self.url_adapter.match(return_rule=True)  # type: ignore
  File "/Users/macbook/Downloads/PPE-DETECTION-SYSTEM/.venv/lib/python3.9/site-packages/werkzeug/routing/map.py", line 629, in match
    raise NotFound() from None
werkzeug.exceptions.NotFound: 404 Not Found: The requested URL was not found on the server. If you entered the URL manually please check your spelling and try again.
2026-05-24 22:24:57 | INFO | ppe.database | MainThread | Database initialized at /Users/macbook/Downloads/PPE-DETECTION-SYSTEM/ppe.db
2026-05-24 22:25:02 | ERROR | ppe.app | Thread-19 | Unhandled error: 404 Not Found: The requested URL was not found on the server. If you entered the URL manually please check your spelling and try again.
Traceback (most recent call last):
  File "/Users/macbook/Downloads/PPE-DETECTION-SYSTEM/.venv/lib/python3.9/site-packages/flask/app.py", line 917, in full_dispatch_request
    rv = self.dispatch_request()
  File "/Users/macbook/Downloads/PPE-DETECTION-SYSTEM/.venv/lib/python3.9/site-packages/flask/app.py", line 891, in dispatch_request
    self.raise_routing_exception(req)
  File "/Users/macbook/Downloads/PPE-DETECTION-SYSTEM/.venv/lib/python3.9/site-packages/flask/app.py", line 500, in raise_routing_exception
    raise request.routing_exception  # type: ignore[misc]
  File "/Users/macbook/Downloads/PPE-DETECTION-SYSTEM/.venv/lib/python3.9/site-packages/flask/ctx.py", line 362, in match_request
    result = self.url_adapter.match(return_rule=True)  # type: ignore
  File "/Users/macbook/Downloads/PPE-DETECTION-SYSTEM/.venv/lib/python3.9/site-packages/werkzeug/routing/map.py", line 629, in match
    raise NotFound() from None
werkzeug.exceptions.NotFound: 404 Not Found: The requested URL was not found on the server. If you entered the URL manually please check your spelling and try again.
2026-05-24 22:25:06 | ERROR | ppe.app | Thread-45 | Unhandled error: 404 Not Found: The requested URL was not found on the server. If you entered the URL manually please check your spelling and try again.
Traceback (most recent call last):
  File "/Users/macbook/Downloads/PPE-DETECTION-SYSTEM/.venv/lib/python3.9/site-packages/flask/app.py", line 917, in full_dispatch_request
    rv = self.dispatch_request()
  File "/Users/macbook/Downloads/PPE-DETECTION-SYSTEM/.venv/lib/python3.9/site-packages/flask/app.py", line 891, in dispatch_request
    self.raise_routing_exception(req)
  File "/Users/macbook/Downloads/PPE-DETECTION-SYSTEM/.venv/lib/python3.9/site-packages/flask/app.py", line 500, in raise_routing_exception
    raise request.routing_exception  # type: ignore[misc]
  File "/Users/macbook/Downloads/PPE-DETECTION-SYSTEM/.venv/lib/python3.9/site-packages/flask/ctx.py", line 362, in match_request
    result = self.url_adapter.match(return_rule=True)  # type: ignore
  File "/Users/macbook/Downloads/PPE-DETECTION-SYSTEM/.venv/lib/python3.9/site-packages/werkzeug/routing/map.py", line 629, in match
    raise NotFound() from None
werkzeug.exceptions.NotFound: 404 Not Found: The requested URL was not found on the server. If you entered the URL manually please check your spelling and try again.
2026-05-24 22:26:38 | INFO | ppe.database | MainThread | Database initialized at /Users/macbook/Downloads/PPE-DETECTION-SYSTEM/ppe.db
2026-05-24 22:26:43 | ERROR | ppe.app | Thread-18 | Unhandled error: 404 Not Found: The requested URL was not found on the server. If you entered the URL manually please check your spelling and try again.
Traceback (most recent call last):
  File "/Users/macbook/Downloads/PPE-DETECTION-SYSTEM/.venv/lib/python3.9/site-packages/flask/app.py", line 917, in full_dispatch_request
    rv = self.dispatch_request()
  File "/Users/macbook/Downloads/PPE-DETECTION-SYSTEM/.venv/lib/python3.9/site-packages/flask/app.py", line 891, in dispatch_request
    self.raise_routing_exception(req)
  File "/Users/macbook/Downloads/PPE-DETECTION-SYSTEM/.venv/lib/python3.9/site-packages/flask/app.py", line 500, in raise_routing_exception
    raise request.routing_exception  # type: ignore[misc]
  File "/Users/macbook/Downloads/PPE-DETECTION-SYSTEM/.venv/lib/python3.9/site-packages/flask/ctx.py", line 362, in match_request
    result = self.url_adapter.match(return_rule=True)  # type: ignore
  File "/Users/macbook/Downloads/PPE-DETECTION-SYSTEM/.venv/lib/python3.9/site-packages/werkzeug/routing/map.py", line 629, in match
    raise NotFound() from None
werkzeug.exceptions.NotFound: 404 Not Found: The requested URL was not found on the server. If you entered the URL manually please check your spelling and try again.
2026-05-24 22:26:51 | ERROR | ppe.app | Thread-45 | Unhandled error: 404 Not Found: The requested URL was not found on the server. If you entered the URL manually please check your spelling and try again.
Traceback (most recent call last):
  File "/Users/macbook/Downloads/PPE-DETECTION-SYSTEM/.venv/lib/python3.9/site-packages/flask/app.py", line 917, in full_dispatch_request
    rv = self.dispatch_request()
  File "/Users/macbook/Downloads/PPE-DETECTION-SYSTEM/.venv/lib/python3.9/site-packages/flask/app.py", line 891, in dispatch_request
    self.raise_routing_exception(req)
  File "/Users/macbook/Downloads/PPE-DETECTION-SYSTEM/.venv/lib/python3.9/site-packages/flask/app.py", line 500, in raise_routing_exception
    raise request.routing_exception  # type: ignore[misc]
  File "/Users/macbook/Downloads/PPE-DETECTION-SYSTEM/.venv/lib/python3.9/site-packages/flask/ctx.py", line 362, in match_request
    result = self.url_adapter.match(return_rule=True)  # type: ignore
  File "/Users/macbook/Downloads/PPE-DETECTION-SYSTEM/.venv/lib/python3.9/site-packages/werkzeug/routing/map.py", line 629, in match
    raise NotFound() from None
werkzeug.exceptions.NotFound: 404 Not Found: The requested URL was not found on the server. If you entered the URL manually please check your spelling and try again.
2026-05-24 22:26:54 | INFO | ppe.detector | Thread-46 | Loaded YOLO model from /Users/macbook/Downloads/PPE-DETECTION-SYSTEM/best.pt with classes: {0: 'helmet', 1: 'gloves', 2: 'vest', 3: 'boots', 4: 'goggles', 5: 'none', 6: 'Person', 7: 'no_helmet', 8: 'no_goggle', 9: 'no_gloves', 10: 'no_boots'}
2026-05-24 22:26:58 | INFO | ppe.event_manager | process-webcam_075170a0 | Created event evt_ca4fd20272b541cc for ('webcam_075170a0', '1', 'missing_helmet')
2026-05-24 22:26:58 | INFO | ppe.event_manager | process-webcam_075170a0 | Created event evt_25119ee4cdbf4e39 for ('webcam_075170a0', '1', 'missing_vest')
2026-05-24 22:27:17 | ERROR | ppe.app | Thread-85 | Unhandled error: 404 Not Found: The requested URL was not found on the server. If you entered the URL manually please check your spelling and try again.
Traceback (most recent call last):
  File "/Users/macbook/Downloads/PPE-DETECTION-SYSTEM/.venv/lib/python3.9/site-packages/flask/app.py", line 917, in full_dispatch_request
    rv = self.dispatch_request()
  File "/Users/macbook/Downloads/PPE-DETECTION-SYSTEM/.venv/lib/python3.9/site-packages/flask/app.py", line 891, in dispatch_request
    self.raise_routing_exception(req)
  File "/Users/macbook/Downloads/PPE-DETECTION-SYSTEM/.venv/lib/python3.9/site-packages/flask/app.py", line 500, in raise_routing_exception
    raise request.routing_exception  # type: ignore[misc]
  File "/Users/macbook/Downloads/PPE-DETECTION-SYSTEM/.venv/lib/python3.9/site-packages/flask/ctx.py", line 362, in match_request
    result = self.url_adapter.match(return_rule=True)  # type: ignore
  File "/Users/macbook/Downloads/PPE-DETECTION-SYSTEM/.venv/lib/python3.9/site-packages/werkzeug/routing/map.py", line 629, in match
    raise NotFound() from None
werkzeug.exceptions.NotFound: 404 Not Found: The requested URL was not found on the server. If you entered the URL manually please check your spelling and try again.
2026-05-24 22:27:18 | ERROR | ppe.app | Thread-109 | Unhandled error: 404 Not Found: The requested URL was not found on the server. If you entered the URL manually please check your spelling and try again.
Traceback (most recent call last):
  File "/Users/macbook/Downloads/PPE-DETECTION-SYSTEM/.venv/lib/python3.9/site-packages/flask/app.py", line 917, in full_dispatch_request
    rv = self.dispatch_request()
  File "/Users/macbook/Downloads/PPE-DETECTION-SYSTEM/.venv/lib/python3.9/site-packages/flask/app.py", line 891, in dispatch_request
    self.raise_routing_exception(req)
  File "/Users/macbook/Downloads/PPE-DETECTION-SYSTEM/.venv/lib/python3.9/site-packages/flask/app.py", line 500, in raise_routing_exception
    raise request.routing_exception  # type: ignore[misc]
  File "/Users/macbook/Downloads/PPE-DETECTION-SYSTEM/.venv/lib/python3.9/site-packages/flask/ctx.py", line 362, in match_request
    result = self.url_adapter.match(return_rule=True)  # type: ignore
  File "/Users/macbook/Downloads/PPE-DETECTION-SYSTEM/.venv/lib/python3.9/site-packages/werkzeug/routing/map.py", line 629, in match
    raise NotFound() from None
werkzeug.exceptions.NotFound: 404 Not Found: The requested URL was not found on the server. If you entered the URL manually please check your spelling and try again.
2026-05-24 22:27:19 | ERROR | ppe.app | Thread-134 | Unhandled error: 404 Not Found: The requested URL was not found on the server. If you entered the URL manually please check your spelling and try again.
Traceback (most recent call last):
  File "/Users/macbook/Downloads/PPE-DETECTION-SYSTEM/.venv/lib/python3.9/site-packages/flask/app.py", line 917, in full_dispatch_request
    rv = self.dispatch_request()
  File "/Users/macbook/Downloads/PPE-DETECTION-SYSTEM/.venv/lib/python3.9/site-packages/flask/app.py", line 891, in dispatch_request
    self.raise_routing_exception(req)
  File "/Users/macbook/Downloads/PPE-DETECTION-SYSTEM/.venv/lib/python3.9/site-packages/flask/app.py", line 500, in raise_routing_exception
    raise request.routing_exception  # type: ignore[misc]
  File "/Users/macbook/Downloads/PPE-DETECTION-SYSTEM/.venv/lib/python3.9/site-packages/flask/ctx.py", line 362, in match_request
    result = self.url_adapter.match(return_rule=True)  # type: ignore
  File "/Users/macbook/Downloads/PPE-DETECTION-SYSTEM/.venv/lib/python3.9/site-packages/werkzeug/routing/map.py", line 629, in match
    raise NotFound() from None
werkzeug.exceptions.NotFound: 404 Not Found: The requested URL was not found on the server. If you entered the URL manually please check your spelling and try again.
2026-05-24 22:27:22 | ERROR | ppe.app | Thread-160 | Unhandled error: 404 Not Found: The requested URL was not found on the server. If you entered the URL manually please check your spelling and try again.
Traceback (most recent call last):
  File "/Users/macbook/Downloads/PPE-DETECTION-SYSTEM/.venv/lib/python3.9/site-packages/flask/app.py", line 917, in full_dispatch_request
    rv = self.dispatch_request()
  File "/Users/macbook/Downloads/PPE-DETECTION-SYSTEM/.venv/lib/python3.9/site-packages/flask/app.py", line 891, in dispatch_request
    self.raise_routing_exception(req)
  File "/Users/macbook/Downloads/PPE-DETECTION-SYSTEM/.venv/lib/python3.9/site-packages/flask/app.py", line 500, in raise_routing_exception
    raise request.routing_exception  # type: ignore[misc]
  File "/Users/macbook/Downloads/PPE-DETECTION-SYSTEM/.venv/lib/python3.9/site-packages/flask/ctx.py", line 362, in match_request
    result = self.url_adapter.match(return_rule=True)  # type: ignore
  File "/Users/macbook/Downloads/PPE-DETECTION-SYSTEM/.venv/lib/python3.9/site-packages/werkzeug/routing/map.py", line 629, in match
    raise NotFound() from None
werkzeug.exceptions.NotFound: 404 Not Found: The requested URL was not found on the server. If you entered the URL manually please check your spelling and try again.
2026-05-24 22:27:35 | ERROR | ppe.app | Thread-174 | Unhandled error: 404 Not Found: The requested URL was not found on the server. If you entered the URL manually please check your spelling and try again.
Traceback (most recent call last):
  File "/Users/macbook/Downloads/PPE-DETECTION-SYSTEM/.venv/lib/python3.9/site-packages/flask/app.py", line 917, in full_dispatch_request
    rv = self.dispatch_request()
  File "/Users/macbook/Downloads/PPE-DETECTION-SYSTEM/.venv/lib/python3.9/site-packages/flask/app.py", line 891, in dispatch_request
    self.raise_routing_exception(req)
  File "/Users/macbook/Downloads/PPE-DETECTION-SYSTEM/.venv/lib/python3.9/site-packages/flask/app.py", line 500, in raise_routing_exception
    raise request.routing_exception  # type: ignore[misc]
  File "/Users/macbook/Downloads/PPE-DETECTION-SYSTEM/.venv/lib/python3.9/site-packages/flask/ctx.py", line 362, in match_request
    result = self.url_adapter.match(return_rule=True)  # type: ignore
  File "/Users/macbook/Downloads/PPE-DETECTION-SYSTEM/.venv/lib/python3.9/site-packages/werkzeug/routing/map.py", line 629, in match
    raise NotFound() from None
werkzeug.exceptions.NotFound: 404 Not Found: The requested URL was not found on the server. If you entered the URL manually please check your spelling and try again.
2026-05-24 22:27:36 | ERROR | ppe.app | Thread-186 | Unhandled error: 404 Not Found: The requested URL was not found on the server. If you entered the URL manually please check your spelling and try again.
Traceback (most recent call last):
  File "/Users/macbook/Downloads/PPE-DETECTION-SYSTEM/.venv/lib/python3.9/site-packages/flask/app.py", line 917, in full_dispatch_request
    rv = self.dispatch_request()
  File "/Users/macbook/Downloads/PPE-DETECTION-SYSTEM/.venv/lib/python3.9/site-packages/flask/app.py", line 891, in dispatch_request
    self.raise_routing_exception(req)
  File "/Users/macbook/Downloads/PPE-DETECTION-SYSTEM/.venv/lib/python3.9/site-packages/flask/app.py", line 500, in raise_routing_exception
    raise request.routing_exception  # type: ignore[misc]
  File "/Users/macbook/Downloads/PPE-DETECTION-SYSTEM/.venv/lib/python3.9/site-packages/flask/ctx.py", line 362, in match_request
    result = self.url_adapter.match(return_rule=True)  # type: ignore
  File "/Users/macbook/Downloads/PPE-DETECTION-SYSTEM/.venv/lib/python3.9/site-packages/werkzeug/routing/map.py", line 629, in match
    raise NotFound() from None
werkzeug.exceptions.NotFound: 404 Not Found: The requested URL was not found on the server. If you entered the URL manually please check your spelling and try again.
2026-05-24 22:27:37 | ERROR | ppe.app | Thread-199 | Unhandled error: 404 Not Found: The requested URL was not found on the server. If you entered the URL manually please check your spelling and try again.
Traceback (most recent call last):
  File "/Users/macbook/Downloads/PPE-DETECTION-SYSTEM/.venv/lib/python3.9/site-packages/flask/app.py", line 917, in full_dispatch_request
    rv = self.dispatch_request()
  File "/Users/macbook/Downloads/PPE-DETECTION-SYSTEM/.venv/lib/python3.9/site-packages/flask/app.py", line 891, in dispatch_request
    self.raise_routing_exception(req)
  File "/Users/macbook/Downloads/PPE-DETECTION-SYSTEM/.venv/lib/python3.9/site-packages/flask/app.py", line 500, in raise_routing_exception
    raise request.routing_exception  # type: ignore[misc]
  File "/Users/macbook/Downloads/PPE-DETECTION-SYSTEM/.venv/lib/python3.9/site-packages/flask/ctx.py", line 362, in match_request
    result = self.url_adapter.match(return_rule=True)  # type: ignore
  File "/Users/macbook/Downloads/PPE-DETECTION-SYSTEM/.venv/lib/python3.9/site-packages/werkzeug/routing/map.py", line 629, in match
    raise NotFound() from None
werkzeug.exceptions.NotFound: 404 Not Found: The requested URL was not found on the server. If you entered the URL manually please check your spelling and try again.
2026-05-24 22:27:38 | ERROR | ppe.app | Thread-211 | Unhandled error: 404 Not Found: The requested URL was not found on the server. If you entered the URL manually please check your spelling and try again.
Traceback (most recent call last):
  File "/Users/macbook/Downloads/PPE-DETECTION-SYSTEM/.venv/lib/python3.9/site-packages/flask/app.py", line 917, in full_dispatch_request
    rv = self.dispatch_request()
  File "/Users/macbook/Downloads/PPE-DETECTION-SYSTEM/.venv/lib/python3.9/site-packages/flask/app.py", line 891, in dispatch_request
    self.raise_routing_exception(req)
  File "/Users/macbook/Downloads/PPE-DETECTION-SYSTEM/.venv/lib/python3.9/site-packages/flask/app.py", line 500, in raise_routing_exception
    raise request.routing_exception  # type: ignore[misc]
  File "/Users/macbook/Downloads/PPE-DETECTION-SYSTEM/.venv/lib/python3.9/site-packages/flask/ctx.py", line 362, in match_request
    result = self.url_adapter.match(return_rule=True)  # type: ignore
  File "/Users/macbook/Downloads/PPE-DETECTION-SYSTEM/.venv/lib/python3.9/site-packages/werkzeug/routing/map.py", line 629, in match
    raise NotFound() from None
werkzeug.exceptions.NotFound: 404 Not Found: The requested URL was not found on the server. If you entered the URL manually please check your spelling and try again.
2026-05-24 22:27:53 | ERROR | ppe.app | Thread-223 | Unhandled error: 404 Not Found: The requested URL was not found on the server. If you entered the URL manually please check your spelling and try again.
Traceback (most recent call last):
  File "/Users/macbook/Downloads/PPE-DETECTION-SYSTEM/.venv/lib/python3.9/site-packages/flask/app.py", line 917, in full_dispatch_request
    rv = self.dispatch_request()
  File "/Users/macbook/Downloads/PPE-DETECTION-SYSTEM/.venv/lib/python3.9/site-packages/flask/app.py", line 891, in dispatch_request
    self.raise_routing_exception(req)
  File "/Users/macbook/Downloads/PPE-DETECTION-SYSTEM/.venv/lib/python3.9/site-packages/flask/app.py", line 500, in raise_routing_exception
    raise request.routing_exception  # type: ignore[misc]
  File "/Users/macbook/Downloads/PPE-DETECTION-SYSTEM/.venv/lib/python3.9/site-packages/flask/ctx.py", line 362, in match_request
    result = self.url_adapter.match(return_rule=True)  # type: ignore
  File "/Users/macbook/Downloads/PPE-DETECTION-SYSTEM/.venv/lib/python3.9/site-packages/werkzeug/routing/map.py", line 629, in match
    raise NotFound() from None
werkzeug.exceptions.NotFound: 404 Not Found: The requested URL was not found on the server. If you entered the URL manually please check your spelling and try again.
2026-05-24 22:32:43 | INFO | ppe.database | MainThread | Database initialized at /Users/macbook/Downloads/PPE-DETECTION-SYSTEM/ppe.db
2026-05-24 22:32:48 | ERROR | ppe.app | Thread-27 | Unhandled error: 404 Not Found: The requested URL was not found on the server. If you entered the URL manually please check your spelling and try again.
Traceback (most recent call last):
  File "/Users/macbook/Downloads/PPE-DETECTION-SYSTEM/.venv/lib/python3.9/site-packages/flask/app.py", line 917, in full_dispatch_request
    rv = self.dispatch_request()
  File "/Users/macbook/Downloads/PPE-DETECTION-SYSTEM/.venv/lib/python3.9/site-packages/flask/app.py", line 891, in dispatch_request
    self.raise_routing_exception(req)
  File "/Users/macbook/Downloads/PPE-DETECTION-SYSTEM/.venv/lib/python3.9/site-packages/flask/app.py", line 500, in raise_routing_exception
    raise request.routing_exception  # type: ignore[misc]
  File "/Users/macbook/Downloads/PPE-DETECTION-SYSTEM/.venv/lib/python3.9/site-packages/flask/ctx.py", line 362, in match_request
    result = self.url_adapter.match(return_rule=True)  # type: ignore
  File "/Users/macbook/Downloads/PPE-DETECTION-SYSTEM/.venv/lib/python3.9/site-packages/werkzeug/routing/map.py", line 629, in match
    raise NotFound() from None
werkzeug.exceptions.NotFound: 404 Not Found: The requested URL was not found on the server. If you entered the URL manually please check your spelling and try again.
2026-05-24 22:32:51 | ERROR | ppe.app | Thread-57 | Unhandled error: 404 Not Found: The requested URL was not found on the server. If you entered the URL manually please check your spelling and try again.
Traceback (most recent call last):
  File "/Users/macbook/Downloads/PPE-DETECTION-SYSTEM/.venv/lib/python3.9/site-packages/flask/app.py", line 917, in full_dispatch_request
    rv = self.dispatch_request()
  File "/Users/macbook/Downloads/PPE-DETECTION-SYSTEM/.venv/lib/python3.9/site-packages/flask/app.py", line 891, in dispatch_request
    self.raise_routing_exception(req)
  File "/Users/macbook/Downloads/PPE-DETECTION-SYSTEM/.venv/lib/python3.9/site-packages/flask/app.py", line 500, in raise_routing_exception
    raise request.routing_exception  # type: ignore[misc]
  File "/Users/macbook/Downloads/PPE-DETECTION-SYSTEM/.venv/lib/python3.9/site-packages/flask/ctx.py", line 362, in match_request
    result = self.url_adapter.match(return_rule=True)  # type: ignore
  File "/Users/macbook/Downloads/PPE-DETECTION-SYSTEM/.venv/lib/python3.9/site-packages/werkzeug/routing/map.py", line 629, in match
    raise NotFound() from None
werkzeug.exceptions.NotFound: 404 Not Found: The requested URL was not found on the server. If you entered the URL manually please check your spelling and try again.
2026-05-24 22:32:54 | ERROR | ppe.app | Thread-58 | Unhandled error: FOREIGN KEY constraint failed
Traceback (most recent call last):
  File "/Users/macbook/Downloads/PPE-DETECTION-SYSTEM/.venv/lib/python3.9/site-packages/flask/app.py", line 917, in full_dispatch_request
    rv = self.dispatch_request()
  File "/Users/macbook/Downloads/PPE-DETECTION-SYSTEM/.venv/lib/python3.9/site-packages/flask/app.py", line 902, in dispatch_request
    return self.ensure_sync(self.view_functions[rule.endpoint])(**view_args)  # type: ignore[no-any-return]
  File "/Users/macbook/Downloads/PPE-DETECTION-SYSTEM/app.py", line 342, in delete_all_events
    conn.execute("DELETE FROM events")
sqlite3.IntegrityError: FOREIGN KEY constraint failed
2026-05-24 22:33:17 | ERROR | ppe.app | Thread-59 | Unhandled error: FOREIGN KEY constraint failed
Traceback (most recent call last):
  File "/Users/macbook/Downloads/PPE-DETECTION-SYSTEM/.venv/lib/python3.9/site-packages/flask/app.py", line 917, in full_dispatch_request
    rv = self.dispatch_request()
  File "/Users/macbook/Downloads/PPE-DETECTION-SYSTEM/.venv/lib/python3.9/site-packages/flask/app.py", line 902, in dispatch_request
    return self.ensure_sync(self.view_functions[rule.endpoint])(**view_args)  # type: ignore[no-any-return]
  File "/Users/macbook/Downloads/PPE-DETECTION-SYSTEM/app.py", line 330, in delete_event
    conn.execute(
sqlite3.IntegrityError: FOREIGN KEY constraint failed
2026-05-24 22:35:30 | INFO | ppe.database | MainThread | Database initialized at /Users/macbook/Downloads/PPE-DETECTION-SYSTEM/ppe.db
2026-05-24 22:35:34 | ERROR | ppe.app | Thread-19 | Unhandled error: 404 Not Found: The requested URL was not found on the server. If you entered the URL manually please check your spelling and try again.
Traceback (most recent call last):
  File "/Users/macbook/Downloads/PPE-DETECTION-SYSTEM/.venv/lib/python3.9/site-packages/flask/app.py", line 917, in full_dispatch_request
    rv = self.dispatch_request()
  File "/Users/macbook/Downloads/PPE-DETECTION-SYSTEM/.venv/lib/python3.9/site-packages/flask/app.py", line 891, in dispatch_request
    self.raise_routing_exception(req)
  File "/Users/macbook/Downloads/PPE-DETECTION-SYSTEM/.venv/lib/python3.9/site-packages/flask/app.py", line 500, in raise_routing_exception
    raise request.routing_exception  # type: ignore[misc]
  File "/Users/macbook/Downloads/PPE-DETECTION-SYSTEM/.venv/lib/python3.9/site-packages/flask/ctx.py", line 362, in match_request
    result = self.url_adapter.match(return_rule=True)  # type: ignore
  File "/Users/macbook/Downloads/PPE-DETECTION-SYSTEM/.venv/lib/python3.9/site-packages/werkzeug/routing/map.py", line 629, in match
    raise NotFound() from None
werkzeug.exceptions.NotFound: 404 Not Found: The requested URL was not found on the server. If you entered the URL manually please check your spelling and try again.
2026-05-24 22:35:36 | ERROR | ppe.app | Thread-30 | Unhandled error: 404 Not Found: The requested URL was not found on the server. If you entered the URL manually please check your spelling and try again.
Traceback (most recent call last):
  File "/Users/macbook/Downloads/PPE-DETECTION-SYSTEM/.venv/lib/python3.9/site-packages/flask/app.py", line 917, in full_dispatch_request
    rv = self.dispatch_request()
  File "/Users/macbook/Downloads/PPE-DETECTION-SYSTEM/.venv/lib/python3.9/site-packages/flask/app.py", line 891, in dispatch_request
    self.raise_routing_exception(req)
  File "/Users/macbook/Downloads/PPE-DETECTION-SYSTEM/.venv/lib/python3.9/site-packages/flask/app.py", line 500, in raise_routing_exception
    raise request.routing_exception  # type: ignore[misc]
  File "/Users/macbook/Downloads/PPE-DETECTION-SYSTEM/.venv/lib/python3.9/site-packages/flask/ctx.py", line 362, in match_request
    result = self.url_adapter.match(return_rule=True)  # type: ignore
  File "/Users/macbook/Downloads/PPE-DETECTION-SYSTEM/.venv/lib/python3.9/site-packages/werkzeug/routing/map.py", line 629, in match
    raise NotFound() from None
werkzeug.exceptions.NotFound: 404 Not Found: The requested URL was not found on the server. If you entered the URL manually please check your spelling and try again.
2026-05-24 22:35:37 | ERROR | ppe.app | Thread-43 | Unhandled error: 404 Not Found: The requested URL was not found on the server. If you entered the URL manually please check your spelling and try again.
Traceback (most recent call last):
  File "/Users/macbook/Downloads/PPE-DETECTION-SYSTEM/.venv/lib/python3.9/site-packages/flask/app.py", line 917, in full_dispatch_request
    rv = self.dispatch_request()
  File "/Users/macbook/Downloads/PPE-DETECTION-SYSTEM/.venv/lib/python3.9/site-packages/flask/app.py", line 891, in dispatch_request
    self.raise_routing_exception(req)
  File "/Users/macbook/Downloads/PPE-DETECTION-SYSTEM/.venv/lib/python3.9/site-packages/flask/app.py", line 500, in raise_routing_exception
    raise request.routing_exception  # type: ignore[misc]
  File "/Users/macbook/Downloads/PPE-DETECTION-SYSTEM/.venv/lib/python3.9/site-packages/flask/ctx.py", line 362, in match_request
    result = self.url_adapter.match(return_rule=True)  # type: ignore
  File "/Users/macbook/Downloads/PPE-DETECTION-SYSTEM/.venv/lib/python3.9/site-packages/werkzeug/routing/map.py", line 629, in match
    raise NotFound() from None
werkzeug.exceptions.NotFound: 404 Not Found: The requested URL was not found on the server. If you entered the URL manually please check your spelling and try again.
2026-05-24 22:35:39 | ERROR | ppe.app | Thread-81 | Unhandled error: 404 Not Found: The requested URL was not found on the server. If you entered the URL manually please check your spelling and try again.
Traceback (most recent call last):
  File "/Users/macbook/Downloads/PPE-DETECTION-SYSTEM/.venv/lib/python3.9/site-packages/flask/app.py", line 917, in full_dispatch_request
    rv = self.dispatch_request()
  File "/Users/macbook/Downloads/PPE-DETECTION-SYSTEM/.venv/lib/python3.9/site-packages/flask/app.py", line 891, in dispatch_request
    self.raise_routing_exception(req)
  File "/Users/macbook/Downloads/PPE-DETECTION-SYSTEM/.venv/lib/python3.9/site-packages/flask/app.py", line 500, in raise_routing_exception
    raise request.routing_exception  # type: ignore[misc]
  File "/Users/macbook/Downloads/PPE-DETECTION-SYSTEM/.venv/lib/python3.9/site-packages/flask/ctx.py", line 362, in match_request
    result = self.url_adapter.match(return_rule=True)  # type: ignore
  File "/Users/macbook/Downloads/PPE-DETECTION-SYSTEM/.venv/lib/python3.9/site-packages/werkzeug/routing/map.py", line 629, in match
    raise NotFound() from None
werkzeug.exceptions.NotFound: 404 Not Found: The requested URL was not found on the server. If you entered the URL manually please check your spelling and try again.
2026-05-24 22:35:41 | ERROR | ppe.app | Thread-90 | Unhandled error: 404 Not Found: The requested URL was not found on the server. If you entered the URL manually please check your spelling and try again.
Traceback (most recent call last):
  File "/Users/macbook/Downloads/PPE-DETECTION-SYSTEM/.venv/lib/python3.9/site-packages/flask/app.py", line 917, in full_dispatch_request
    rv = self.dispatch_request()
  File "/Users/macbook/Downloads/PPE-DETECTION-SYSTEM/.venv/lib/python3.9/site-packages/flask/app.py", line 891, in dispatch_request
    self.raise_routing_exception(req)
  File "/Users/macbook/Downloads/PPE-DETECTION-SYSTEM/.venv/lib/python3.9/site-packages/flask/app.py", line 500, in raise_routing_exception
    raise request.routing_exception  # type: ignore[misc]
  File "/Users/macbook/Downloads/PPE-DETECTION-SYSTEM/.venv/lib/python3.9/site-packages/flask/ctx.py", line 362, in match_request
    result = self.url_adapter.match(return_rule=True)  # type: ignore
  File "/Users/macbook/Downloads/PPE-DETECTION-SYSTEM/.venv/lib/python3.9/site-packages/werkzeug/routing/map.py", line 629, in match
    raise NotFound() from None
werkzeug.exceptions.NotFound: 404 Not Found: The requested URL was not found on the server. If you entered the URL manually please check your spelling and try again.
2026-05-24 22:35:43 | ERROR | ppe.app | Thread-105 | Unhandled error: 404 Not Found: The requested URL was not found on the server. If you entered the URL manually please check your spelling and try again.
Traceback (most recent call last):
  File "/Users/macbook/Downloads/PPE-DETECTION-SYSTEM/.venv/lib/python3.9/site-packages/flask/app.py", line 917, in full_dispatch_request
    rv = self.dispatch_request()
  File "/Users/macbook/Downloads/PPE-DETECTION-SYSTEM/.venv/lib/python3.9/site-packages/flask/app.py", line 891, in dispatch_request
    self.raise_routing_exception(req)
  File "/Users/macbook/Downloads/PPE-DETECTION-SYSTEM/.venv/lib/python3.9/site-packages/flask/app.py", line 500, in raise_routing_exception
    raise request.routing_exception  # type: ignore[misc]
  File "/Users/macbook/Downloads/PPE-DETECTION-SYSTEM/.venv/lib/python3.9/site-packages/flask/ctx.py", line 362, in match_request
    result = self.url_adapter.match(return_rule=True)  # type: ignore
  File "/Users/macbook/Downloads/PPE-DETECTION-SYSTEM/.venv/lib/python3.9/site-packages/werkzeug/routing/map.py", line 629, in match
    raise NotFound() from None
werkzeug.exceptions.NotFound: 404 Not Found: The requested URL was not found on the server. If you entered the URL manually please check your spelling and try again.
2026-05-24 22:35:44 | ERROR | ppe.app | Thread-115 | Unhandled error: 404 Not Found: The requested URL was not found on the server. If you entered the URL manually please check your spelling and try again.
Traceback (most recent call last):
  File "/Users/macbook/Downloads/PPE-DETECTION-SYSTEM/.venv/lib/python3.9/site-packages/flask/app.py", line 917, in full_dispatch_request
    rv = self.dispatch_request()
  File "/Users/macbook/Downloads/PPE-DETECTION-SYSTEM/.venv/lib/python3.9/site-packages/flask/app.py", line 891, in dispatch_request
    self.raise_routing_exception(req)
  File "/Users/macbook/Downloads/PPE-DETECTION-SYSTEM/.venv/lib/python3.9/site-packages/flask/app.py", line 500, in raise_routing_exception
    raise request.routing_exception  # type: ignore[misc]
  File "/Users/macbook/Downloads/PPE-DETECTION-SYSTEM/.venv/lib/python3.9/site-packages/flask/ctx.py", line 362, in match_request
    result = self.url_adapter.match(return_rule=True)  # type: ignore
  File "/Users/macbook/Downloads/PPE-DETECTION-SYSTEM/.venv/lib/python3.9/site-packages/werkzeug/routing/map.py", line 629, in match
    raise NotFound() from None
werkzeug.exceptions.NotFound: 404 Not Found: The requested URL was not found on the server. If you entered the URL manually please check your spelling and try again.
2026-05-24 22:35:45 | ERROR | ppe.app | Thread-127 | Unhandled error: 404 Not Found: The requested URL was not found on the server. If you entered the URL manually please check your spelling and try again.
Traceback (most recent call last):
  File "/Users/macbook/Downloads/PPE-DETECTION-SYSTEM/.venv/lib/python3.9/site-packages/flask/app.py", line 917, in full_dispatch_request
    rv = self.dispatch_request()
  File "/Users/macbook/Downloads/PPE-DETECTION-SYSTEM/.venv/lib/python3.9/site-packages/flask/app.py", line 891, in dispatch_request
    self.raise_routing_exception(req)
  File "/Users/macbook/Downloads/PPE-DETECTION-SYSTEM/.venv/lib/python3.9/site-packages/flask/app.py", line 500, in raise_routing_exception
    raise request.routing_exception  # type: ignore[misc]
  File "/Users/macbook/Downloads/PPE-DETECTION-SYSTEM/.venv/lib/python3.9/site-packages/flask/ctx.py", line 362, in match_request
    result = self.url_adapter.match(return_rule=True)  # type: ignore
  File "/Users/macbook/Downloads/PPE-DETECTION-SYSTEM/.venv/lib/python3.9/site-packages/werkzeug/routing/map.py", line 629, in match
    raise NotFound() from None
werkzeug.exceptions.NotFound: 404 Not Found: The requested URL was not found on the server. If you entered the URL manually please check your spelling and try again.
2026-05-24 22:35:46 | ERROR | ppe.app | Thread-147 | Unhandled error: 404 Not Found: The requested URL was not found on the server. If you entered the URL manually please check your spelling and try again.
Traceback (most recent call last):
  File "/Users/macbook/Downloads/PPE-DETECTION-SYSTEM/.venv/lib/python3.9/site-packages/flask/app.py", line 917, in full_dispatch_request
    rv = self.dispatch_request()
  File "/Users/macbook/Downloads/PPE-DETECTION-SYSTEM/.venv/lib/python3.9/site-packages/flask/app.py", line 891, in dispatch_request
    self.raise_routing_exception(req)
  File "/Users/macbook/Downloads/PPE-DETECTION-SYSTEM/.venv/lib/python3.9/site-packages/flask/app.py", line 500, in raise_routing_exception
    raise request.routing_exception  # type: ignore[misc]
  File "/Users/macbook/Downloads/PPE-DETECTION-SYSTEM/.venv/lib/python3.9/site-packages/flask/ctx.py", line 362, in match_request
    result = self.url_adapter.match(return_rule=True)  # type: ignore
  File "/Users/macbook/Downloads/PPE-DETECTION-SYSTEM/.venv/lib/python3.9/site-packages/werkzeug/routing/map.py", line 629, in match
    raise NotFound() from None
werkzeug.exceptions.NotFound: 404 Not Found: The requested URL was not found on the server. If you entered the URL manually please check your spelling and try again.
2026-05-24 22:35:47 | ERROR | ppe.app | Thread-162 | Unhandled error: 404 Not Found: The requested URL was not found on the server. If you entered the URL manually please check your spelling and try again.
Traceback (most recent call last):
  File "/Users/macbook/Downloads/PPE-DETECTION-SYSTEM/.venv/lib/python3.9/site-packages/flask/app.py", line 917, in full_dispatch_request
    rv = self.dispatch_request()
  File "/Users/macbook/Downloads/PPE-DETECTION-SYSTEM/.venv/lib/python3.9/site-packages/flask/app.py", line 891, in dispatch_request
    self.raise_routing_exception(req)
  File "/Users/macbook/Downloads/PPE-DETECTION-SYSTEM/.venv/lib/python3.9/site-packages/flask/app.py", line 500, in raise_routing_exception
    raise request.routing_exception  # type: ignore[misc]
  File "/Users/macbook/Downloads/PPE-DETECTION-SYSTEM/.venv/lib/python3.9/site-packages/flask/ctx.py", line 362, in match_request
    result = self.url_adapter.match(return_rule=True)  # type: ignore
  File "/Users/macbook/Downloads/PPE-DETECTION-SYSTEM/.venv/lib/python3.9/site-packages/werkzeug/routing/map.py", line 629, in match
    raise NotFound() from None
werkzeug.exceptions.NotFound: 404 Not Found: The requested URL was not found on the server. If you entered the URL manually please check your spelling and try again.
2026-05-24 22:35:51 | INFO | ppe.detector | Thread-163 | Loaded YOLO model from /Users/macbook/Downloads/PPE-DETECTION-SYSTEM/best.pt with classes: {0: 'helmet', 1: 'gloves', 2: 'vest', 3: 'boots', 4: 'goggles', 5: 'none', 6: 'Person', 7: 'no_helmet', 8: 'no_goggle', 9: 'no_gloves', 10: 'no_boots'}
2026-05-24 22:35:53 | INFO | ppe.event_manager | process-webcam_075170a0 | Created event evt_663a1ee8832f4ed4 for ('webcam_075170a0', '2', 'missing_helmet')
2026-05-24 22:35:53 | INFO | ppe.event_manager | process-webcam_075170a0 | Created event evt_50c9d0b1366e4132 for ('webcam_075170a0', '2', 'missing_vest')
2026-05-24 22:36:20 | INFO | ppe.database | MainThread | Database initialized at /Users/macbook/Downloads/PPE-DETECTION-SYSTEM/ppe.db
2026-05-24 22:36:39 | ERROR | ppe.app | Thread-19 | Unhandled error: 404 Not Found: The requested URL was not found on the server. If you entered the URL manually please check your spelling and try again.
Traceback (most recent call last):
  File "/Users/macbook/Downloads/PPE-DETECTION-SYSTEM/.venv/lib/python3.9/site-packages/flask/app.py", line 917, in full_dispatch_request
    rv = self.dispatch_request()
  File "/Users/macbook/Downloads/PPE-DETECTION-SYSTEM/.venv/lib/python3.9/site-packages/flask/app.py", line 891, in dispatch_request
    self.raise_routing_exception(req)
  File "/Users/macbook/Downloads/PPE-DETECTION-SYSTEM/.venv/lib/python3.9/site-packages/flask/app.py", line 500, in raise_routing_exception
    raise request.routing_exception  # type: ignore[misc]
  File "/Users/macbook/Downloads/PPE-DETECTION-SYSTEM/.venv/lib/python3.9/site-packages/flask/ctx.py", line 362, in match_request
    result = self.url_adapter.match(return_rule=True)  # type: ignore
  File "/Users/macbook/Downloads/PPE-DETECTION-SYSTEM/.venv/lib/python3.9/site-packages/werkzeug/routing/map.py", line 629, in match
    raise NotFound() from None
werkzeug.exceptions.NotFound: 404 Not Found: The requested URL was not found on the server. If you entered the URL manually please check your spelling and try again.
2026-05-24 22:41:32 | ERROR | ppe.app | Thread-45 | Unhandled error: 404 Not Found: The requested URL was not found on the server. If you entered the URL manually please check your spelling and try again.
Traceback (most recent call last):
  File "/Users/macbook/Downloads/PPE-DETECTION-SYSTEM/.venv/lib/python3.9/site-packages/flask/app.py", line 917, in full_dispatch_request
    rv = self.dispatch_request()
  File "/Users/macbook/Downloads/PPE-DETECTION-SYSTEM/.venv/lib/python3.9/site-packages/flask/app.py", line 891, in dispatch_request
    self.raise_routing_exception(req)
  File "/Users/macbook/Downloads/PPE-DETECTION-SYSTEM/.venv/lib/python3.9/site-packages/flask/app.py", line 500, in raise_routing_exception
    raise request.routing_exception  # type: ignore[misc]
  File "/Users/macbook/Downloads/PPE-DETECTION-SYSTEM/.venv/lib/python3.9/site-packages/flask/ctx.py", line 362, in match_request
    result = self.url_adapter.match(return_rule=True)  # type: ignore
  File "/Users/macbook/Downloads/PPE-DETECTION-SYSTEM/.venv/lib/python3.9/site-packages/werkzeug/routing/map.py", line 629, in match
    raise NotFound() from None
werkzeug.exceptions.NotFound: 404 Not Found: The requested URL was not found on the server. If you entered the URL manually please check your spelling and try again.
2026-05-24 22:41:35 | ERROR | ppe.app | Thread-58 | Unhandled error: 404 Not Found: The requested URL was not found on the server. If you entered the URL manually please check your spelling and try again.
Traceback (most recent call last):
  File "/Users/macbook/Downloads/PPE-DETECTION-SYSTEM/.venv/lib/python3.9/site-packages/flask/app.py", line 917, in full_dispatch_request
    rv = self.dispatch_request()
  File "/Users/macbook/Downloads/PPE-DETECTION-SYSTEM/.venv/lib/python3.9/site-packages/flask/app.py", line 891, in dispatch_request
    self.raise_routing_exception(req)
  File "/Users/macbook/Downloads/PPE-DETECTION-SYSTEM/.venv/lib/python3.9/site-packages/flask/app.py", line 500, in raise_routing_exception
    raise request.routing_exception  # type: ignore[misc]
  File "/Users/macbook/Downloads/PPE-DETECTION-SYSTEM/.venv/lib/python3.9/site-packages/flask/ctx.py", line 362, in match_request
    result = self.url_adapter.match(return_rule=True)  # type: ignore
  File "/Users/macbook/Downloads/PPE-DETECTION-SYSTEM/.venv/lib/python3.9/site-packages/werkzeug/routing/map.py", line 629, in match
    raise NotFound() from None
werkzeug.exceptions.NotFound: 404 Not Found: The requested URL was not found on the server. If you entered the URL manually please check your spelling and try again.
2026-05-24 22:41:36 | ERROR | ppe.app | Thread-75 | Unhandled error: 404 Not Found: The requested URL was not found on the server. If you entered the URL manually please check your spelling and try again.
Traceback (most recent call last):
  File "/Users/macbook/Downloads/PPE-DETECTION-SYSTEM/.venv/lib/python3.9/site-packages/flask/app.py", line 917, in full_dispatch_request
    rv = self.dispatch_request()
  File "/Users/macbook/Downloads/PPE-DETECTION-SYSTEM/.venv/lib/python3.9/site-packages/flask/app.py", line 891, in dispatch_request
    self.raise_routing_exception(req)
  File "/Users/macbook/Downloads/PPE-DETECTION-SYSTEM/.venv/lib/python3.9/site-packages/flask/app.py", line 500, in raise_routing_exception
    raise request.routing_exception  # type: ignore[misc]
  File "/Users/macbook/Downloads/PPE-DETECTION-SYSTEM/.venv/lib/python3.9/site-packages/flask/ctx.py", line 362, in match_request
    result = self.url_adapter.match(return_rule=True)  # type: ignore
  File "/Users/macbook/Downloads/PPE-DETECTION-SYSTEM/.venv/lib/python3.9/site-packages/werkzeug/routing/map.py", line 629, in match
    raise NotFound() from None
werkzeug.exceptions.NotFound: 404 Not Found: The requested URL was not found on the server. If you entered the URL manually please check your spelling and try again.
2026-05-24 22:41:37 | ERROR | ppe.app | Thread-89 | Unhandled error: 404 Not Found: The requested URL was not found on the server. If you entered the URL manually please check your spelling and try again.
Traceback (most recent call last):
  File "/Users/macbook/Downloads/PPE-DETECTION-SYSTEM/.venv/lib/python3.9/site-packages/flask/app.py", line 917, in full_dispatch_request
    rv = self.dispatch_request()
  File "/Users/macbook/Downloads/PPE-DETECTION-SYSTEM/.venv/lib/python3.9/site-packages/flask/app.py", line 891, in dispatch_request
    self.raise_routing_exception(req)
  File "/Users/macbook/Downloads/PPE-DETECTION-SYSTEM/.venv/lib/python3.9/site-packages/flask/app.py", line 500, in raise_routing_exception
    raise request.routing_exception  # type: ignore[misc]
  File "/Users/macbook/Downloads/PPE-DETECTION-SYSTEM/.venv/lib/python3.9/site-packages/flask/ctx.py", line 362, in match_request
    result = self.url_adapter.match(return_rule=True)  # type: ignore
  File "/Users/macbook/Downloads/PPE-DETECTION-SYSTEM/.venv/lib/python3.9/site-packages/werkzeug/routing/map.py", line 629, in match
    raise NotFound() from None
werkzeug.exceptions.NotFound: 404 Not Found: The requested URL was not found on the server. If you entered the URL manually please check your spelling and try again.
2026-05-24 22:57:29 | ERROR | ppe.app | Thread-113 | Unhandled error: 404 Not Found: The requested URL was not found on the server. If you entered the URL manually please check your spelling and try again.
Traceback (most recent call last):
  File "/Users/macbook/Downloads/PPE-DETECTION-SYSTEM/.venv/lib/python3.9/site-packages/flask/app.py", line 917, in full_dispatch_request
    rv = self.dispatch_request()
  File "/Users/macbook/Downloads/PPE-DETECTION-SYSTEM/.venv/lib/python3.9/site-packages/flask/app.py", line 891, in dispatch_request
    self.raise_routing_exception(req)
  File "/Users/macbook/Downloads/PPE-DETECTION-SYSTEM/.venv/lib/python3.9/site-packages/flask/app.py", line 500, in raise_routing_exception
    raise request.routing_exception  # type: ignore[misc]
  File "/Users/macbook/Downloads/PPE-DETECTION-SYSTEM/.venv/lib/python3.9/site-packages/flask/ctx.py", line 362, in match_request
    result = self.url_adapter.match(return_rule=True)  # type: ignore
  File "/Users/macbook/Downloads/PPE-DETECTION-SYSTEM/.venv/lib/python3.9/site-packages/werkzeug/routing/map.py", line 629, in match
    raise NotFound() from None
werkzeug.exceptions.NotFound: 404 Not Found: The requested URL was not found on the server. If you entered the URL manually please check your spelling and try again.
2026-05-24 22:57:38 | INFO | ppe.detector | Thread-116 | Loaded YOLO model from /Users/macbook/Downloads/PPE-DETECTION-SYSTEM/best.pt with classes: {0: 'helmet', 1: 'gloves', 2: 'vest', 3: 'boots', 4: 'goggles', 5: 'none', 6: 'Person', 7: 'no_helmet', 8: 'no_goggle', 9: 'no_gloves', 10: 'no_boots'}
2026-05-24 22:57:39 | ERROR | ppe.app | Thread-128 | Unhandled error: 404 Not Found: The requested URL was not found on the server. If you entered the URL manually please check your spelling and try again.
Traceback (most recent call last):
  File "/Users/macbook/Downloads/PPE-DETECTION-SYSTEM/.venv/lib/python3.9/site-packages/flask/app.py", line 917, in full_dispatch_request
    rv = self.dispatch_request()
  File "/Users/macbook/Downloads/PPE-DETECTION-SYSTEM/.venv/lib/python3.9/site-packages/flask/app.py", line 891, in dispatch_request
    self.raise_routing_exception(req)
  File "/Users/macbook/Downloads/PPE-DETECTION-SYSTEM/.venv/lib/python3.9/site-packages/flask/app.py", line 500, in raise_routing_exception
    raise request.routing_exception  # type: ignore[misc]
  File "/Users/macbook/Downloads/PPE-DETECTION-SYSTEM/.venv/lib/python3.9/site-packages/flask/ctx.py", line 362, in match_request
    result = self.url_adapter.match(return_rule=True)  # type: ignore
  File "/Users/macbook/Downloads/PPE-DETECTION-SYSTEM/.venv/lib/python3.9/site-packages/werkzeug/routing/map.py", line 629, in match
    raise NotFound() from None
werkzeug.exceptions.NotFound: 404 Not Found: The requested URL was not found on the server. If you entered the URL manually please check your spelling and try again.
2026-05-24 22:57:47 | ERROR | ppe.app | Thread-134 | Unhandled error: 404 Not Found: The requested URL was not found on the server. If you entered the URL manually please check your spelling and try again.
Traceback (most recent call last):
  File "/Users/macbook/Downloads/PPE-DETECTION-SYSTEM/.venv/lib/python3.9/site-packages/flask/app.py", line 917, in full_dispatch_request
    rv = self.dispatch_request()
  File "/Users/macbook/Downloads/PPE-DETECTION-SYSTEM/.venv/lib/python3.9/site-packages/flask/app.py", line 891, in dispatch_request
    self.raise_routing_exception(req)
  File "/Users/macbook/Downloads/PPE-DETECTION-SYSTEM/.venv/lib/python3.9/site-packages/flask/app.py", line 500, in raise_routing_exception
    raise request.routing_exception  # type: ignore[misc]
  File "/Users/macbook/Downloads/PPE-DETECTION-SYSTEM/.venv/lib/python3.9/site-packages/flask/ctx.py", line 362, in match_request
    result = self.url_adapter.match(return_rule=True)  # type: ignore
  File "/Users/macbook/Downloads/PPE-DETECTION-SYSTEM/.venv/lib/python3.9/site-packages/werkzeug/routing/map.py", line 629, in match
    raise NotFound() from None
werkzeug.exceptions.NotFound: 404 Not Found: The requested URL was not found on the server. If you entered the URL manually please check your spelling and try again.
2026-05-24 22:57:51 | INFO | ppe.detector | Thread-141 | Loaded YOLO model from /Users/macbook/Downloads/PPE-DETECTION-SYSTEM/best.pt with classes: {0: 'helmet', 1: 'gloves', 2: 'vest', 3: 'boots', 4: 'goggles', 5: 'none', 6: 'Person', 7: 'no_helmet', 8: 'no_goggle', 9: 'no_gloves', 10: 'no_boots'}
2026-05-24 22:57:52 | ERROR | ppe.app | Thread-148 | Unhandled error: 404 Not Found: The requested URL was not found on the server. If you entered the URL manually please check your spelling and try again.
Traceback (most recent call last):
  File "/Users/macbook/Downloads/PPE-DETECTION-SYSTEM/.venv/lib/python3.9/site-packages/flask/app.py", line 917, in full_dispatch_request
    rv = self.dispatch_request()
  File "/Users/macbook/Downloads/PPE-DETECTION-SYSTEM/.venv/lib/python3.9/site-packages/flask/app.py", line 891, in dispatch_request
    self.raise_routing_exception(req)
  File "/Users/macbook/Downloads/PPE-DETECTION-SYSTEM/.venv/lib/python3.9/site-packages/flask/app.py", line 500, in raise_routing_exception
    raise request.routing_exception  # type: ignore[misc]
  File "/Users/macbook/Downloads/PPE-DETECTION-SYSTEM/.venv/lib/python3.9/site-packages/flask/ctx.py", line 362, in match_request
    result = self.url_adapter.match(return_rule=True)  # type: ignore
  File "/Users/macbook/Downloads/PPE-DETECTION-SYSTEM/.venv/lib/python3.9/site-packages/werkzeug/routing/map.py", line 629, in match
    raise NotFound() from None
werkzeug.exceptions.NotFound: 404 Not Found: The requested URL was not found on the server. If you entered the URL manually please check your spelling and try again.
2026-05-24 22:57:57 | ERROR | ppe.app | Thread-158 | Unhandled error: 404 Not Found: The requested URL was not found on the server. If you entered the URL manually please check your spelling and try again.
Traceback (most recent call last):
  File "/Users/macbook/Downloads/PPE-DETECTION-SYSTEM/.venv/lib/python3.9/site-packages/flask/app.py", line 917, in full_dispatch_request
    rv = self.dispatch_request()
  File "/Users/macbook/Downloads/PPE-DETECTION-SYSTEM/.venv/lib/python3.9/site-packages/flask/app.py", line 891, in dispatch_request
    self.raise_routing_exception(req)
  File "/Users/macbook/Downloads/PPE-DETECTION-SYSTEM/.venv/lib/python3.9/site-packages/flask/app.py", line 500, in raise_routing_exception
    raise request.routing_exception  # type: ignore[misc]
  File "/Users/macbook/Downloads/PPE-DETECTION-SYSTEM/.venv/lib/python3.9/site-packages/flask/ctx.py", line 362, in match_request
    result = self.url_adapter.match(return_rule=True)  # type: ignore
  File "/Users/macbook/Downloads/PPE-DETECTION-SYSTEM/.venv/lib/python3.9/site-packages/werkzeug/routing/map.py", line 629, in match
    raise NotFound() from None
werkzeug.exceptions.NotFound: 404 Not Found: The requested URL was not found on the server. If you entered the URL manually please check your spelling and try again.
2026-05-24 22:58:01 | INFO | ppe.detector | Thread-165 | Loaded YOLO model from /Users/macbook/Downloads/PPE-DETECTION-SYSTEM/best.pt with classes: {0: 'helmet', 1: 'gloves', 2: 'vest', 3: 'boots', 4: 'goggles', 5: 'none', 6: 'Person', 7: 'no_helmet', 8: 'no_goggle', 9: 'no_gloves', 10: 'no_boots'}
2026-05-24 22:58:02 | ERROR | ppe.app | Thread-175 | Unhandled error: 404 Not Found: The requested URL was not found on the server. If you entered the URL manually please check your spelling and try again.
Traceback (most recent call last):
  File "/Users/macbook/Downloads/PPE-DETECTION-SYSTEM/.venv/lib/python3.9/site-packages/flask/app.py", line 917, in full_dispatch_request
    rv = self.dispatch_request()
  File "/Users/macbook/Downloads/PPE-DETECTION-SYSTEM/.venv/lib/python3.9/site-packages/flask/app.py", line 891, in dispatch_request
    self.raise_routing_exception(req)
  File "/Users/macbook/Downloads/PPE-DETECTION-SYSTEM/.venv/lib/python3.9/site-packages/flask/app.py", line 500, in raise_routing_exception
    raise request.routing_exception  # type: ignore[misc]
  File "/Users/macbook/Downloads/PPE-DETECTION-SYSTEM/.venv/lib/python3.9/site-packages/flask/ctx.py", line 362, in match_request
    result = self.url_adapter.match(return_rule=True)  # type: ignore
  File "/Users/macbook/Downloads/PPE-DETECTION-SYSTEM/.venv/lib/python3.9/site-packages/werkzeug/routing/map.py", line 629, in match
    raise NotFound() from None
werkzeug.exceptions.NotFound: 404 Not Found: The requested URL was not found on the server. If you entered the URL manually please check your spelling and try again.
2026-05-24 22:58:08 | ERROR | ppe.app | Thread-184 | Unhandled error: 404 Not Found: The requested URL was not found on the server. If you entered the URL manually please check your spelling and try again.
Traceback (most recent call last):
  File "/Users/macbook/Downloads/PPE-DETECTION-SYSTEM/.venv/lib/python3.9/site-packages/flask/app.py", line 917, in full_dispatch_request
    rv = self.dispatch_request()
  File "/Users/macbook/Downloads/PPE-DETECTION-SYSTEM/.venv/lib/python3.9/site-packages/flask/app.py", line 891, in dispatch_request
    self.raise_routing_exception(req)
  File "/Users/macbook/Downloads/PPE-DETECTION-SYSTEM/.venv/lib/python3.9/site-packages/flask/app.py", line 500, in raise_routing_exception
    raise request.routing_exception  # type: ignore[misc]
  File "/Users/macbook/Downloads/PPE-DETECTION-SYSTEM/.venv/lib/python3.9/site-packages/flask/ctx.py", line 362, in match_request
    result = self.url_adapter.match(return_rule=True)  # type: ignore
  File "/Users/macbook/Downloads/PPE-DETECTION-SYSTEM/.venv/lib/python3.9/site-packages/werkzeug/routing/map.py", line 629, in match
    raise NotFound() from None
werkzeug.exceptions.NotFound: 404 Not Found: The requested URL was not found on the server. If you entered the URL manually please check your spelling and try again.
2026-05-24 22:58:10 | ERROR | ppe.app | Thread-199 | Unhandled error: 404 Not Found: The requested URL was not found on the server. If you entered the URL manually please check your spelling and try again.
Traceback (most recent call last):
  File "/Users/macbook/Downloads/PPE-DETECTION-SYSTEM/.venv/lib/python3.9/site-packages/flask/app.py", line 917, in full_dispatch_request
    rv = self.dispatch_request()
  File "/Users/macbook/Downloads/PPE-DETECTION-SYSTEM/.venv/lib/python3.9/site-packages/flask/app.py", line 891, in dispatch_request
    self.raise_routing_exception(req)
  File "/Users/macbook/Downloads/PPE-DETECTION-SYSTEM/.venv/lib/python3.9/site-packages/flask/app.py", line 500, in raise_routing_exception
    raise request.routing_exception  # type: ignore[misc]
  File "/Users/macbook/Downloads/PPE-DETECTION-SYSTEM/.venv/lib/python3.9/site-packages/flask/ctx.py", line 362, in match_request
    result = self.url_adapter.match(return_rule=True)  # type: ignore
  File "/Users/macbook/Downloads/PPE-DETECTION-SYSTEM/.venv/lib/python3.9/site-packages/werkzeug/routing/map.py", line 629, in match
    raise NotFound() from None
werkzeug.exceptions.NotFound: 404 Not Found: The requested URL was not found on the server. If you entered the URL manually please check your spelling and try again.
2026-05-24 22:58:17 | ERROR | ppe.app | Thread-213 | Unhandled error: 404 Not Found: The requested URL was not found on the server. If you entered the URL manually please check your spelling and try again.
Traceback (most recent call last):
  File "/Users/macbook/Downloads/PPE-DETECTION-SYSTEM/.venv/lib/python3.9/site-packages/flask/app.py", line 917, in full_dispatch_request
    rv = self.dispatch_request()
  File "/Users/macbook/Downloads/PPE-DETECTION-SYSTEM/.venv/lib/python3.9/site-packages/flask/app.py", line 891, in dispatch_request
    self.raise_routing_exception(req)
  File "/Users/macbook/Downloads/PPE-DETECTION-SYSTEM/.venv/lib/python3.9/site-packages/flask/app.py", line 500, in raise_routing_exception
    raise request.routing_exception  # type: ignore[misc]
  File "/Users/macbook/Downloads/PPE-DETECTION-SYSTEM/.venv/lib/python3.9/site-packages/flask/ctx.py", line 362, in match_request
    result = self.url_adapter.match(return_rule=True)  # type: ignore
  File "/Users/macbook/Downloads/PPE-DETECTION-SYSTEM/.venv/lib/python3.9/site-packages/werkzeug/routing/map.py", line 629, in match
    raise NotFound() from None
werkzeug.exceptions.NotFound: 404 Not Found: The requested URL was not found on the server. If you entered the URL manually please check your spelling and try again.
2026-05-24 22:58:20 | ERROR | ppe.app | Thread-231 | Unhandled error: 404 Not Found: The requested URL was not found on the server. If you entered the URL manually please check your spelling and try again.
Traceback (most recent call last):
  File "/Users/macbook/Downloads/PPE-DETECTION-SYSTEM/.venv/lib/python3.9/site-packages/flask/app.py", line 917, in full_dispatch_request
    rv = self.dispatch_request()
  File "/Users/macbook/Downloads/PPE-DETECTION-SYSTEM/.venv/lib/python3.9/site-packages/flask/app.py", line 891, in dispatch_request
    self.raise_routing_exception(req)
  File "/Users/macbook/Downloads/PPE-DETECTION-SYSTEM/.venv/lib/python3.9/site-packages/flask/app.py", line 500, in raise_routing_exception
    raise request.routing_exception  # type: ignore[misc]
  File "/Users/macbook/Downloads/PPE-DETECTION-SYSTEM/.venv/lib/python3.9/site-packages/flask/ctx.py", line 362, in match_request
    result = self.url_adapter.match(return_rule=True)  # type: ignore
  File "/Users/macbook/Downloads/PPE-DETECTION-SYSTEM/.venv/lib/python3.9/site-packages/werkzeug/routing/map.py", line 629, in match
    raise NotFound() from None
werkzeug.exceptions.NotFound: 404 Not Found: The requested URL was not found on the server. If you entered the URL manually please check your spelling and try again.
2026-05-24 22:58:23 | ERROR | ppe.app | Thread-246 | Unhandled error: 404 Not Found: The requested URL was not found on the server. If you entered the URL manually please check your spelling and try again.
Traceback (most recent call last):
  File "/Users/macbook/Downloads/PPE-DETECTION-SYSTEM/.venv/lib/python3.9/site-packages/flask/app.py", line 917, in full_dispatch_request
    rv = self.dispatch_request()
  File "/Users/macbook/Downloads/PPE-DETECTION-SYSTEM/.venv/lib/python3.9/site-packages/flask/app.py", line 891, in dispatch_request
    self.raise_routing_exception(req)
  File "/Users/macbook/Downloads/PPE-DETECTION-SYSTEM/.venv/lib/python3.9/site-packages/flask/app.py", line 500, in raise_routing_exception
    raise request.routing_exception  # type: ignore[misc]
  File "/Users/macbook/Downloads/PPE-DETECTION-SYSTEM/.venv/lib/python3.9/site-packages/flask/ctx.py", line 362, in match_request
    result = self.url_adapter.match(return_rule=True)  # type: ignore
  File "/Users/macbook/Downloads/PPE-DETECTION-SYSTEM/.venv/lib/python3.9/site-packages/werkzeug/routing/map.py", line 629, in match
    raise NotFound() from None
werkzeug.exceptions.NotFound: 404 Not Found: The requested URL was not found on the server. If you entered the URL manually please check your spelling and try again.
2026-05-24 22:58:23 | ERROR | ppe.app | Thread-260 | Unhandled error: 404 Not Found: The requested URL was not found on the server. If you entered the URL manually please check your spelling and try again.
Traceback (most recent call last):
  File "/Users/macbook/Downloads/PPE-DETECTION-SYSTEM/.venv/lib/python3.9/site-packages/flask/app.py", line 917, in full_dispatch_request
    rv = self.dispatch_request()
  File "/Users/macbook/Downloads/PPE-DETECTION-SYSTEM/.venv/lib/python3.9/site-packages/flask/app.py", line 891, in dispatch_request
    self.raise_routing_exception(req)
  File "/Users/macbook/Downloads/PPE-DETECTION-SYSTEM/.venv/lib/python3.9/site-packages/flask/app.py", line 500, in raise_routing_exception
    raise request.routing_exception  # type: ignore[misc]
  File "/Users/macbook/Downloads/PPE-DETECTION-SYSTEM/.venv/lib/python3.9/site-packages/flask/ctx.py", line 362, in match_request
    result = self.url_adapter.match(return_rule=True)  # type: ignore
  File "/Users/macbook/Downloads/PPE-DETECTION-SYSTEM/.venv/lib/python3.9/site-packages/werkzeug/routing/map.py", line 629, in match
    raise NotFound() from None
werkzeug.exceptions.NotFound: 404 Not Found: The requested URL was not found on the server. If you entered the URL manually please check your spelling and try again.
2026-05-24 22:58:26 | ERROR | ppe.app | Thread-274 | Unhandled error: 404 Not Found: The requested URL was not found on the server. If you entered the URL manually please check your spelling and try again.
Traceback (most recent call last):
  File "/Users/macbook/Downloads/PPE-DETECTION-SYSTEM/.venv/lib/python3.9/site-packages/flask/app.py", line 917, in full_dispatch_request
    rv = self.dispatch_request()
  File "/Users/macbook/Downloads/PPE-DETECTION-SYSTEM/.venv/lib/python3.9/site-packages/flask/app.py", line 891, in dispatch_request
    self.raise_routing_exception(req)
  File "/Users/macbook/Downloads/PPE-DETECTION-SYSTEM/.venv/lib/python3.9/site-packages/flask/app.py", line 500, in raise_routing_exception
    raise request.routing_exception  # type: ignore[misc]
  File "/Users/macbook/Downloads/PPE-DETECTION-SYSTEM/.venv/lib/python3.9/site-packages/flask/ctx.py", line 362, in match_request
    result = self.url_adapter.match(return_rule=True)  # type: ignore
  File "/Users/macbook/Downloads/PPE-DETECTION-SYSTEM/.venv/lib/python3.9/site-packages/werkzeug/routing/map.py", line 629, in match
    raise NotFound() from None
werkzeug.exceptions.NotFound: 404 Not Found: The requested URL was not found on the server. If you entered the URL manually please check your spelling and try again.
2026-05-24 22:59:30 | ERROR | ppe.app | Thread-286 | Unhandled error: 404 Not Found: The requested URL was not found on the server. If you entered the URL manually please check your spelling and try again.
Traceback (most recent call last):
  File "/Users/macbook/Downloads/PPE-DETECTION-SYSTEM/.venv/lib/python3.9/site-packages/flask/app.py", line 917, in full_dispatch_request
    rv = self.dispatch_request()
  File "/Users/macbook/Downloads/PPE-DETECTION-SYSTEM/.venv/lib/python3.9/site-packages/flask/app.py", line 891, in dispatch_request
    self.raise_routing_exception(req)
  File "/Users/macbook/Downloads/PPE-DETECTION-SYSTEM/.venv/lib/python3.9/site-packages/flask/app.py", line 500, in raise_routing_exception
    raise request.routing_exception  # type: ignore[misc]
  File "/Users/macbook/Downloads/PPE-DETECTION-SYSTEM/.venv/lib/python3.9/site-packages/flask/ctx.py", line 362, in match_request
    result = self.url_adapter.match(return_rule=True)  # type: ignore
  File "/Users/macbook/Downloads/PPE-DETECTION-SYSTEM/.venv/lib/python3.9/site-packages/werkzeug/routing/map.py", line 629, in match
    raise NotFound() from None
werkzeug.exceptions.NotFound: 404 Not Found: The requested URL was not found on the server. If you entered the URL manually please check your spelling and try again.
2026-05-24 22:59:32 | ERROR | ppe.app | Thread-302 | Unhandled error: 404 Not Found: The requested URL was not found on the server. If you entered the URL manually please check your spelling and try again.
Traceback (most recent call last):
  File "/Users/macbook/Downloads/PPE-DETECTION-SYSTEM/.venv/lib/python3.9/site-packages/flask/app.py", line 917, in full_dispatch_request
    rv = self.dispatch_request()
  File "/Users/macbook/Downloads/PPE-DETECTION-SYSTEM/.venv/lib/python3.9/site-packages/flask/app.py", line 891, in dispatch_request
    self.raise_routing_exception(req)
  File "/Users/macbook/Downloads/PPE-DETECTION-SYSTEM/.venv/lib/python3.9/site-packages/flask/app.py", line 500, in raise_routing_exception
    raise request.routing_exception  # type: ignore[misc]
  File "/Users/macbook/Downloads/PPE-DETECTION-SYSTEM/.venv/lib/python3.9/site-packages/flask/ctx.py", line 362, in match_request
    result = self.url_adapter.match(return_rule=True)  # type: ignore
  File "/Users/macbook/Downloads/PPE-DETECTION-SYSTEM/.venv/lib/python3.9/site-packages/werkzeug/routing/map.py", line 629, in match
    raise NotFound() from None
werkzeug.exceptions.NotFound: 404 Not Found: The requested URL was not found on the server. If you entered the URL manually please check your spelling and try again.
2026-05-24 22:59:39 | ERROR | ppe.app | Thread-318 | Unhandled error: 404 Not Found: The requested URL was not found on the server. If you entered the URL manually please check your spelling and try again.
Traceback (most recent call last):
  File "/Users/macbook/Downloads/PPE-DETECTION-SYSTEM/.venv/lib/python3.9/site-packages/flask/app.py", line 917, in full_dispatch_request
    rv = self.dispatch_request()
  File "/Users/macbook/Downloads/PPE-DETECTION-SYSTEM/.venv/lib/python3.9/site-packages/flask/app.py", line 891, in dispatch_request
    self.raise_routing_exception(req)
  File "/Users/macbook/Downloads/PPE-DETECTION-SYSTEM/.venv/lib/python3.9/site-packages/flask/app.py", line 500, in raise_routing_exception
    raise request.routing_exception  # type: ignore[misc]
  File "/Users/macbook/Downloads/PPE-DETECTION-SYSTEM/.venv/lib/python3.9/site-packages/flask/ctx.py", line 362, in match_request
    result = self.url_adapter.match(return_rule=True)  # type: ignore
  File "/Users/macbook/Downloads/PPE-DETECTION-SYSTEM/.venv/lib/python3.9/site-packages/werkzeug/routing/map.py", line 629, in match
    raise NotFound() from None
werkzeug.exceptions.NotFound: 404 Not Found: The requested URL was not found on the server. If you entered the URL manually please check your spelling and try again.
2026-05-24 23:00:14 | ERROR | ppe.app | Thread-333 | Unhandled error: 404 Not Found: The requested URL was not found on the server. If you entered the URL manually please check your spelling and try again.
Traceback (most recent call last):
  File "/Users/macbook/Downloads/PPE-DETECTION-SYSTEM/.venv/lib/python3.9/site-packages/flask/app.py", line 917, in full_dispatch_request
    rv = self.dispatch_request()
  File "/Users/macbook/Downloads/PPE-DETECTION-SYSTEM/.venv/lib/python3.9/site-packages/flask/app.py", line 891, in dispatch_request
    self.raise_routing_exception(req)
  File "/Users/macbook/Downloads/PPE-DETECTION-SYSTEM/.venv/lib/python3.9/site-packages/flask/app.py", line 500, in raise_routing_exception
    raise request.routing_exception  # type: ignore[misc]
  File "/Users/macbook/Downloads/PPE-DETECTION-SYSTEM/.venv/lib/python3.9/site-packages/flask/ctx.py", line 362, in match_request
    result = self.url_adapter.match(return_rule=True)  # type: ignore
  File "/Users/macbook/Downloads/PPE-DETECTION-SYSTEM/.venv/lib/python3.9/site-packages/werkzeug/routing/map.py", line 629, in match
    raise NotFound() from None
werkzeug.exceptions.NotFound: 404 Not Found: The requested URL was not found on the server. If you entered the URL manually please check your spelling and try again.
2026-05-25 10:40:36 | INFO | ppe.database | MainThread | Database initialized at /Users/macbook/Downloads/PPE-DETECTION-SYSTEM/ppe.db
2026-05-25 10:40:42 | ERROR | ppe.app | Thread-28 | Unhandled error: 404 Not Found: The requested URL was not found on the server. If you entered the URL manually please check your spelling and try again.
Traceback (most recent call last):
  File "/Users/macbook/Downloads/PPE-DETECTION-SYSTEM/.venv/lib/python3.9/site-packages/flask/app.py", line 917, in full_dispatch_request
    rv = self.dispatch_request()
  File "/Users/macbook/Downloads/PPE-DETECTION-SYSTEM/.venv/lib/python3.9/site-packages/flask/app.py", line 891, in dispatch_request
    self.raise_routing_exception(req)
  File "/Users/macbook/Downloads/PPE-DETECTION-SYSTEM/.venv/lib/python3.9/site-packages/flask/app.py", line 500, in raise_routing_exception
    raise request.routing_exception  # type: ignore[misc]
  File "/Users/macbook/Downloads/PPE-DETECTION-SYSTEM/.venv/lib/python3.9/site-packages/flask/ctx.py", line 362, in match_request
    result = self.url_adapter.match(return_rule=True)  # type: ignore
  File "/Users/macbook/Downloads/PPE-DETECTION-SYSTEM/.venv/lib/python3.9/site-packages/werkzeug/routing/map.py", line 629, in match
    raise NotFound() from None
werkzeug.exceptions.NotFound: 404 Not Found: The requested URL was not found on the server. If you entered the URL manually please check your spelling and try again.
2026-05-25 10:40:46 | ERROR | ppe.app | Thread-38 | Unhandled error: 404 Not Found: The requested URL was not found on the server. If you entered the URL manually please check your spelling and try again.
Traceback (most recent call last):
  File "/Users/macbook/Downloads/PPE-DETECTION-SYSTEM/.venv/lib/python3.9/site-packages/flask/app.py", line 917, in full_dispatch_request
    rv = self.dispatch_request()
  File "/Users/macbook/Downloads/PPE-DETECTION-SYSTEM/.venv/lib/python3.9/site-packages/flask/app.py", line 891, in dispatch_request
    self.raise_routing_exception(req)
  File "/Users/macbook/Downloads/PPE-DETECTION-SYSTEM/.venv/lib/python3.9/site-packages/flask/app.py", line 500, in raise_routing_exception
    raise request.routing_exception  # type: ignore[misc]
  File "/Users/macbook/Downloads/PPE-DETECTION-SYSTEM/.venv/lib/python3.9/site-packages/flask/ctx.py", line 362, in match_request
    result = self.url_adapter.match(return_rule=True)  # type: ignore
  File "/Users/macbook/Downloads/PPE-DETECTION-SYSTEM/.venv/lib/python3.9/site-packages/werkzeug/routing/map.py", line 629, in match
    raise NotFound() from None
werkzeug.exceptions.NotFound: 404 Not Found: The requested URL was not found on the server. If you entered the URL manually please check your spelling and try again.
2026-05-25 10:41:45 | ERROR | ppe.app | Thread-57 | Unhandled error: 404 Not Found: The requested URL was not found on the server. If you entered the URL manually please check your spelling and try again.
Traceback (most recent call last):
  File "/Users/macbook/Downloads/PPE-DETECTION-SYSTEM/.venv/lib/python3.9/site-packages/flask/app.py", line 917, in full_dispatch_request
    rv = self.dispatch_request()
  File "/Users/macbook/Downloads/PPE-DETECTION-SYSTEM/.venv/lib/python3.9/site-packages/flask/app.py", line 891, in dispatch_request
    self.raise_routing_exception(req)
  File "/Users/macbook/Downloads/PPE-DETECTION-SYSTEM/.venv/lib/python3.9/site-packages/flask/app.py", line 500, in raise_routing_exception
    raise request.routing_exception  # type: ignore[misc]
  File "/Users/macbook/Downloads/PPE-DETECTION-SYSTEM/.venv/lib/python3.9/site-packages/flask/ctx.py", line 362, in match_request
    result = self.url_adapter.match(return_rule=True)  # type: ignore
  File "/Users/macbook/Downloads/PPE-DETECTION-SYSTEM/.venv/lib/python3.9/site-packages/werkzeug/routing/map.py", line 629, in match
    raise NotFound() from None
werkzeug.exceptions.NotFound: 404 Not Found: The requested URL was not found on the server. If you entered the URL manually please check your spelling and try again.
2026-05-25 10:41:53 | ERROR | ppe.app | Thread-67 | Unhandled error: 404 Not Found: The requested URL was not found on the server. If you entered the URL manually please check your spelling and try again.
Traceback (most recent call last):
  File "/Users/macbook/Downloads/PPE-DETECTION-SYSTEM/.venv/lib/python3.9/site-packages/flask/app.py", line 917, in full_dispatch_request
    rv = self.dispatch_request()
  File "/Users/macbook/Downloads/PPE-DETECTION-SYSTEM/.venv/lib/python3.9/site-packages/flask/app.py", line 891, in dispatch_request
    self.raise_routing_exception(req)
  File "/Users/macbook/Downloads/PPE-DETECTION-SYSTEM/.venv/lib/python3.9/site-packages/flask/app.py", line 500, in raise_routing_exception
    raise request.routing_exception  # type: ignore[misc]
  File "/Users/macbook/Downloads/PPE-DETECTION-SYSTEM/.venv/lib/python3.9/site-packages/flask/ctx.py", line 362, in match_request
    result = self.url_adapter.match(return_rule=True)  # type: ignore
  File "/Users/macbook/Downloads/PPE-DETECTION-SYSTEM/.venv/lib/python3.9/site-packages/werkzeug/routing/map.py", line 629, in match
    raise NotFound() from None
werkzeug.exceptions.NotFound: 404 Not Found: The requested URL was not found on the server. If you entered the URL manually please check your spelling and try again.
2026-05-25 10:42:01 | ERROR | ppe.app | Thread-80 | Unhandled error: 404 Not Found: The requested URL was not found on the server. If you entered the URL manually please check your spelling and try again.
Traceback (most recent call last):
  File "/Users/macbook/Downloads/PPE-DETECTION-SYSTEM/.venv/lib/python3.9/site-packages/flask/app.py", line 917, in full_dispatch_request
    rv = self.dispatch_request()
  File "/Users/macbook/Downloads/PPE-DETECTION-SYSTEM/.venv/lib/python3.9/site-packages/flask/app.py", line 891, in dispatch_request
    self.raise_routing_exception(req)
  File "/Users/macbook/Downloads/PPE-DETECTION-SYSTEM/.venv/lib/python3.9/site-packages/flask/app.py", line 500, in raise_routing_exception
    raise request.routing_exception  # type: ignore[misc]
  File "/Users/macbook/Downloads/PPE-DETECTION-SYSTEM/.venv/lib/python3.9/site-packages/flask/ctx.py", line 362, in match_request
    result = self.url_adapter.match(return_rule=True)  # type: ignore
  File "/Users/macbook/Downloads/PPE-DETECTION-SYSTEM/.venv/lib/python3.9/site-packages/werkzeug/routing/map.py", line 629, in match
    raise NotFound() from None
werkzeug.exceptions.NotFound: 404 Not Found: The requested URL was not found on the server. If you entered the URL manually please check your spelling and try again.
2026-05-25 10:42:05 | ERROR | ppe.app | Thread-96 | Unhandled error: 404 Not Found: The requested URL was not found on the server. If you entered the URL manually please check your spelling and try again.
Traceback (most recent call last):
  File "/Users/macbook/Downloads/PPE-DETECTION-SYSTEM/.venv/lib/python3.9/site-packages/flask/app.py", line 917, in full_dispatch_request
    rv = self.dispatch_request()
  File "/Users/macbook/Downloads/PPE-DETECTION-SYSTEM/.venv/lib/python3.9/site-packages/flask/app.py", line 891, in dispatch_request
    self.raise_routing_exception(req)
  File "/Users/macbook/Downloads/PPE-DETECTION-SYSTEM/.venv/lib/python3.9/site-packages/flask/app.py", line 500, in raise_routing_exception
    raise request.routing_exception  # type: ignore[misc]
  File "/Users/macbook/Downloads/PPE-DETECTION-SYSTEM/.venv/lib/python3.9/site-packages/flask/ctx.py", line 362, in match_request
    result = self.url_adapter.match(return_rule=True)  # type: ignore
  File "/Users/macbook/Downloads/PPE-DETECTION-SYSTEM/.venv/lib/python3.9/site-packages/werkzeug/routing/map.py", line 629, in match
    raise NotFound() from None
werkzeug.exceptions.NotFound: 404 Not Found: The requested URL was not found on the server. If you entered the URL manually please check your spelling and try again.
